as_of,kind,change_type,title,field,before,after,source,detail
2026-08-26,product,added,A Tiny Wander,presence,,added,wikidata,New product entered the live dataset
2026-08-26,product,added,Aeterna Lucis,presence,,added,wikidata,New product entered the live dataset
2026-08-26,product,added,Alzara: Radiant Echoes,presence,,added,wikidata,New product entered the live dataset
2026-08-26,product,added,Animal Use Protocol,presence,,added,wikidata,New product entered the live dataset
2026-08-26,product,added,Blind Descent,presence,,added,wikidata,New product entered the live dataset
2026-08-26,product,added,Bogdan's Cross,presence,,added,wikidata,New product entered the live dataset
2026-08-26,product,added,Bokosuka Wars II,presence,,added,wikidata,New product entered the live dataset
2026-08-26,product,added,Castaway Diary: Portal to the Unknown Isles,presence,,added,wikidata,New product entered the live dataset
2026-08-26,product,added,Castle Come,presence,,added,wikidata,New product entered the live dataset
2026-08-26,product,added,Control: Ultimate Edition,presence,,added,wikidata,New product entered the live dataset
2026-08-26,product,added,Cosmo Tales,presence,,added,wikidata,New product entered the live dataset
2026-08-26,product,added,Crystals of Irm,presence,,added,wikidata,New product entered the live dataset
2026-08-26,product,added,Destiny Code,presence,,added,wikidata,New product entered the live dataset
2026-08-26,product,added,Do Not Play,presence,,added,wikidata,New product entered the live dataset
2026-08-26,product,added,Don't Kill Them All,presence,,added,wikidata,New product entered the live dataset
2026-08-26,product,added,DriveCrazy,presence,,added,wikidata,New product entered the live dataset
2026-08-26,product,added,EDEN.schemata();,presence,,added,wikidata,New product entered the live dataset
2026-08-26,product,added,Ember & Blade,presence,,added,wikidata,New product entered the live dataset
2026-08-26,product,added,Endurance Motorsport Series,presence,,added,wikidata,New product entered the live dataset
2026-08-26,product,added,Fate/EXTRA Record,presence,,added,wikidata,New product entered the live dataset
2026-08-26,product,added,Final Formation,presence,,added,wikidata,New product entered the live dataset
2026-08-26,product,added,Forge of the Fae,presence,,added,wikidata,New product entered the live dataset
2026-08-26,product,added,Frostrail,presence,,added,wikidata,New product entered the live dataset
2026-08-26,product,added,GrimKeep,presence,,added,wikidata,New product entered the live dataset
2026-08-26,product,added,Haruka: Beyond the Stars,presence,,added,wikidata,New product entered the live dataset
2026-08-26,product,added,Hell of an Office,presence,,added,wikidata,New product entered the live dataset
2026-08-26,product,added,Hunting Simulator 3,presence,,added,wikidata,New product entered the live dataset
2026-08-26,product,added,Ikuma: The Frozen Compass,presence,,added,wikidata,New product entered the live dataset
2026-08-26,product,added,Junxions,presence,,added,wikidata,New product entered the live dataset
2026-08-26,product,added,Light Odyssey,presence,,added,wikidata,New product entered the live dataset
2026-08-26,product,added,Lost Hellden,presence,,added,wikidata,New product entered the live dataset
2026-08-26,product,added,Marvel 1943: Rise of Hydra,presence,,added,wikidata,New product entered the live dataset
2026-08-26,product,added,Mightreya,presence,,added,wikidata,New product entered the live dataset
2026-08-26,product,added,Mononoke no Kuni,presence,,added,wikidata,New product entered the live dataset
2026-08-26,product,added,Nocturnal II,presence,,added,wikidata,New product entered the live dataset
2026-08-26,product,added,Paranormal Activity: Found Footage,presence,,added,wikidata,New product entered the live dataset
2026-08-26,product,added,Pararecords,presence,,added,wikidata,New product entered the live dataset
2026-08-26,product,added,Professor Layton and the New World of Steam,presence,,added,wikidata,New product entered the live dataset
2026-08-26,product,added,Prolegomena To a Hyperdimensional Interface That Will Be Able to Manifest From Three-Minute Interchanges,presence,,added,wikidata,New product entered the live dataset
2026-08-26,product,added,Rain98,presence,,added,wikidata,New product entered the live dataset
2026-08-26,product,added,Re:Ver Project: Tokyo,presence,,added,wikidata,New product entered the live dataset
2026-08-26,product,added,"Reggie, His Cousin, Two Scientists and Most Likely the End of the World",presence,,added,wikidata,New product entered the live dataset
2026-08-26,product,added,SacriFire,presence,,added,wikidata,New product entered the live dataset
2026-08-26,product,added,Sea of Sorrow,presence,,added,wikidata,New product entered the live dataset
2026-08-26,product,added,Serial World,presence,,added,wikidata,New product entered the live dataset
2026-08-26,product,added,Shadow of the Road,presence,,added,wikidata,New product entered the live dataset
2026-08-26,product,added,Sigma Star Saga,presence,,added,wikidata,New product entered the live dataset
2026-08-26,product,added,Silent Planet,presence,,added,wikidata,New product entered the live dataset
2026-08-26,product,added,Skyblivion,presence,,added,wikidata,New product entered the live dataset
2026-08-26,product,added,Starfinder: Afterlight,presence,,added,wikidata,New product entered the live dataset
2026-08-26,product,added,Steampunk Shinobi,presence,,added,wikidata,New product entered the live dataset
2026-08-26,product,added,Sunkissed City,presence,,added,wikidata,New product entered the live dataset
2026-08-26,product,added,Tanuki: Pon's Summer,presence,,added,wikidata,New product entered the live dataset
2026-08-26,product,added,Tenet of the Spark,presence,,added,wikidata,New product entered the live dataset
2026-08-26,product,added,Tomo: Endless Blue,presence,,added,wikidata,New product entered the live dataset
2026-08-26,product,added,Ultra Mushroom,presence,,added,wikidata,New product entered the live dataset
2026-08-26,product,added,Valkyrie of Phantasm,presence,,added,wikidata,New product entered the live dataset
2026-08-26,product,added,Wolfhound,presence,,added,wikidata,New product entered the live dataset
2026-08-26,product,added,Zaleste,presence,,added,wikidata,New product entered the live dataset
2026-08-26,product,added,SpongeBob: Krusty Cook-Off,presence,,added,wikidata,New product entered the live dataset
2026-08-26,product,added,Tomba! Special Edition,presence,,added,wikidata,New product entered the live dataset
2026-08-26,product,added,Fairy Tail: Dungeons,presence,,added,wikidata,New product entered the live dataset
2026-08-26,product,added,I Am Future,presence,,added,wikidata,New product entered the live dataset
2026-08-26,product,added,The Brew Barons,presence,,added,wikidata,New product entered the live dataset
2026-08-26,product,added,Hytale,presence,,added,wikidata,New product entered the live dataset
2026-08-26,product,added,Temirana: The Lucky Princess and the Tragic Knights,presence,,added,wikidata,New product entered the live dataset
2026-08-26,product,added,Animal Crossing: New Horizons,presence,,added,wikidata,New product entered the live dataset
2026-08-26,product,added,The Legend of Heroes: Trails Beyond the Horizon,presence,,added,wikidata,New product entered the live dataset
2026-08-26,product,added,Mio: Memories in Orbit,presence,,added,wikidata,New product entered the live dataset
2026-08-26,product,added,Arknights: Endfield,presence,,added,wikidata,New product entered the live dataset
2026-08-26,product,added,"Dwarves: Glory, Death and Loot",presence,,added,wikidata,New product entered the live dataset
2026-08-26,product,added,Dynasty Warriors: Origins,presence,,added,wikidata,New product entered the live dataset
2026-08-26,product,added,The Rumble Fish 2,presence,,added,wikidata,New product entered the live dataset
2026-08-26,product,added,Fighting Force Collection,presence,,added,wikidata,New product entered the live dataset
2026-08-26,product,added,Speedball,presence,,added,wikidata,New product entered the live dataset
2026-08-26,product,added,Steel Century Groove,presence,,added,wikidata,New product entered the live dataset
2026-08-26,product,added,City Tales: Medieval Era,presence,,added,wikidata,New product entered the live dataset
2026-08-26,product,added,"Don’t Stop, Girlypop!",presence,,added,wikidata,New product entered the live dataset
2026-08-26,product,added,Dusk Index: Gion,presence,,added,wikidata,New product entered the live dataset
2026-08-26,product,added,Project: Gorgon,presence,,added,wikidata,New product entered the live dataset
2026-08-26,product,added,Front Mission 3: Remake,presence,,added,wikidata,New product entered the live dataset
2026-08-26,product,added,Jimmy and the Pulsating Mass,presence,,added,wikidata,New product entered the live dataset
2026-08-26,product,added,Lovish,presence,,added,wikidata,New product entered the live dataset
2026-08-26,product,added,PUBG: BLINDSPOT,presence,,added,wikidata,New product entered the live dataset
2026-08-26,product,added,JDM: Japanese Drift Master,presence,,added,wikidata,New product entered the live dataset
2026-08-26,product,added,Primal Carnage: Evolution,presence,,added,wikidata,New product entered the live dataset
2026-08-26,product,added,Shadows of the Afterland,presence,,added,wikidata,New product entered the live dataset
2026-08-26,product,added,Fantasista Asuka,presence,,added,wikidata,New product entered the live dataset
2026-08-26,product,added,Kingdom Come: Deliverance,presence,,added,wikidata,New product entered the live dataset
2026-08-26,product,added,Caves of Qud,presence,,added,wikidata,New product entered the live dataset
2026-08-26,product,added,Earnest Evans Collection,presence,,added,wikidata,New product entered the live dataset
2026-08-26,product,added,Soulslinger: Envoy of Death,presence,,added,wikidata,New product entered the live dataset
2026-08-26,product,added,PC Building Simulator 2,presence,,added,wikidata,New product entered the live dataset
2026-08-26,product,added,The Fox's Way Home,presence,,added,wikidata,New product entered the live dataset
2026-08-26,product,added,Japanese Rural Life Adventure,presence,,added,wikidata,New product entered the live dataset
2026-08-26,product,added,Never Grave: The Witch and The Curse,presence,,added,wikidata,New product entered the live dataset
2026-08-26,product,added,Methods: The Canada Files,presence,,added,wikidata,New product entered the live dataset
2026-08-26,product,added,Peregrino,presence,,added,wikidata,New product entered the live dataset
2026-08-26,product,added,Piece by Piece,presence,,added,wikidata,New product entered the live dataset
2026-08-26,product,added,The Liar Princess and the Blind Prince,presence,,added,wikidata,New product entered the live dataset
2026-08-26,product,added,Yomawari: Lost in the Dark,presence,,added,wikidata,New product entered the live dataset
2026-08-26,product,added,Pode,presence,,added,wikidata,New product entered the live dataset
2026-08-26,product,added,Rustil: Eternal Labyrinth Castle,presence,,added,wikidata,New product entered the live dataset
2026-08-26,product,added,Tower Tag,presence,,added,wikidata,New product entered the live dataset
2026-08-26,product,added,Shadow Tactics: Blades of the Shogun,presence,,added,wikidata,New product entered the live dataset
2026-08-26,product,added,Dragonkin: The Banished,presence,,added,wikidata,New product entered the live dataset
2026-08-26,product,added,The Coin Game,presence,,added,wikidata,New product entered the live dataset
2026-08-26,product,added,The Little Tomb: The Maholova Club and the Search for a Dead Body,presence,,added,wikidata,New product entered the live dataset
2026-08-26,product,added,Mado Monogatari: Fia and the Wondrous Academy,presence,,added,wikidata,New product entered the live dataset
2026-08-26,product,added,Tales of the Shire: A The Lord of the Rings Game,presence,,added,wikidata,New product entered the live dataset
2026-08-26,product,added,Shinonome Abyss: The Maiden Exorcist,presence,,added,wikidata,New product entered the live dataset
2026-08-26,product,added,The Fifth Family,presence,,added,wikidata,New product entered the live dataset
2026-08-26,product,added,Homura: The Crimson Warriors,presence,,added,wikidata,New product entered the live dataset
2026-08-26,product,added,Lilac,presence,,added,wikidata,New product entered the live dataset
2026-08-26,product,added,Castle of Shikigami III,presence,,added,wikidata,New product entered the live dataset
2026-08-26,product,added,The Weeping Swan: Ten Days of the City's Fall,presence,,added,wikidata,New product entered the live dataset
2026-08-26,product,added,The New Denpa Men,presence,,added,wikidata,New product entered the live dataset
2026-08-26,product,added,Faith: The Unholy Trinity,presence,,added,wikidata,New product entered the live dataset
2026-08-26,product,added,Memories Off Sōsō: Break out of my shell,presence,,added,wikidata,New product entered the live dataset
2026-08-26,product,added,Skautfold: Moonless Knight,presence,,added,wikidata,New product entered the live dataset
2026-08-26,product,added,Calamity Angels: Special Delivery,presence,,added,wikidata,New product entered the live dataset
2026-08-26,product,added,Mongil: Star Dive,presence,,added,wikidata,New product entered the live dataset
2026-08-26,product,added,Ereban: Shadow Legacy,presence,,added,wikidata,New product entered the live dataset
2026-08-26,product,added,OPUS: Prism Peak,presence,,added,wikidata,New product entered the live dataset
2026-08-26,product,added,Smash It Wild,presence,,added,wikidata,New product entered the live dataset
2026-08-26,product,added,Task Time,presence,,added,wikidata,New product entered the live dataset
2026-08-26,product,added,Causal Loop,presence,,added,wikidata,New product entered the live dataset
2026-08-26,product,added,Anemoi,presence,,added,wikidata,New product entered the live dataset
2026-08-26,product,added,Mahou Arms,presence,,added,wikidata,New product entered the live dataset
2026-08-26,product,added,Snail's Knock Out,presence,,added,wikidata,New product entered the live dataset
2026-08-26,product,added,Spy Drops,presence,,added,wikidata,New product entered the live dataset
2026-08-26,product,added,Neverness to Everness,presence,,added,wikidata,New product entered the live dataset
2026-08-26,product,added,Amnesia: Rebirth,presence,,added,wikidata,New product entered the live dataset
2026-08-26,product,added,Dear Mirror Flower,presence,,added,wikidata,New product entered the live dataset
2026-08-26,product,added,Heroes of Might and Magic: Olden Era,presence,,added,wikidata,New product entered the live dataset
2026-08-26,product,added,Prius Online,presence,,added,wikidata,New product entered the live dataset
2026-08-26,product,added,Withering Realms,presence,,added,wikidata,New product entered the live dataset
2026-08-26,product,added,Axe Cop,presence,,added,wikidata,New product entered the live dataset
2026-08-26,product,added,Haneda Girl,presence,,added,wikidata,New product entered the live dataset
2026-08-26,product,added,Corebreaker,presence,,added,wikidata,New product entered the live dataset
2026-08-26,product,added,Nitro Gen Omega,presence,,added,wikidata,New product entered the live dataset
2026-08-26,product,added,Smalland: Survive the Wilds,presence,,added,wikidata,New product entered the live dataset
2026-08-26,product,added,Corsairs: Battle of the Caribbean,presence,,added,wikidata,New product entered the live dataset
2026-08-26,product,added,Gravelord,presence,,added,wikidata,New product entered the live dataset
2026-08-26,product,added,"Warhammer 40,000: Mechanicus II",presence,,added,wikidata,New product entered the live dataset
2026-08-26,product,added,"Warhammer 40,000: Speed Freeks",presence,,added,wikidata,New product entered the live dataset
2026-08-26,product,added,Birushana: Winds of Fate,presence,,added,wikidata,New product entered the live dataset
2026-08-26,product,added,Age of Empires II: Definitive Edition,presence,,added,wikidata,New product entered the live dataset
2026-08-26,product,added,Tetris the Grandmaster 4: Absolute Eye,presence,,added,wikidata,New product entered the live dataset
2026-08-26,product,added,Gothic Remake,presence,,added,wikidata,New product entered the live dataset
2026-08-26,product,added,Atelier Yumia: The Alchemist of Memories & the Envisioned Land,presence,,added,wikidata,New product entered the live dataset
2026-08-26,product,added,Starseeker: Astroneer Expeditions,presence,,added,wikidata,New product entered the live dataset
2026-08-26,product,added,Unrailed! 2: Back on Track,presence,,added,wikidata,New product entered the live dataset
2026-08-26,product,added,Demeo x Dungeons & Dragons: Battlemarked,presence,,added,wikidata,New product entered the live dataset
2026-08-26,product,added,UsoNatsu,presence,,added,wikidata,New product entered the live dataset
2026-08-26,product,added,and Roger,presence,,added,wikidata,New product entered the live dataset
2026-08-26,product,added,Citizen Sleeper 2: Starward Vector,presence,,added,wikidata,New product entered the live dataset
2026-08-26,product,added,My Merry May with be,presence,,added,wikidata,New product entered the live dataset
2026-08-26,product,added,Saeko: Giantess Dating Sim,presence,,added,wikidata,New product entered the live dataset
2026-08-26,product,added,Deathbulge: Battle of the Bands,presence,,added,wikidata,New product entered the live dataset
2026-08-26,product,added,Undergrounded,presence,,added,wikidata,New product entered the live dataset
2026-08-26,product,added,Star Ocean: The Second Story R,presence,,added,wikidata,New product entered the live dataset
2026-08-26,product,added,Dreamin' Her,presence,,added,wikidata,New product entered the live dataset
2026-08-26,product,added,The Dream Of A Cockspur,presence,,added,wikidata,New product entered the live dataset
2026-08-26,product,added,Suika Game,presence,,added,wikidata,New product entered the live dataset
2026-08-26,product,added,Prelude: Dark Pain,presence,,added,wikidata,New product entered the live dataset
2026-08-26,product,added,BOKURA,presence,,added,wikidata,New product entered the live dataset
2026-08-26,product,added,Fuga: Melodies of Steel,presence,,added,wikidata,New product entered the live dataset
2026-08-26,product,added,Ira,presence,,added,wikidata,New product entered the live dataset
2026-08-26,product,added,Kusan: City of Wolves,presence,,added,wikidata,New product entered the live dataset
2026-08-26,product,added,The Relic: First Guardian,presence,,added,wikidata,New product entered the live dataset
2026-08-26,product,added,Cotton Rock With You,presence,,added,wikidata,New product entered the live dataset
2026-08-26,product,added,Obakeidoro 2: Chase & Seek,presence,,added,wikidata,New product entered the live dataset
2026-08-26,product,added,Brave Dungeon: The Meaning of Justice,presence,,added,wikidata,New product entered the live dataset
2026-08-26,product,added,1666: Amsterdam,presence,,added,wikidata,New product entered the live dataset
2026-08-26,product,added,Angeline Era,presence,,added,wikidata,New product entered the live dataset
2026-08-26,product,added,Hashire Hebereke: EX,presence,,added,wikidata,New product entered the live dataset
2026-08-26,product,added,SpeedRunners 2: King of Speed,presence,,added,wikidata,New product entered the live dataset
2026-08-26,product,added,The Legend of Heroes: Trails from Zero,presence,,added,wikidata,New product entered the live dataset
2026-08-26,product,added,The Legend of Heroes: Trails to Azure,presence,,added,wikidata,New product entered the live dataset
2026-08-26,product,added,TCG Card Shop Simulator,presence,,added,wikidata,New product entered the live dataset
2026-08-26,product,added,Endless Legend II,presence,,added,wikidata,New product entered the live dataset
2026-08-26,product,added,Kernel Hearts,presence,,added,wikidata,New product entered the live dataset
2026-08-26,product,added,The Alchemist of Ars Magna,presence,,added,wikidata,New product entered the live dataset
2026-08-26,product,added,Cupid Parasite,presence,,added,wikidata,New product entered the live dataset
2026-08-26,product,added,TOEM 2,presence,,added,wikidata,New product entered the live dataset
2026-08-26,product,added,Kousai Toshi,presence,,added,wikidata,New product entered the live dataset
2026-08-26,product,added,Echo Weaver,presence,,added,wikidata,New product entered the live dataset
2026-08-26,product,added,Cotton Reboot!,presence,,added,wikidata,New product entered the live dataset
2026-08-26,product,added,Cotton Reboot! High Tension!,presence,,added,wikidata,New product entered the live dataset
2026-08-26,product,added,Radiant Starlets,presence,,added,wikidata,New product entered the live dataset
2026-08-26,product,added,LIGHT: Black Cat & Amnesia Girl,presence,,added,wikidata,New product entered the live dataset
2026-08-26,product,added,Metaphor: ReFantazio,presence,,added,wikidata,New product entered the live dataset
2026-08-26,product,added,Koganei-so and the Golden Swallowtail Butterfly,presence,,added,wikidata,New product entered the live dataset
2026-08-26,product,added,The Adventures of Bryan Scott,presence,,added,wikidata,New product entered the live dataset
2026-08-26,product,added,Aether Wizard Life,presence,,added,wikidata,New product entered the live dataset
2026-08-26,product,added,Neo Berlin 2087,presence,,added,wikidata,New product entered the live dataset
2026-08-26,product,added,Shibuya Scramble Stories,presence,,added,wikidata,New product entered the live dataset
2026-08-26,product,added,They Are Rising,presence,,added,wikidata,New product entered the live dataset
2026-08-26,product,added,DAUGHTER OF PAIN,presence,,added,wikidata,New product entered the live dataset
2026-08-26,product,added,WhyTaoism,presence,,added,wikidata,New product entered the live dataset
2026-08-26,product,added,Off The Grid: Bad Dream,presence,,added,wikidata,New product entered the live dataset
2026-08-26,product,added,Orbit Or Beat Extended Edition,presence,,added,wikidata,New product entered the live dataset
2026-08-26,product,added,Art Gallery Simulator,presence,,added,wikidata,New product entered the live dataset
2026-08-26,product,added,CookieRun: New World,presence,,added,wikidata,New product entered the live dataset
2026-08-26,product,added,Formula Team,presence,,added,wikidata,New product entered the live dataset
2026-08-26,product,added,Back to the Dawn,presence,,added,wikidata,New product entered the live dataset
2026-08-26,product,added,DAVE THE DIVER,presence,,added,wikidata,New product entered the live dataset
2026-08-26,product,added,Deep Russian Depression,presence,,added,wikidata,New product entered the live dataset
2026-08-26,product,added,EARTH DEFENSE FORCE 5,presence,,added,wikidata,New product entered the live dataset
2026-08-26,product,added,Enshrouded,presence,,added,wikidata,New product entered the live dataset
2026-08-26,product,added,Exstetra,presence,,added,wikidata,New product entered the live dataset
2026-08-26,product,added,Octopath Traveler,presence,,added,wikidata,New product entered the live dataset
2026-08-26,product,added,Ratatan,presence,,added,wikidata,New product entered the live dataset
2026-08-26,product,added,STEINS;GATE RE:BOOT,presence,,added,wikidata,New product entered the live dataset
2026-08-26,product,added,Stick It to the Stickman,presence,,added,wikidata,New product entered the live dataset
2026-08-26,product,added,Valheim,presence,,added,wikidata,New product entered the live dataset
2026-08-26,product,added,Voyagers of Nera,presence,,added,wikidata,New product entered the live dataset
2026-08-26,product,removed,Aliens Fireteam Elite 2,presence,present,removed,catalog,Product left the live dataset
2026-08-26,event,added,Academy of Interactive Arts & Sciences,presence,,added,wikipedia:2022_in_video_games,New event entered the live dataset
2026-08-26,event,added,Business Wire,presence,,added,wikipedia:2022_in_video_games,New event entered the live dataset
2026-08-26,event,added,Polygon,presence,,added,wikipedia:2022_in_video_games,New event entered the live dataset
2026-08-26,event,added,Polygon,presence,,added,wikipedia:2022_in_video_games,New event entered the live dataset
2026-08-26,event,added,Academy of Interactive Arts & Sciences,presence,,added,wikipedia:2023_in_video_games,New event entered the live dataset
2026-08-26,event,added,Game Developer,presence,,added,wikipedia:2023_in_video_games,New event entered the live dataset
2026-08-26,event,added,Video Games Chronicle,presence,,added,wikipedia:2023_in_video_games,New event entered the live dataset
2026-08-26,event,added,GameSpot,presence,,added,wikipedia:2023_in_video_games,New event entered the live dataset
2026-08-26,event,added,Academy of Interactive Arts & Sciences,presence,,added,wikipedia:2024_in_video_games,New event entered the live dataset
2026-08-26,event,added,gaming accessories,presence,,added,wikipedia:2025_in_video_games,New event entered the live dataset
2026-08-26,event,added,Academy of Interactive Arts & Sciences,presence,,added,wikipedia:2025_in_video_games,New event entered the live dataset
2026-08-26,event,added,Game Developers Conference,presence,,added,wikipedia:2025_in_video_games,New event entered the live dataset
2026-08-26,event,added,London Games Festival,presence,,added,wikipedia:2025_in_video_games,New event entered the live dataset
2026-08-26,event,advanced,Summer Game Fest,runtime,2030-06-05 → 2030-06-08,2025-06-06 → 2025-06-09,"Wikipedia Summer Game Fest — Jun 6–9, 2025",Event window moved 2030-06-05/2030-06-08 → 2025-06-06/2025-06-09
2026-08-26,event,added,Evolution Championship Series,presence,,added,wikipedia:2025_in_video_games,New event entered the live dataset
2026-08-26,event,added,Super Mario,presence,,added,wikipedia:2025_in_video_games,New event entered the live dataset
2026-08-26,event,advanced,Gamescom,runtime,2030-08-26 → 2030-08-30,2025-08-20 → 2025-08-24,"Wikipedia 2025 in video games — Aug 20–24, 2025",Event window moved 2030-08-26/2030-08-30 → 2025-08-20/2025-08-24
2026-08-26,event,advanced,Tokyo Game Show,runtime,2030-09-17 → 2030-09-21,2025-09-25 → 2025-09-28,"Wikipedia 2025 in video games — Sep 25–28, 2025",Event window moved 2030-09-17/2030-09-21 → 2025-09-25/2025-09-28
2026-08-26,event,added,Super Nintendo World,presence,,added,wikipedia:2025_in_video_games,New event entered the live dataset
2026-08-26,event,added,A Tiny Wander release window,presence,,added,announced_product_window,New event entered the live dataset
2026-08-26,event,added,Aeterna Lucis release window,presence,,added,announced_product_window,New event entered the live dataset
2026-08-26,event,added,Alzara: Radiant Echoes release window,presence,,added,announced_product_window,New event entered the live dataset
2026-08-26,event,added,Animal Use Protocol release window,presence,,added,announced_product_window,New event entered the live dataset
2026-08-26,event,added,Blind Descent release window,presence,,added,announced_product_window,New event entered the live dataset
2026-08-26,event,added,Bogdan's Cross release window,presence,,added,announced_product_window,New event entered the live dataset
2026-08-26,event,added,Bokosuka Wars II release window,presence,,added,announced_product_window,New event entered the live dataset
2026-08-26,event,added,Castaway Diary: Portal to the Unknown Isles release window,presence,,added,announced_product_window,New event entered the live dataset
2026-08-26,event,added,Castle Come release window,presence,,added,announced_product_window,New event entered the live dataset
2026-08-26,event,added,Control: Ultimate Edition release window,presence,,added,announced_product_window,New event entered the live dataset
2026-08-26,event,added,Cosmo Tales release window,presence,,added,announced_product_window,New event entered the live dataset
2026-08-26,event,added,Crystals of Irm release window,presence,,added,announced_product_window,New event entered the live dataset
2026-08-26,event,added,Destiny Code release window,presence,,added,announced_product_window,New event entered the live dataset
2026-08-26,event,added,Do Not Play release window,presence,,added,announced_product_window,New event entered the live dataset
2026-08-26,event,added,Don't Kill Them All release window,presence,,added,announced_product_window,New event entered the live dataset
2026-08-26,event,added,DriveCrazy release window,presence,,added,announced_product_window,New event entered the live dataset
2026-08-26,event,added,EDEN.schemata(); release window,presence,,added,announced_product_window,New event entered the live dataset
2026-08-26,event,added,Ember & Blade release window,presence,,added,announced_product_window,New event entered the live dataset
2026-08-26,event,added,Endurance Motorsport Series release window,presence,,added,announced_product_window,New event entered the live dataset
2026-08-26,event,added,Fate/EXTRA Record release window,presence,,added,announced_product_window,New event entered the live dataset
2026-08-26,event,added,Final Formation release window,presence,,added,announced_product_window,New event entered the live dataset
2026-08-26,event,added,Forge of the Fae release window,presence,,added,announced_product_window,New event entered the live dataset
2026-08-26,event,added,Frostrail release window,presence,,added,announced_product_window,New event entered the live dataset
2026-08-26,event,added,GrimKeep release window,presence,,added,announced_product_window,New event entered the live dataset
2026-08-26,event,added,Haruka: Beyond the Stars release window,presence,,added,announced_product_window,New event entered the live dataset
2026-08-26,event,added,Hell of an Office release window,presence,,added,announced_product_window,New event entered the live dataset
2026-08-26,event,added,Hunting Simulator 3 release window,presence,,added,announced_product_window,New event entered the live dataset
2026-08-26,event,added,Ikuma: The Frozen Compass release window,presence,,added,announced_product_window,New event entered the live dataset
2026-08-26,event,added,Junxions release window,presence,,added,announced_product_window,New event entered the live dataset
2026-08-26,event,added,Light Odyssey release window,presence,,added,announced_product_window,New event entered the live dataset
2026-08-26,event,added,Lost Hellden release window,presence,,added,announced_product_window,New event entered the live dataset
2026-08-26,event,added,Marvel 1943: Rise of Hydra release window,presence,,added,announced_product_window,New event entered the live dataset
2026-08-26,event,added,Mightreya release window,presence,,added,announced_product_window,New event entered the live dataset
2026-08-26,event,added,Mononoke no Kuni release window,presence,,added,announced_product_window,New event entered the live dataset
2026-08-26,event,added,Nocturnal II release window,presence,,added,announced_product_window,New event entered the live dataset
2026-08-26,event,added,Paranormal Activity: Found Footage release window,presence,,added,announced_product_window,New event entered the live dataset
2026-08-26,event,added,Pararecords release window,presence,,added,announced_product_window,New event entered the live dataset
2026-08-26,event,added,Professor Layton and the New World of Steam release window,presence,,added,announced_product_window,New event entered the live dataset
2026-08-26,event,added,Prolegomena To a Hyperdimensional Interface That Will Be Able to Manifest From Three-Minute Interchanges release window,presence,,added,announced_product_window,New event entered the live dataset
2026-08-26,event,added,Rain98 release window,presence,,added,announced_product_window,New event entered the live dataset
2026-08-26,event,added,Re:Ver Project: Tokyo release window,presence,,added,announced_product_window,New event entered the live dataset
2026-08-26,event,added,"Reggie, His Cousin, Two Scientists and Most Likely the End of the World release window",presence,,added,announced_product_window,New event entered the live dataset
2026-08-26,event,added,SacriFire release window,presence,,added,announced_product_window,New event entered the live dataset
2026-08-26,event,added,Sea of Sorrow release window,presence,,added,announced_product_window,New event entered the live dataset
2026-08-26,event,added,Serial World release window,presence,,added,announced_product_window,New event entered the live dataset
2026-08-26,event,added,Shadow of the Road release window,presence,,added,announced_product_window,New event entered the live dataset
2026-08-26,event,added,Sigma Star Saga release window,presence,,added,announced_product_window,New event entered the live dataset
2026-08-26,event,added,Silent Planet release window,presence,,added,announced_product_window,New event entered the live dataset
2026-08-26,event,added,Skyblivion release window,presence,,added,announced_product_window,New event entered the live dataset
2026-08-26,event,added,Starfinder: Afterlight release window,presence,,added,announced_product_window,New event entered the live dataset
2026-08-26,event,added,Steampunk Shinobi release window,presence,,added,announced_product_window,New event entered the live dataset
2026-08-26,event,added,Sunkissed City release window,presence,,added,announced_product_window,New event entered the live dataset
2026-08-26,event,added,Tanuki: Pon's Summer release window,presence,,added,announced_product_window,New event entered the live dataset
2026-08-26,event,added,Tenet of the Spark release window,presence,,added,announced_product_window,New event entered the live dataset
2026-08-26,event,added,Tomo: Endless Blue release window,presence,,added,announced_product_window,New event entered the live dataset
2026-08-26,event,added,Ultra Mushroom release window,presence,,added,announced_product_window,New event entered the live dataset
2026-08-26,event,added,Valkyrie of Phantasm release window,presence,,added,announced_product_window,New event entered the live dataset
2026-08-26,event,added,Wolfhound release window,presence,,added,announced_product_window,New event entered the live dataset
2026-08-26,event,added,Zaleste release window,presence,,added,announced_product_window,New event entered the live dataset
2026-08-26,event,added,SpongeBob: Krusty Cook-Off release window,presence,,added,announced_product_window,New event entered the live dataset
2026-08-26,event,added,Tomba! Special Edition release window,presence,,added,announced_product_window,New event entered the live dataset
2026-08-26,event,added,Fairy Tail: Dungeons release window,presence,,added,announced_product_window,New event entered the live dataset
2026-08-26,event,added,I Am Future release window,presence,,added,announced_product_window,New event entered the live dataset
2026-08-26,event,added,The Brew Barons release window,presence,,added,announced_product_window,New event entered the live dataset
2026-08-26,event,added,Academy of Interactive Arts & Sciences,presence,,added,wikipedia:2026_in_video_games,New event entered the live dataset
2026-08-26,event,added,Hytale release window,presence,,added,announced_product_window,New event entered the live dataset
2026-08-26,event,added,Temirana: The Lucky Princess and the Tragic Knights release window,presence,,added,announced_product_window,New event entered the live dataset
2026-08-26,event,added,Animal Crossing: New Horizons release window,presence,,added,announced_product_window,New event entered the live dataset
2026-08-26,event,added,The Legend of Heroes: Trails Beyond the Horizon release window,presence,,added,announced_product_window,New event entered the live dataset
2026-08-26,event,added,Mio: Memories in Orbit release window,presence,,added,announced_product_window,New event entered the live dataset
2026-08-26,event,added,Arknights: Endfield release window,presence,,added,announced_product_window,New event entered the live dataset
2026-08-26,event,added,"Dwarves: Glory, Death and Loot release window",presence,,added,announced_product_window,New event entered the live dataset
2026-08-26,event,added,Dynasty Warriors: Origins release window,presence,,added,announced_product_window,New event entered the live dataset
2026-08-26,event,added,The Rumble Fish 2 release window,presence,,added,announced_product_window,New event entered the live dataset
2026-08-26,event,added,Fighting Force Collection release window,presence,,added,announced_product_window,New event entered the live dataset
2026-08-26,event,added,Speedball release window,presence,,added,announced_product_window,New event entered the live dataset
2026-08-26,event,added,Steel Century Groove release window,presence,,added,announced_product_window,New event entered the live dataset
2026-08-26,event,added,City Tales: Medieval Era release window,presence,,added,announced_product_window,New event entered the live dataset
2026-08-26,event,added,"Don’t Stop, Girlypop! release window",presence,,added,announced_product_window,New event entered the live dataset
2026-08-26,event,added,Dusk Index: Gion release window,presence,,added,announced_product_window,New event entered the live dataset
2026-08-26,event,added,Project: Gorgon release window,presence,,added,announced_product_window,New event entered the live dataset
2026-08-26,event,added,Front Mission 3: Remake release window,presence,,added,announced_product_window,New event entered the live dataset
2026-08-26,event,added,Jimmy and the Pulsating Mass release window,presence,,added,announced_product_window,New event entered the live dataset
2026-08-26,event,added,Lovish release window,presence,,added,announced_product_window,New event entered the live dataset
2026-08-26,event,added,PUBG: BLINDSPOT release window,presence,,added,announced_product_window,New event entered the live dataset
2026-08-26,event,added,JDM: Japanese Drift Master release window,presence,,added,announced_product_window,New event entered the live dataset
2026-08-26,event,added,Primal Carnage: Evolution release window,presence,,added,announced_product_window,New event entered the live dataset
2026-08-26,event,added,Shadows of the Afterland release window,presence,,added,announced_product_window,New event entered the live dataset
2026-08-26,event,added,Fantasista Asuka release window,presence,,added,announced_product_window,New event entered the live dataset
2026-08-26,event,added,Kingdom Come: Deliverance release window,presence,,added,announced_product_window,New event entered the live dataset
2026-08-26,event,added,Caves of Qud release window,presence,,added,announced_product_window,New event entered the live dataset
2026-08-26,event,added,Earnest Evans Collection release window,presence,,added,announced_product_window,New event entered the live dataset
2026-08-26,event,added,Soulslinger: Envoy of Death release window,presence,,added,announced_product_window,New event entered the live dataset
2026-08-26,event,added,PC Building Simulator 2 release window,presence,,added,announced_product_window,New event entered the live dataset
2026-08-26,event,added,The Fox's Way Home release window,presence,,added,announced_product_window,New event entered the live dataset
2026-08-26,event,added,Japanese Rural Life Adventure release window,presence,,added,announced_product_window,New event entered the live dataset
2026-08-26,event,added,Never Grave: The Witch and The Curse release window,presence,,added,announced_product_window,New event entered the live dataset
2026-08-26,event,added,Methods: The Canada Files release window,presence,,added,announced_product_window,New event entered the live dataset
2026-08-26,event,added,Peregrino release window,presence,,added,announced_product_window,New event entered the live dataset
2026-08-26,event,added,Game Developers Conference,presence,,added,wikipedia:2026_in_video_games,New event entered the live dataset
2026-08-26,event,added,Piece by Piece release window,presence,,added,announced_product_window,New event entered the live dataset
2026-08-26,event,added,The Liar Princess and the Blind Prince release window,presence,,added,announced_product_window,New event entered the live dataset
2026-08-26,event,added,Yomawari: Lost in the Dark release window,presence,,added,announced_product_window,New event entered the live dataset
2026-08-26,event,added,Pode release window,presence,,added,announced_product_window,New event entered the live dataset
2026-08-26,event,added,Rustil: Eternal Labyrinth Castle release window,presence,,added,announced_product_window,New event entered the live dataset
2026-08-26,event,added,Tower Tag release window,presence,,added,announced_product_window,New event entered the live dataset
2026-08-26,event,added,Shadow Tactics: Blades of the Shogun release window,presence,,added,announced_product_window,New event entered the live dataset
2026-08-26,event,added,Dragonkin: The Banished release window,presence,,added,announced_product_window,New event entered the live dataset
2026-08-26,event,added,The Coin Game release window,presence,,added,announced_product_window,New event entered the live dataset
2026-08-26,event,added,The Little Tomb: The Maholova Club and the Search for a Dead Body release window,presence,,added,announced_product_window,New event entered the live dataset
2026-08-26,event,added,Mado Monogatari: Fia and the Wondrous Academy release window,presence,,added,announced_product_window,New event entered the live dataset
2026-08-26,event,added,Tales of the Shire: A The Lord of the Rings Game release window,presence,,added,announced_product_window,New event entered the live dataset
2026-08-26,event,added,Shinonome Abyss: The Maiden Exorcist release window,presence,,added,announced_product_window,New event entered the live dataset
2026-08-26,event,added,The Fifth Family release window,presence,,added,announced_product_window,New event entered the live dataset
2026-08-26,event,added,Homura: The Crimson Warriors release window,presence,,added,announced_product_window,New event entered the live dataset
2026-08-26,event,added,Lilac release window,presence,,added,announced_product_window,New event entered the live dataset
2026-08-26,event,added,Castle of Shikigami III release window,presence,,added,announced_product_window,New event entered the live dataset
2026-08-26,event,added,The Weeping Swan: Ten Days of the City's Fall release window,presence,,added,announced_product_window,New event entered the live dataset
2026-08-26,event,added,The New Denpa Men release window,presence,,added,announced_product_window,New event entered the live dataset
2026-08-26,event,added,Faith: The Unholy Trinity release window,presence,,added,announced_product_window,New event entered the live dataset
2026-08-26,event,added,Memories Off Sōsō: Break out of my shell release window,presence,,added,announced_product_window,New event entered the live dataset
2026-08-26,event,added,Skautfold: Moonless Knight release window,presence,,added,announced_product_window,New event entered the live dataset
2026-08-26,event,added,Calamity Angels: Special Delivery release window,presence,,added,announced_product_window,New event entered the live dataset
2026-08-26,event,added,Mongil: Star Dive release window,presence,,added,announced_product_window,New event entered the live dataset
2026-08-26,event,added,Ereban: Shadow Legacy release window,presence,,added,announced_product_window,New event entered the live dataset
2026-08-26,event,added,OPUS: Prism Peak release window,presence,,added,announced_product_window,New event entered the live dataset
2026-08-26,event,added,Smash It Wild release window,presence,,added,announced_product_window,New event entered the live dataset
2026-08-26,event,added,Task Time release window,presence,,added,announced_product_window,New event entered the live dataset
2026-08-26,event,added,Causal Loop release window,presence,,added,announced_product_window,New event entered the live dataset
2026-08-26,event,added,Anemoi release window,presence,,added,announced_product_window,New event entered the live dataset
2026-08-26,event,added,Mahou Arms release window,presence,,added,announced_product_window,New event entered the live dataset
2026-08-26,event,added,Snail's Knock Out release window,presence,,added,announced_product_window,New event entered the live dataset
2026-08-26,event,added,Spy Drops release window,presence,,added,announced_product_window,New event entered the live dataset
2026-08-26,event,added,Neverness to Everness release window,presence,,added,announced_product_window,New event entered the live dataset
2026-08-26,event,added,Amnesia: Rebirth release window,presence,,added,announced_product_window,New event entered the live dataset
2026-08-26,event,added,Dear Mirror Flower release window,presence,,added,announced_product_window,New event entered the live dataset
2026-08-26,event,added,Heroes of Might and Magic: Olden Era release window,presence,,added,announced_product_window,New event entered the live dataset
2026-08-26,event,added,Prius Online release window,presence,,added,announced_product_window,New event entered the live dataset
2026-08-26,event,added,Withering Realms release window,presence,,added,announced_product_window,New event entered the live dataset
2026-08-26,event,added,Axe Cop release window,presence,,added,announced_product_window,New event entered the live dataset
2026-08-26,event,added,Haneda Girl release window,presence,,added,announced_product_window,New event entered the live dataset
2026-08-26,event,added,Corebreaker release window,presence,,added,announced_product_window,New event entered the live dataset
2026-08-26,event,added,Nitro Gen Omega release window,presence,,added,announced_product_window,New event entered the live dataset
2026-08-26,event,added,Smalland: Survive the Wilds release window,presence,,added,announced_product_window,New event entered the live dataset
2026-08-26,event,added,Corsairs: Battle of the Caribbean release window,presence,,added,announced_product_window,New event entered the live dataset
2026-08-26,event,added,Gravelord release window,presence,,added,announced_product_window,New event entered the live dataset
2026-08-26,event,added,"Warhammer 40,000: Mechanicus II release window",presence,,added,announced_product_window,New event entered the live dataset
2026-08-26,event,added,"Warhammer 40,000: Speed Freeks release window",presence,,added,announced_product_window,New event entered the live dataset
2026-08-26,event,added,Birushana: Winds of Fate release window,presence,,added,announced_product_window,New event entered the live dataset
2026-08-26,event,added,Age of Empires II: Definitive Edition release window,presence,,added,announced_product_window,New event entered the live dataset
2026-08-26,event,added,Tetris the Grandmaster 4: Absolute Eye release window,presence,,added,announced_product_window,New event entered the live dataset
2026-08-26,event,added,Gothic Remake release window,presence,,added,announced_product_window,New event entered the live dataset
2026-08-26,event,added,Atelier Yumia: The Alchemist of Memories & the Envisioned Land release window,presence,,added,announced_product_window,New event entered the live dataset
2026-08-26,event,added,Starseeker: Astroneer Expeditions release window,presence,,added,announced_product_window,New event entered the live dataset
2026-08-26,event,added,Unrailed! 2: Back on Track release window,presence,,added,announced_product_window,New event entered the live dataset
2026-08-26,event,added,European Commission,presence,,added,wikipedia:2026_in_video_games,New event entered the live dataset
2026-08-26,event,added,Demeo x Dungeons & Dragons: Battlemarked release window,presence,,added,announced_product_window,New event entered the live dataset
2026-08-26,event,added,UsoNatsu release window,presence,,added,announced_product_window,New event entered the live dataset
2026-08-26,event,added,and Roger release window,presence,,added,announced_product_window,New event entered the live dataset
2026-08-26,event,added,Citizen Sleeper 2: Starward Vector release window,presence,,added,announced_product_window,New event entered the live dataset
2026-08-26,event,added,My Merry May with be release window,presence,,added,announced_product_window,New event entered the live dataset
2026-08-26,event,added,Saeko: Giantess Dating Sim release window,presence,,added,announced_product_window,New event entered the live dataset
2026-08-26,event,added,Deathbulge: Battle of the Bands release window,presence,,added,announced_product_window,New event entered the live dataset
2026-08-26,event,added,Undergrounded release window,presence,,added,announced_product_window,New event entered the live dataset
2026-08-26,event,added,Star Ocean: The Second Story R release window,presence,,added,announced_product_window,New event entered the live dataset
2026-08-26,event,added,Dreamin' Her release window,presence,,added,announced_product_window,New event entered the live dataset
2026-08-26,event,added,The Dream Of A Cockspur release window,presence,,added,announced_product_window,New event entered the live dataset
2026-08-26,event,added,Suika Game release window,presence,,added,announced_product_window,New event entered the live dataset
2026-08-26,event,added,Prelude: Dark Pain release window,presence,,added,announced_product_window,New event entered the live dataset
2026-08-26,event,added,BOKURA release window,presence,,added,announced_product_window,New event entered the live dataset
2026-08-26,event,added,Fuga: Melodies of Steel release window,presence,,added,announced_product_window,New event entered the live dataset
2026-08-26,event,added,Ira release window,presence,,added,announced_product_window,New event entered the live dataset
2026-08-26,event,added,Kusan: City of Wolves release window,presence,,added,announced_product_window,New event entered the live dataset
2026-08-26,event,added,The Relic: First Guardian release window,presence,,added,announced_product_window,New event entered the live dataset
2026-08-26,event,added,Cotton Rock With You release window,presence,,added,announced_product_window,New event entered the live dataset
2026-08-26,event,added,Obakeidoro 2: Chase & Seek release window,presence,,added,announced_product_window,New event entered the live dataset
2026-08-26,event,added,Brave Dungeon: The Meaning of Justice release window,presence,,added,announced_product_window,New event entered the live dataset
2026-08-26,event,added,Blizzard Entertainment,presence,,added,wikipedia:2026_in_video_games,New event entered the live dataset
2026-08-26,event,added,1666: Amsterdam release window,presence,,added,announced_product_window,New event entered the live dataset
2026-08-26,event,added,Angeline Era release window,presence,,added,announced_product_window,New event entered the live dataset
2026-08-26,event,added,Hashire Hebereke: EX release window,presence,,added,announced_product_window,New event entered the live dataset
2026-08-26,event,added,SpeedRunners 2: King of Speed release window,presence,,added,announced_product_window,New event entered the live dataset
2026-08-26,event,added,The Legend of Heroes: Trails from Zero release window,presence,,added,announced_product_window,New event entered the live dataset
2026-08-26,event,added,The Legend of Heroes: Trails to Azure release window,presence,,added,announced_product_window,New event entered the live dataset
2026-08-26,event,added,TCG Card Shop Simulator release window,presence,,added,announced_product_window,New event entered the live dataset
2026-08-26,event,added,Endless Legend II release window,presence,,added,announced_product_window,New event entered the live dataset
2026-08-26,event,added,Kernel Hearts release window,presence,,added,announced_product_window,New event entered the live dataset
2026-08-26,event,added,The Alchemist of Ars Magna release window,presence,,added,announced_product_window,New event entered the live dataset
2026-08-26,event,added,Cupid Parasite release window,presence,,added,announced_product_window,New event entered the live dataset
2026-08-26,event,added,TOEM 2 release window,presence,,added,announced_product_window,New event entered the live dataset
2026-08-26,event,added,Kousai Toshi release window,presence,,added,announced_product_window,New event entered the live dataset
2026-08-26,event,added,Echo Weaver release window,presence,,added,announced_product_window,New event entered the live dataset
2026-08-26,event,added,Tenebris Somnia release window,presence,,added,announced_product_window,New event entered the live dataset
2026-08-26,event,added,Cotton Reboot! release window,presence,,added,announced_product_window,New event entered the live dataset
2026-08-26,event,added,Cotton Reboot! High Tension! release window,presence,,added,announced_product_window,New event entered the live dataset
2026-08-26,event,added,Radiant Starlets release window,presence,,added,announced_product_window,New event entered the live dataset
2026-08-26,event,added,LIGHT: Black Cat & Amnesia Girl release window,presence,,added,announced_product_window,New event entered the live dataset
2026-08-26,event,added,Metaphor: ReFantazio release window,presence,,added,announced_product_window,New event entered the live dataset
2026-08-26,event,added,Koganei-so and the Golden Swallowtail Butterfly release window,presence,,added,announced_product_window,New event entered the live dataset
2026-08-26,event,added,The Adventures of Bryan Scott release window,presence,,added,announced_product_window,New event entered the live dataset
2026-08-26,event,added,Polygon,presence,,added,wikipedia:2027_in_video_games,New event entered the live dataset
2026-08-26,event,added,Deadline Hollywood,presence,,added,wikipedia:2027_in_video_games,New event entered the live dataset
2026-08-26,event,added,Aether Wizard Life release window,presence,,added,announced_product_window,New event entered the live dataset
2026-08-26,event,added,Neo Berlin 2087 release window,presence,,added,announced_product_window,New event entered the live dataset
2026-08-26,event,added,Shibuya Scramble Stories release window,presence,,added,announced_product_window,New event entered the live dataset
2026-08-26,event,added,They Are Rising release window,presence,,added,announced_product_window,New event entered the live dataset
2026-08-26,event,added,DAUGHTER OF PAIN release window,presence,,added,announced_product_window,New event entered the live dataset
2026-08-26,event,added,WhyTaoism release window,presence,,added,announced_product_window,New event entered the live dataset
2026-08-26,event,added,Off The Grid: Bad Dream release window,presence,,added,announced_product_window,New event entered the live dataset
2026-08-26,event,added,Orbit Or Beat Extended Edition release window,presence,,added,announced_product_window,New event entered the live dataset
2026-08-26,event,added,Art Gallery Simulator release window,presence,,added,announced_product_window,New event entered the live dataset
2026-08-26,event,added,CookieRun: New World release window,presence,,added,announced_product_window,New event entered the live dataset
2026-08-26,event,added,Formula Team release window,presence,,added,announced_product_window,New event entered the live dataset
2026-08-26,event,added,Destroy All Humans! 2 – Reprobed,presence,,added,wikidata:video-game-adaptation,New event entered the live dataset
2026-08-26,event,added,Shark! Shark!,presence,,added,wikidata:video-game-adaptation,New event entered the live dataset
2026-08-26,event,added,Frostpunk: The Board Game,presence,,added,wikidata:video-game-adaptation,New event entered the live dataset
2026-08-26,event,added,Mir tankov,presence,,added,wikidata:video-game-adaptation,New event entered the live dataset
2026-08-26,event,added,Spider-Man Remastered,presence,,added,wikidata:video-game-adaptation,New event entered the live dataset
2026-08-26,event,added,Uncharted 4: A Thief's End Remastered,presence,,added,wikidata:video-game-adaptation,New event entered the live dataset
2026-08-26,event,added,Uncharted: The Lost Legacy Remastered,presence,,added,wikidata:video-game-adaptation,New event entered the live dataset
2026-08-26,event,added,Dorfromantik: The Board Game,presence,,added,wikidata:video-game-adaptation,New event entered the live dataset
2026-08-26,event,added,Semantle,presence,,added,wikidata:video-game-adaptation,New event entered the live dataset
2026-08-26,event,added,Squabble,presence,,added,wikidata:video-game-adaptation,New event entered the live dataset
2026-08-26,event,added,Pac-Man Museum+,presence,,added,wikidata:video-game-adaptation,New event entered the live dataset
2026-08-26,event,added,Quordle,presence,,added,wikidata:video-game-adaptation,New event entered the live dataset
2026-08-26,event,added,Who's Your Daddy?!,presence,,added,wikidata:video-game-adaptation,New event entered the live dataset
2026-08-26,event,added,Termo,presence,,added,wikidata:video-game-adaptation,New event entered the live dataset
2026-08-26,event,added,Resident Evil: Welcome to Raccoon City,presence,,added,wikidata:video-game-adaptation,New event entered the live dataset
2026-08-26,event,added,Absurdle,presence,,added,wikidata:video-game-adaptation,New event entered the live dataset
2026-08-26,event,added,Shadow Man Remastered,presence,,added,wikidata:video-game-adaptation,New event entered the live dataset
2026-08-26,event,added,Tom Clancy's Rainbow Six Extraction,presence,,added,wikidata:video-game-adaptation,New event entered the live dataset
2026-08-26,event,added,Nerdle,presence,,added,wikidata:video-game-adaptation,New event entered the live dataset
2026-08-26,event,added,Elasto Mania Remastered,presence,,added,wikidata:video-game-adaptation,New event entered the live dataset
2026-08-26,event,added,Bloodborne PSX,presence,,added,wikidata:video-game-adaptation,New event entered the live dataset
2026-08-26,event,added,Life is Strange: Before the Storm Remastered,presence,,added,wikidata:video-game-adaptation,New event entered the live dataset
2026-08-26,event,added,Life is Strange Remastered,presence,,added,wikidata:video-game-adaptation,New event entered the live dataset
2026-08-26,event,added,Breakout: Recharged,presence,,added,wikidata:video-game-adaptation,New event entered the live dataset
2026-08-26,event,added,PowerSlave Exhumed,presence,,added,wikidata:video-game-adaptation,New event entered the live dataset
2026-08-26,event,added,Oddworld: Stranger's Wrath HD,presence,,added,wikidata:video-game-adaptation,New event entered the live dataset
2026-08-26,event,added,Five Nights in Anime 3D,presence,,added,wikidata:video-game-adaptation,New event entered the live dataset
2026-08-26,event,added,Touken Ranbu Warriors,presence,,added,wikidata:video-game-adaptation,New event entered the live dataset
2026-08-26,event,added,Final Fantasy VI,presence,,added,wikidata:video-game-adaptation,New event entered the live dataset
2026-08-26,event,added,Deemo: Memorial Keys,presence,,added,wikidata:video-game-adaptation,New event entered the live dataset
2026-08-26,event,added,Ghostwire: Tokyo - Prelude,presence,,added,wikidata:video-game-adaptation,New event entered the live dataset
2026-08-26,event,added,Ensemble Stars!! Road to Show!!,presence,,added,wikidata:video-game-adaptation,New event entered the live dataset
2026-08-26,event,added,Persona 4 Arena Ultimax,presence,,added,wikidata:video-game-adaptation,New event entered the live dataset
2026-08-26,event,added,New Super Mario Bros. - Mario Vs Luigi,presence,,added,wikidata:video-game-adaptation,New event entered the live dataset
2026-08-26,event,added,Zero Escape: The Nonary Games,presence,,added,wikidata:video-game-adaptation,New event entered the live dataset
2026-08-26,event,added,Ship of Harkinian,presence,,added,wikidata:video-game-adaptation,New event entered the live dataset
2026-08-26,event,added,Shattered Pixel Dungeon,presence,,added,wikidata:video-game-adaptation,New event entered the live dataset
2026-08-26,event,added,Alto's Adventure — Remastered,presence,,added,wikidata:video-game-adaptation,New event entered the live dataset
2026-08-26,event,added,"The Legend of Zelda: Twilight Princess, Volume 11",presence,,added,wikidata:video-game-adaptation,New event entered the live dataset
2026-08-26,event,added,Lost Judgment: The Kaito Files,presence,,added,wikidata:video-game-adaptation,New event entered the live dataset
2026-08-26,event,added,G-Darius HD,presence,,added,wikidata:video-game-adaptation,New event entered the live dataset
2026-08-26,event,added,Death Stranding Director's Cut,presence,,added,wikidata:video-game-adaptation,New event entered the live dataset
2026-08-26,event,added,Reed Remastered,presence,,added,wikidata:video-game-adaptation,New event entered the live dataset
2026-08-26,event,added,Real Heroes: Firefighter HD,presence,,added,wikidata:video-game-adaptation,New event entered the live dataset
2026-08-26,event,added,Birushana: Winds of Fate,presence,,added,wikidata:video-game-adaptation,New event entered the live dataset
2026-08-26,event,added,Chrono Cross: The Radical Dreamers Edition,presence,,added,wikidata:video-game-adaptation,New event entered the live dataset
2026-08-26,event,added,The House of the Dead: Remake,presence,,added,wikidata:video-game-adaptation,New event entered the live dataset
2026-08-26,event,added,Ib,presence,,added,wikidata:video-game-adaptation,New event entered the live dataset
2026-08-26,event,added,Dōkyūsei: Bangin' Summer,presence,,added,wikidata:video-game-adaptation,New event entered the live dataset
2026-08-26,event,added,The Stanley Parable: Ultra Deluxe,presence,,added,wikidata:video-game-adaptation,New event entered the live dataset
2026-08-26,event,added,Layer Section & Galactic Attack S-Tribute,presence,,added,wikidata:video-game-adaptation,New event entered the live dataset
2026-08-26,event,added,This War of Mine: Final Cut,presence,,added,wikidata:video-game-adaptation,New event entered the live dataset
2026-08-26,event,added,Apex Legends Mobile,presence,,added,wikidata:video-game-adaptation,New event entered the live dataset
2026-08-26,event,added,Snow Bros. Nick and Tom Special,presence,,added,wikidata:video-game-adaptation,New event entered the live dataset
2026-08-26,event,added,Touken Ranbu Warriors,presence,,added,wikidata:video-game-adaptation,New event entered the live dataset
2026-08-26,event,added,Hatsune Miku: Project DIVA Mega Mix+,presence,,added,wikidata:video-game-adaptation,New event entered the live dataset
2026-08-26,event,added,Pac-Man Museum+,presence,,added,wikidata:video-game-adaptation,New event entered the live dataset
2026-08-26,event,added,Gravitar: Recharged,presence,,added,wikidata:video-game-adaptation,New event entered the live dataset
2026-08-26,event,added,Super Perils of Baking,presence,,added,wikidata:video-game-adaptation,New event entered the live dataset
2026-08-26,event,added,SpellForce III Reforced,presence,,added,wikidata:video-game-adaptation,New event entered the live dataset
2026-08-26,event,added,Bad Monday Simulator,presence,,added,wikidata:video-game-adaptation,New event entered the live dataset
2026-08-26,event,added,Disc Room,presence,,added,wikidata:video-game-adaptation,New event entered the live dataset
2026-08-26,event,added,IMSCARED - 2022 TEST BUILD,presence,,added,wikidata:video-game-adaptation,New event entered the live dataset
2026-08-26,event,added,Final Fantasy VII Remake Intergrade,presence,,added,wikidata:video-game-adaptation,New event entered the live dataset
2026-08-26,event,added,Shadowrun: Dragonfall - Director's Cut,presence,,added,wikidata:video-game-adaptation,New event entered the live dataset
2026-08-26,event,added,Blade Runner Enhanced Edition,presence,,added,wikidata:video-game-adaptation,New event entered the live dataset
2026-08-26,event,added,Fire Emblem Warriors: Three Hopes,presence,,added,wikidata:video-game-adaptation,New event entered the live dataset
2026-08-26,event,added,UKRAINE GTA,presence,,added,wikidata:video-game-adaptation,New event entered the live dataset
2026-08-26,event,added,DNF Duel,presence,,added,wikidata:video-game-adaptation,New event entered the live dataset
2026-08-26,event,added,Little Noah: Scion of Paradise,presence,,added,wikidata:video-game-adaptation,New event entered the live dataset
2026-08-26,event,added,Snow Bros. Nick and Tom Special,presence,,added,wikidata:video-game-adaptation,New event entered the live dataset
2026-08-26,event,added,Klonoa Phantasy Reverie Series,presence,,added,wikidata:video-game-adaptation,New event entered the live dataset
2026-08-26,event,added,Crypt of the Serpent King Remastered 4K Edition,presence,,added,wikidata:video-game-adaptation,New event entered the live dataset
2026-08-26,event,added,Blackout Rugby Manager,presence,,added,wikidata:video-game-adaptation,New event entered the live dataset
2026-08-26,event,added,Koi Remake,presence,,added,wikidata:video-game-adaptation,New event entered the live dataset
2026-08-26,event,added,Live A Live,presence,,added,wikidata:video-game-adaptation,New event entered the live dataset
2026-08-26,event,added,Koumajou Remilia: Scarlet Symphony,presence,,added,wikidata:video-game-adaptation,New event entered the live dataset
2026-08-26,event,added,GrimGrimoire OnceMore,presence,,added,wikidata:video-game-adaptation,New event entered the live dataset
2026-08-26,event,added,Wadanohara and the Great Blue Sea -Reboot-,presence,,added,wikidata:video-game-adaptation,New event entered the live dataset
2026-08-26,event,added,Sonic Triple Trouble 16-Bit,presence,,added,wikidata:video-game-adaptation,New event entered the live dataset
2026-08-26,event,added,Scar of the Doll,presence,,added,wikidata:video-game-adaptation,New event entered the live dataset
2026-08-26,event,added,A Tale of Paper: Refolded,presence,,added,wikidata:video-game-adaptation,New event entered the live dataset
2026-08-26,event,added,Pac-Man World Re-Pac,presence,,added,wikidata:video-game-adaptation,New event entered the live dataset
2026-08-26,event,added,Destroy All Humans! 2 – Reprobed,presence,,added,wikidata:video-game-adaptation,New event entered the live dataset
2026-08-26,event,added,Commandos 3 HD Remaster,presence,,added,wikidata:video-game-adaptation,New event entered the live dataset
2026-08-26,event,added,MapleStory Worlds,presence,,added,wikidata:video-game-adaptation,New event entered the live dataset
2026-08-26,event,added,Q.U.B.E. 10th Anniversary,presence,,added,wikidata:video-game-adaptation,New event entered the live dataset
2026-08-26,event,added,Ni no Kuni: Wrath of the White Witch Remastered,presence,,added,wikidata:video-game-adaptation,New event entered the live dataset
2026-08-26,event,added,OneShot: World Machine Edition,presence,,added,wikidata:video-game-adaptation,New event entered the live dataset
2026-08-26,event,added,The House of the Dead: Remake,presence,,added,wikidata:video-game-adaptation,New event entered the live dataset
2026-08-26,event,added,P-47 Aces Mk.II,presence,,added,wikidata:video-game-adaptation,New event entered the live dataset
2026-08-26,event,added,Sam & Max Save The World: Remastered,presence,,added,wikidata:video-game-adaptation,New event entered the live dataset
2026-08-26,event,added,Pamali,presence,,added,wikidata:video-game-adaptation,New event entered the live dataset
2026-08-26,event,added,Atri: My Dear Moments,presence,,added,wikidata:video-game-adaptation,New event entered the live dataset
2026-08-26,event,added,Kamiwaza: Way of the Thief,presence,,added,wikidata:video-game-adaptation,New event entered the live dataset
2026-08-26,event,added,The Witch's House MV,presence,,added,wikidata:video-game-adaptation,New event entered the live dataset
2026-08-26,event,added,Baldi's Basics Classic Remastered,presence,,added,wikidata:video-game-adaptation,New event entered the live dataset
2026-08-26,event,added,Persona 5 Royal,presence,,added,wikidata:video-game-adaptation,New event entered the live dataset
2026-08-26,event,added,Resident Evil Village: Shadows of Rose,presence,,added,wikidata:video-game-adaptation,New event entered the live dataset
2026-08-26,event,added,Missile Command: Recharged,presence,,added,wikidata:video-game-adaptation,New event entered the live dataset
2026-08-26,event,added,Checkered Flag,presence,,added,wikidata:video-game-adaptation,New event entered the live dataset
2026-08-26,event,added,Among Us 3D,presence,,added,wikidata:video-game-adaptation,New event entered the live dataset
2026-08-26,event,added,VCTR-SCTR,presence,,added,wikidata:video-game-adaptation,New event entered the live dataset
2026-08-26,event,added,The Forest of Drizzling Rain,presence,,added,wikidata:video-game-adaptation,New event entered the live dataset
2026-08-26,event,added,Neural Cloud,presence,,added,wikidata:video-game-adaptation,New event entered the live dataset
2026-08-26,event,added,Cleopatra Fortune S-Tribute,presence,,added,wikidata:video-game-adaptation,New event entered the live dataset
2026-08-26,event,added,Scar of the Doll,presence,,added,wikidata:video-game-adaptation,New event entered the live dataset
2026-08-26,event,added,Elevator Action -Returns- S-Tribute,presence,,added,wikidata:video-game-adaptation,New event entered the live dataset
2026-08-26,event,added,Front Mission 1st: Remake,presence,,added,wikidata:video-game-adaptation,New event entered the live dataset
2026-08-26,event,added,Dwarf Fortress,presence,,added,wikidata:video-game-adaptation,New event entered the live dataset
2026-08-26,event,added,Genius Invokation TCG,presence,,added,wikidata:video-game-adaptation,New event entered the live dataset
2026-08-26,event,added,Crisis Core: Final Fantasy VII Reunion,presence,,added,wikidata:video-game-adaptation,New event entered the live dataset
2026-08-26,event,added,New Joe & Mac - Caveman Ninja,presence,,added,wikidata:video-game-adaptation,New event entered the live dataset
2026-08-26,event,added,Earth Defense Force 4.1: The Shadow of New Despair,presence,,added,wikidata:video-game-adaptation,New event entered the live dataset
2026-08-26,event,added,Sports Story,presence,,added,wikidata:video-game-adaptation,New event entered the live dataset
2026-08-26,event,added,Lee's Detective Agency,presence,,added,wikidata:video-game-adaptation,New event entered the live dataset
2026-08-26,event,added,Assassin's Creed Valhalla,presence,,added,wikidata:video-game-adaptation,New event entered the live dataset
2026-08-26,event,added,The Last of Us,presence,,added,wikipedia:2023_in_video_games,New event entered the live dataset
2026-08-26,event,added,Persona 4: Golden,presence,,added,wikidata:video-game-adaptation,New event entered the live dataset
2026-08-26,event,added,Persona 3 Portable,presence,,added,wikidata:video-game-adaptation,New event entered the live dataset
2026-08-26,event,added,The House of the Dead: Remake,presence,,added,wikidata:video-game-adaptation,New event entered the live dataset
2026-08-26,event,added,Dead Space,presence,,added,wikidata:video-game-adaptation,New event entered the live dataset
2026-08-26,event,added,Age of Empires II: Definitive Edition,presence,,added,wikidata:video-game-adaptation,New event entered the live dataset
2026-08-26,event,added,Metal Black S-Tribute,presence,,added,wikidata:video-game-adaptation,New event entered the live dataset
2026-08-26,event,added,Metroid Prime Remastered,presence,,added,wikidata:video-game-adaptation,New event entered the live dataset
2026-08-26,event,added,Ikki Unite,presence,,added,wikidata:video-game-adaptation,New event entered the live dataset
2026-08-26,event,added,Pharaoh: A New Era,presence,,added,wikidata:video-game-adaptation,New event entered the live dataset
2026-08-26,event,added,Cities: Skylines - Remastered,presence,,added,wikidata:video-game-adaptation,New event entered the live dataset
2026-08-26,event,added,Tales of Symphonia Remastered,presence,,added,wikidata:video-game-adaptation,New event entered the live dataset
2026-08-26,event,added,Emesis Blue,presence,,added,wikidata:video-game-adaptation,New event entered the live dataset
2026-08-26,event,added,Akka Arrh,presence,,added,wikidata:video-game-adaptation,New event entered the live dataset
2026-08-26,event,added,Like a Dragon: Ishin!,presence,,added,wikidata:video-game-adaptation,New event entered the live dataset
2026-08-26,event,added,Among Us 3D,presence,,added,wikidata:video-game-adaptation,New event entered the live dataset
2026-08-26,event,added,Kirby's Return to Dream Land Deluxe,presence,,added,wikidata:video-game-adaptation,New event entered the live dataset
2026-08-26,event,added,Rune Factory 3 Special,presence,,added,wikidata:video-game-adaptation,New event entered the live dataset
2026-08-26,event,added,Caverns of Mars: Recharged,presence,,added,wikidata:video-game-adaptation,New event entered the live dataset
2026-08-26,event,added,Citadel,presence,,added,wikidata:video-game-adaptation,New event entered the live dataset
2026-08-26,event,added,Strip Poker Night at the Inventory,presence,,added,wikidata:video-game-adaptation,New event entered the live dataset
2026-08-26,event,added,LegacyClonk,presence,,added,wikidata:video-game-adaptation,New event entered the live dataset
2026-08-26,event,added,Scar of the Doll,presence,,added,wikidata:video-game-adaptation,New event entered the live dataset
2026-08-26,event,added,Touken Ranbu reimei,presence,,added,wikidata:video-game-adaptation,New event entered the live dataset
2026-08-26,event,added,Sherlock Holmes: The Awakened,presence,,added,wikidata:video-game-adaptation,New event entered the live dataset
2026-08-26,event,added,Minecraft Legends,presence,,added,wikidata:video-game-adaptation,New event entered the live dataset
2026-08-26,event,added,Final Fantasy VI,presence,,added,wikidata:video-game-adaptation,New event entered the live dataset
2026-08-26,event,added,Teslagrad Remastered,presence,,added,wikidata:video-game-adaptation,New event entered the live dataset
2026-08-26,event,added,DNF Duel,presence,,added,wikidata:video-game-adaptation,New event entered the live dataset
2026-08-26,event,added,Live A Live,presence,,added,wikidata:video-game-adaptation,New event entered the live dataset
2026-08-26,event,added,Ys Memoire: The Oath in Felghana,presence,,added,wikidata:video-game-adaptation,New event entered the live dataset
2026-08-26,event,added,GrimGrimoire OnceMore,presence,,added,wikidata:video-game-adaptation,New event entered the live dataset
2026-08-26,event,added,Ys Memoire: The Oath in Felghana,presence,,added,wikidata:video-game-adaptation,New event entered the live dataset
2026-08-26,event,added,Aoi Shiro HD Remaster,presence,,added,wikidata:video-game-adaptation,New event entered the live dataset
2026-08-26,event,added,We Love Katamari Reroll+ Royal Reverie,presence,,added,wikidata:video-game-adaptation,New event entered the live dataset
2026-08-26,event,added,Class of '09: The Re-Up,presence,,added,wikidata:video-game-adaptation,New event entered the live dataset
2026-08-26,event,added,Pikmin 1,presence,,added,wikidata:video-game-adaptation,New event entered the live dataset
2026-08-26,event,added,Reverie: Sweet As Edition,presence,,added,wikidata:video-game-adaptation,New event entered the live dataset
2026-08-26,event,added,Satebo's Wordgame,presence,,added,wikidata:video-game-adaptation,New event entered the live dataset
2026-08-26,event,added,Atelier Marie Remake: The Alchemist of Salburg,presence,,added,wikidata:video-game-adaptation,New event entered the live dataset
2026-08-26,event,added,Ridiculous Fishing EX,presence,,added,wikidata:video-game-adaptation,New event entered the live dataset
2026-08-26,event,added,Might & Magic: Clash of Heroes - Definitive Edition,presence,,added,wikidata:video-game-adaptation,New event entered the live dataset
2026-08-26,event,added,Psychic 5: Eternal,presence,,added,wikidata:video-game-adaptation,New event entered the live dataset
2026-08-26,event,added,MapleStory R: Evolution,presence,,added,wikidata:video-game-adaptation,New event entered the live dataset
2026-08-26,event,added,WHITE ALBUM: Memories like Falling Snow,presence,,added,wikidata:video-game-adaptation,New event entered the live dataset
2026-08-26,event,added,Cyberpunk 2077: No Coincidence,presence,,added,wikidata:video-game-adaptation,New event entered the live dataset
2026-08-26,event,added,Slap Fight,presence,,added,wikidata:video-game-adaptation,New event entered the live dataset
2026-08-26,event,added,Brave Nine,presence,,added,wikidata:video-game-adaptation,New event entered the live dataset
2026-08-26,event,added,Solitary Fighter,presence,,added,wikidata:video-game-adaptation,New event entered the live dataset
2026-08-26,event,added,Rune Factory 3 Special,presence,,added,wikidata:video-game-adaptation,New event entered the live dataset
2026-08-26,event,added,Paper Minecraft,presence,,added,wikidata:video-game-adaptation,New event entered the live dataset
2026-08-26,event,added,Baten Kaitos I & II HD Remaster,presence,,added,wikidata:video-game-adaptation,New event entered the live dataset
2026-08-26,event,added,F-Zero 99,presence,,added,wikidata:video-game-adaptation,New event entered the live dataset
2026-08-26,event,added,Wizardry: Proving Grounds of the Mad Overlord,presence,,added,wikidata:video-game-adaptation,New event entered the live dataset
2026-08-26,event,added,WitchSpring R,presence,,added,wikidata:video-game-adaptation,New event entered the live dataset
2026-08-26,event,added,Sore wa Maichiru Sakura no You ni -Re:BIRTH-,presence,,added,wikidata:video-game-adaptation,New event entered the live dataset
2026-08-26,event,added,Megami Ibunroku Persona: Ikū no Tō-hen,presence,,added,wikidata:video-game-adaptation,New event entered the live dataset
2026-08-26,event,added,Front Mission 2: Remake,presence,,added,wikidata:video-game-adaptation,New event entered the live dataset
2026-08-26,event,added,Astrosmash,presence,,added,wikidata:video-game-adaptation,New event entered the live dataset
2026-08-26,event,added,Star Trek: Infinite,presence,,added,wikidata:video-game-adaptation,New event entered the live dataset
2026-08-26,event,added,Alphadia I & II,presence,,added,wikidata:video-game-adaptation,New event entered the live dataset
2026-08-26,event,added,Suika Game,presence,,added,wikidata:video-game-adaptation,New event entered the live dataset
2026-08-26,event,added,METAL GEAR SOLID: MASTER COLLECTION Vol.1 BONUS CONTENT,presence,,added,wikidata:video-game-adaptation,New event entered the live dataset
2026-08-26,event,added,METAL GEAR & METAL GEAR 2: Solid Snake,presence,,added,wikidata:video-game-adaptation,New event entered the live dataset
2026-08-26,event,added,Taimanin RPG Extasy,presence,,added,wikidata:video-game-adaptation,New event entered the live dataset
2026-08-26,event,added,Ark: Survival Ascended,presence,,added,wikidata:video-game-adaptation,New event entered the live dataset
2026-08-26,event,added,Idol Mahjong: Final Romance 4 Remaster,presence,,added,wikidata:video-game-adaptation,New event entered the live dataset
2026-08-26,event,added,Taimanin RPG Extasy,presence,,added,wikidata:video-game-adaptation,New event entered the live dataset
2026-08-26,event,added,Alien Hominid HD,presence,,added,wikidata:video-game-adaptation,New event entered the live dataset
2026-08-26,event,added,Star Ocean: The Second Story R,presence,,added,wikidata:video-game-adaptation,New event entered the live dataset
2026-08-26,event,added,Little Noah: Scion of Paradise,presence,,added,wikidata:video-game-adaptation,New event entered the live dataset
2026-08-26,event,added,Battle City (SMS),presence,,added,wikidata:video-game-adaptation,New event entered the live dataset
2026-08-26,event,added,Double Dragon Advance,presence,,added,wikidata:video-game-adaptation,New event entered the live dataset
2026-08-26,event,added,Risk of Rain Returns,presence,,added,wikidata:video-game-adaptation,New event entered the live dataset
2026-08-26,event,added,The Idolmaster Shiny Colors Song for Prism,presence,,added,wikidata:video-game-adaptation,New event entered the live dataset
2026-08-26,event,added,The King of Fighters XIII: Global Match,presence,,added,wikidata:video-game-adaptation,New event entered the live dataset
2026-08-26,event,added,Super Mario RPG,presence,,added,wikidata:video-game-adaptation,New event entered the live dataset
2026-08-26,event,added,Turok 3: Shadow of Oblivion Remastered,presence,,added,wikidata:video-game-adaptation,New event entered the live dataset
2026-08-26,event,added,Trip World DX,presence,,added,wikidata:video-game-adaptation,New event entered the live dataset
2026-08-26,event,added,Hitman: Blood Money Reprisal,presence,,added,wikidata:video-game-adaptation,New event entered the live dataset
2026-08-26,event,added,Kingpin: Reloaded,presence,,added,wikidata:video-game-adaptation,New event entered the live dataset
2026-08-26,event,added,Lego Fortnite,presence,,added,wikidata:video-game-adaptation,New event entered the live dataset
2026-08-26,event,added,Rocket Racing,presence,,added,wikidata:video-game-adaptation,New event entered the live dataset
2026-08-26,event,added,Fortnite Festival,presence,,added,wikidata:video-game-adaptation,New event entered the live dataset
2026-08-26,event,added,Granblue Fantasy Versus: Rising,presence,,added,wikidata:video-game-adaptation,New event entered the live dataset
2026-08-26,event,added,One.,presence,,added,wikidata:video-game-adaptation,New event entered the live dataset
2026-08-26,event,added,Solitary Fighter,presence,,added,wikidata:video-game-adaptation,New event entered the live dataset
2026-08-26,event,added,Daggerfall Unity,presence,,added,wikidata:video-game-adaptation,New event entered the live dataset
2026-08-26,event,added,X-Out: Resurfaced,presence,,added,wikidata:video-game-adaptation,New event entered the live dataset
2026-08-26,event,added,Suika Game,presence,,added,wikidata:video-game-adaptation,New event entered the live dataset
2026-08-26,event,added,Winter Memories,presence,,added,wikidata:video-game-adaptation,New event entered the live dataset
2026-08-26,event,added,Another Code: Recollection,presence,,added,wikidata:video-game-adaptation,New event entered the live dataset
2026-08-26,event,added,The Last of Us Part II Remastered,presence,,added,wikidata:video-game-adaptation,New event entered the live dataset
2026-08-26,event,added,The Legend of Steel Empire,presence,,added,wikidata:video-game-adaptation,New event entered the live dataset
2026-08-26,event,added,Yūki Yūna wa Yūsha de Aru: Hanayui no Kirameki,presence,,added,wikidata:video-game-adaptation,New event entered the live dataset
2026-08-26,event,added,Death Stranding Director's Cut,presence,,added,wikidata:video-game-adaptation,New event entered the live dataset
2026-08-26,event,added,Granblue Fantasy: Relink,presence,,added,wikidata:video-game-adaptation,New event entered the live dataset
2026-08-26,event,added,To Heart 2: Dungeon Travelers,presence,,added,wikidata:video-game-adaptation,New event entered the live dataset
2026-08-26,event,added,Trip World DX,presence,,added,wikidata:video-game-adaptation,New event entered the live dataset
2026-08-26,event,added,Riviera: The Promised Land Remaster,presence,,added,wikidata:video-game-adaptation,New event entered the live dataset
2026-08-26,event,added,Star Wars: Dark Forces Remaster,presence,,added,wikidata:video-game-adaptation,New event entered the live dataset
2026-08-26,event,added,Brothers: A Tale of Two Sons Remake,presence,,added,wikidata:video-game-adaptation,New event entered the live dataset
2026-08-26,event,added,"Of the Red, the Light, and the Ayakashi Tsuzuri",presence,,added,wikidata:video-game-adaptation,New event entered the live dataset
2026-08-26,event,added,Akka Arrh,presence,,added,wikidata:video-game-adaptation,New event entered the live dataset
2026-08-26,event,added,Contra: Operation Galuga,presence,,added,wikidata:video-game-adaptation,New event entered the live dataset
2026-08-26,event,added,Paper Minecraft,presence,,added,wikidata:video-game-adaptation,New event entered the live dataset
2026-08-26,event,added,Grandia HD Collection,presence,,added,wikidata:video-game-adaptation,New event entered the live dataset
2026-08-26,event,added,Suika Game,presence,,added,wikidata:video-game-adaptation,New event entered the live dataset
2026-08-26,event,added,Suika Game,presence,,added,wikidata:video-game-adaptation,New event entered the live dataset
2026-08-26,event,added,Anno 1701 History Edition,presence,,added,wikidata:video-game-adaptation,New event entered the live dataset
2026-08-26,event,added,Teenage Mutant Ninja Turtles Arcade: Wrath of the Mutants,presence,,added,wikidata:video-game-adaptation,New event entered the live dataset
2026-08-26,event,added,Assault Suit Leynos 2 - Saturn Tribute,presence,,added,wikidata:video-game-adaptation,New event entered the live dataset
2026-08-26,event,added,Ghost of Tsushima Director's Cut,presence,,added,wikidata:video-game-adaptation,New event entered the live dataset
2026-08-26,event,added,Wizardry: Proving Grounds of the Mad Overlord,presence,,added,wikidata:video-game-adaptation,New event entered the live dataset
2026-08-26,event,added,Paper Mario: The Thousand-Year Door,presence,,added,wikidata:video-game-adaptation,New event entered the live dataset
2026-08-26,event,added,Ys Memoire: The Oath in Felghana,presence,,added,wikidata:video-game-adaptation,New event entered the live dataset
2026-08-26,event,added,Riviera: The Promised Land Remaster,presence,,added,wikidata:video-game-adaptation,New event entered the live dataset
2026-08-26,event,added,WiZmans World Re:Try,presence,,added,wikidata:video-game-adaptation,New event entered the live dataset
2026-08-26,event,added,Rug Rats,presence,,added,wikidata:video-game-adaptation,New event entered the live dataset
2026-08-26,event,added,Sore wa Maichiru Sakura no You ni -Re:BIRTH-,presence,,added,wikidata:video-game-adaptation,New event entered the live dataset
2026-08-26,event,added,Shin Megami Tensei V: Vengeance,presence,,added,wikidata:video-game-adaptation,New event entered the live dataset
2026-08-26,event,added,Baten Kaitos I & II HD Remaster,presence,,added,wikidata:video-game-adaptation,New event entered the live dataset
2026-08-26,event,added,Kanon,presence,,added,wikidata:video-game-adaptation,New event entered the live dataset
2026-08-26,event,added,Natsuno-Kanata: Beyond Summer,presence,,added,wikidata:video-game-adaptation,New event entered the live dataset
2026-08-26,event,added,Figure Adventure,presence,,added,wikidata:video-game-adaptation,New event entered the live dataset
2026-08-26,event,added,Beyond Good & Evil 20th Anniversary Edition,presence,,added,wikidata:video-game-adaptation,New event entered the live dataset
2026-08-26,event,added,Riven,presence,,added,wikidata:video-game-adaptation,New event entered the live dataset
2026-08-26,event,added,Tsukihime: A piece of blue glass moon,presence,,added,wikidata:video-game-adaptation,New event entered the live dataset
2026-08-26,event,added,Luigi's Mansion 2 HD,presence,,added,wikidata:video-game-adaptation,New event entered the live dataset
2026-08-26,event,added,Dōkyūsei 2 Remake,presence,,added,wikidata:video-game-adaptation,New event entered the live dataset
2026-08-26,event,added,Brickadia,presence,,added,wikidata:video-game-adaptation,New event entered the live dataset
2026-08-26,event,added,Master Detective Archives: Rain Code +,presence,,added,wikidata:video-game-adaptation,New event entered the live dataset
2026-08-26,event,added,KRITIKA:ZERO,presence,,added,wikidata:video-game-adaptation,New event entered the live dataset
2026-08-26,event,added,Star Wars: Bounty Hunter,presence,,added,wikidata:video-game-adaptation,New event entered the live dataset
2026-08-26,event,added,Tomba! Special Edition,presence,,added,wikidata:video-game-adaptation,New event entered the live dataset
2026-08-26,event,added,Super Minesweeper,presence,,added,wikidata:video-game-adaptation,New event entered the live dataset
2026-08-26,event,added,Koumajou Remilia: Scarlet Symphony,presence,,added,wikidata:video-game-adaptation,New event entered the live dataset
2026-08-26,event,added,Fate/stay night Remastered,presence,,added,wikidata:video-game-adaptation,New event entered the live dataset
2026-08-26,event,added,Sam & Max: The Devil’s Playhouse Remastered,presence,,added,wikidata:video-game-adaptation,New event entered the live dataset
2026-08-26,event,added,Misao 2024 HD Remaster,presence,,added,wikidata:video-game-adaptation,New event entered the live dataset
2026-08-26,event,added,Natsuno-Kanata: Beyond Summer,presence,,added,wikidata:video-game-adaptation,New event entered the live dataset
2026-08-26,event,added,Blade & Soul Heroes,presence,,added,wikidata:video-game-adaptation,New event entered the live dataset
2026-08-26,event,added,WitchSpring R,presence,,added,wikidata:video-game-adaptation,New event entered the live dataset
2026-08-26,event,added,Age of Mythology: Retold,presence,,added,wikidata:video-game-adaptation,New event entered the live dataset
2026-08-26,event,added,Ace Attorney Investigations Collection,presence,,added,wikidata:video-game-adaptation,New event entered the live dataset
2026-08-26,event,added,Lollipop Chainsaw RePOP,presence,,added,wikidata:video-game-adaptation,New event entered the live dataset
2026-08-26,event,added,Metro Quester: Osaka,presence,,added,wikidata:video-game-adaptation,New event entered the live dataset
2026-08-26,event,added,Dead Rising Deluxe Remaster,presence,,added,wikidata:video-game-adaptation,New event entered the live dataset
2026-08-26,event,added,Broken Sword - Shadow of the Templars: Reforged,presence,,added,wikidata:video-game-adaptation,New event entered the live dataset
2026-08-26,event,added,The Exit 8 VR,presence,,added,wikidata:video-game-adaptation,New event entered the live dataset
2026-08-26,event,added,Incredibox - Sprunki MODDED!!,presence,,added,wikidata:video-game-adaptation,New event entered the live dataset
2026-08-26,event,added,Epic Mickey: Rebrushed,presence,,added,wikidata:video-game-adaptation,New event entered the live dataset
2026-08-26,event,added,Figure Story: Re.Start,presence,,added,wikidata:video-game-adaptation,New event entered the live dataset
2026-08-26,event,added,9th Dawn Remake,presence,,added,wikidata:video-game-adaptation,New event entered the live dataset
2026-08-26,event,added,Worms Armageddon: Anniversary Edition,presence,,added,wikidata:video-game-adaptation,New event entered the live dataset
2026-08-26,event,added,Night Slashers: Remake,presence,,added,wikidata:video-game-adaptation,New event entered the live dataset
2026-08-26,event,added,Trials of Mana,presence,,added,wikidata:video-game-adaptation,New event entered the live dataset
2026-08-26,event,added,Final Fantasy VI,presence,,added,wikidata:video-game-adaptation,New event entered the live dataset
2026-08-26,event,added,"Pokémon Let's Go, Pikachu! and Let's Go, Eevee!",presence,,added,wikidata:video-game-adaptation,New event entered the live dataset
2026-08-26,event,added,OneShot: World Machine Edition,presence,,added,wikidata:video-game-adaptation,New event entered the live dataset
2026-08-26,event,added,Master Detective Archives: Rain Code +,presence,,added,wikidata:video-game-adaptation,New event entered the live dataset
2026-08-26,event,advanced,Until Dawn,runtime,2025-04-25 → 2025-05-08,2024-10-04 → 2024-10-04,wikidata:video-game-adaptation,Event window moved 2025-04-25/2025-05-08 → 2024-10-04/2024-10-04
2026-08-26,event,confirmation_changed,Until Dawn,confirmation,confirmed,wikidata release date,wikidata:video-game-adaptation,Confirmation confirmed → wikidata release date
2026-08-26,event,added,Flappy Bird,presence,,added,wikidata:video-game-adaptation,New event entered the live dataset
2026-08-26,event,added,Backyard Baseball '97,presence,,added,wikidata:video-game-adaptation,New event entered the live dataset
2026-08-26,event,added,Microtopia: Prologue,presence,,added,wikidata:video-game-adaptation,New event entered the live dataset
2026-08-26,event,added,Arizona Sunshine Remake,presence,,added,wikidata:video-game-adaptation,New event entered the live dataset
2026-08-26,event,added,Dandy's World - Bake Night Terror!,presence,,added,wikidata:video-game-adaptation,New event entered the live dataset
2026-08-26,event,added,Romancing SaGa 2: Revenge of the Seven,presence,,added,wikidata:video-game-adaptation,New event entered the live dataset
2026-08-26,event,added,Romance of the Three Kingdoms VIII: Remake,presence,,added,wikidata:video-game-adaptation,New event entered the live dataset
2026-08-26,event,added,Sonic X Shadow Generations,presence,,added,wikidata:video-game-adaptation,New event entered the live dataset
2026-08-26,event,added,Incredibox - Sprunki Babies,presence,,added,wikidata:video-game-adaptation,New event entered the live dataset
2026-08-26,event,added,Oasis,presence,,added,wikidata:video-game-adaptation,New event entered the live dataset
2026-08-26,event,added,Shadows of the Damned: Hella Remastered,presence,,added,wikidata:video-game-adaptation,New event entered the live dataset
2026-08-26,event,added,Clock Tower: Rewind,presence,,added,wikidata:video-game-adaptation,New event entered the live dataset
2026-08-26,event,added,Sprunki Icebox Cool As Ice Incredibox,presence,,added,wikidata:video-game-adaptation,New event entered the live dataset
2026-08-26,event,added,Incredibop - Deadline,presence,,added,wikidata:video-game-adaptation,New event entered the live dataset
2026-08-26,event,added,Empire of the Ants,presence,,added,wikidata:video-game-adaptation,New event entered the live dataset
2026-08-26,event,added,Little Big Adventure: Twinsen's Quest,presence,,added,wikidata:video-game-adaptation,New event entered the live dataset
2026-08-26,event,added,Dragon Quest III HD-2D Remake,presence,,added,wikidata:video-game-adaptation,New event entered the live dataset
2026-08-26,event,added,Stellar Blade x NieR:Automata,presence,,added,wikidata:video-game-adaptation,New event entered the live dataset
2026-08-26,event,added,Backyard Soccer '98,presence,,added,wikidata:video-game-adaptation,New event entered the live dataset
2026-08-26,event,added,Lollipop Chainsaw RePOP,presence,,added,wikidata:video-game-adaptation,New event entered the live dataset
2026-08-26,event,added,Under Defeat HD,presence,,added,wikidata:video-game-adaptation,New event entered the live dataset
2026-08-26,event,added,Legacy of Kain: Soul Reaver 1-2 Remastered,presence,,added,wikidata:video-game-adaptation,New event entered the live dataset
2026-08-26,event,added,Fortnite Ballistic,presence,,added,wikidata:video-game-adaptation,New event entered the live dataset
2026-08-26,event,added,Kono Aozora ni Yakusoku o Refine,presence,,added,wikidata:video-game-adaptation,New event entered the live dataset
2026-08-26,event,added,Fate/hollow ataraxia Remastered,presence,,added,wikidata:video-game-adaptation,New event entered the live dataset
2026-08-26,event,added,"SFBC ""Fake"" Commercial Film",presence,,added,wikidata:video-game-adaptation,New event entered the live dataset
2026-08-26,event,added,Ys Memoire: The Oath in Felghana,presence,,added,wikidata:video-game-adaptation,New event entered the live dataset
2026-08-26,event,added,Freedom Wars Remastered,presence,,added,wikidata:video-game-adaptation,New event entered the live dataset
2026-08-26,event,added,Tales of Graces f Remastered,presence,,added,wikidata:video-game-adaptation,New event entered the live dataset
2026-08-26,event,added,Montezuma's Revenge - The 40th Anniversary Edition,presence,,added,wikidata:video-game-adaptation,New event entered the live dataset
2026-08-26,event,added,Donkey Kong Country Returns HD,presence,,added,wikidata:video-game-adaptation,New event entered the live dataset
2026-08-26,event,added,DreadOut Remastered Collection,presence,,added,wikidata:video-game-adaptation,New event entered the live dataset
2026-08-26,event,added,Colorful Stage! The Movie: A Miku Who Can't Sing,presence,,added,wikidata:video-game-adaptation,New event entered the live dataset
2026-08-26,event,added,Needy Streamer Overload: Typing of The Net,presence,,added,wikidata:video-game-adaptation,New event entered the live dataset
2026-08-26,event,added,Star Wars Episode I: Jedi Power Battles,presence,,added,wikidata:video-game-adaptation,New event entered the live dataset
2026-08-26,event,added,Sword of the Necromancer: Resurrection,presence,,added,wikidata:video-game-adaptation,New event entered the live dataset
2026-08-26,event,added,Virtua Fighter 5 R.E.V.O.,presence,,added,wikidata:video-game-adaptation,New event entered the live dataset
2026-08-26,event,added,Under Defeat HD,presence,,added,wikidata:video-game-adaptation,New event entered the live dataset
2026-08-26,event,added,Mizuiro Remake,presence,,added,wikidata:video-game-adaptation,New event entered the live dataset
2026-08-26,event,added,The King of Fighters XIII: Global Match,presence,,added,wikidata:video-game-adaptation,New event entered the live dataset
2026-08-26,event,added,MapleStory R: Evolution,presence,,added,wikidata:video-game-adaptation,New event entered the live dataset
2026-08-26,event,added,Suikoden I & II HD Remaster: Gate Rune and Dunan Unification Wars,presence,,added,wikidata:video-game-adaptation,New event entered the live dataset
2026-08-26,event,added,Fate: Reawakened,presence,,added,wikidata:video-game-adaptation,New event entered the live dataset
2026-08-26,event,added,P-47 II MD,presence,,added,wikidata:video-game-adaptation,New event entered the live dataset
2026-08-26,event,added,Phantom Thief Angels: Twin Angel – Labyrinth of Time and World – Re:light,presence,,added,wikidata:video-game-adaptation,New event entered the live dataset
2026-08-26,event,added,Half-Life 2 RTX,presence,,added,wikidata:video-game-adaptation,New event entered the live dataset
2026-08-26,event,added,Xenoblade Chronicles X: Definitive Edition,presence,,added,wikidata:video-game-adaptation,New event entered the live dataset
2026-08-26,event,added,Last Origin R+,presence,,added,wikidata:video-game-adaptation,New event entered the live dataset
2026-08-26,event,added,Iron Saga VS,presence,,added,wikidata:video-game-adaptation,New event entered the live dataset
2026-08-26,event,added,Tayutama: Kiss on my Deity,presence,,added,wikidata:video-game-adaptation,New event entered the live dataset
2026-08-26,event,added,SaGa Frontier 2 Remastered,presence,,added,wikidata:video-game-adaptation,New event entered the live dataset
2026-08-26,event,added,Bubble Ghost Remake,presence,,added,wikidata:video-game-adaptation,New event entered the live dataset
2026-08-26,event,added,Madoka Magica Magia Exedra,presence,,added,wikidata:video-game-adaptation,New event entered the live dataset
2026-08-26,event,added,Venus Vacation Prism: Dead or Alive Xtreme,presence,,added,wikidata:video-game-adaptation,New event entered the live dataset
2026-08-26,event,added,Backyard Baseball '97,presence,,added,wikidata:video-game-adaptation,New event entered the live dataset
2026-08-26,event,added,Croc: Legend of the Gobbos,presence,,added,wikidata:video-game-adaptation,New event entered the live dataset
2026-08-26,event,added,The Last of Us Part II Remastered,presence,,added,wikidata:video-game-adaptation,New event entered the live dataset
2026-08-26,event,added,Snow Bros. 2 Special,presence,,added,wikidata:video-game-adaptation,New event entered the live dataset
2026-08-26,event,added,The Talos Principle: Reawakened,presence,,added,wikidata:video-game-adaptation,New event entered the live dataset
2026-08-26,event,added,Home Sweet Home Rebirth,presence,,added,wikidata:video-game-adaptation,New event entered the live dataset
2026-08-26,event,added,Phantom Breaker: Battle Grounds Ultimate,presence,,added,wikidata:video-game-adaptation,New event entered the live dataset
2026-08-26,event,added,Lunar Remastered Collection,presence,,added,wikidata:video-game-adaptation,New event entered the live dataset
2026-08-26,event,added,MapleStory Worlds,presence,,added,wikidata:video-game-adaptation,New event entered the live dataset
2026-08-26,event,added,Amerzone: The Explorer's Legacy,presence,,added,wikidata:video-game-adaptation,New event entered the live dataset
2026-08-26,event,added,OneShot: World Machine Edition,presence,,added,wikidata:video-game-adaptation,New event entered the live dataset
2026-08-26,event,added,9th Dawn Remake,presence,,added,wikidata:video-game-adaptation,New event entered the live dataset
2026-08-26,event,added,Flappy Bird,presence,,added,wikidata:video-game-adaptation,New event entered the live dataset
2026-08-26,event,added,9th Dawn Remake,presence,,added,wikidata:video-game-adaptation,New event entered the live dataset
2026-08-26,event,added,Age of Empires II: Definitive Edition,presence,,added,wikidata:video-game-adaptation,New event entered the live dataset
2026-08-26,event,added,Tokimeki Memorial: forever with you Emotional,presence,,added,wikidata:video-game-adaptation,New event entered the live dataset
2026-08-26,event,added,Colorful Stage! The Movie: A Miku Who Can't Sing,presence,,added,wikidata:video-game-adaptation,New event entered the live dataset
2026-08-26,event,added,DreadOut Remastered Collection,presence,,added,wikidata:video-game-adaptation,New event entered the live dataset
2026-08-26,event,advanced,Exit 8,runtime,2025-08-29 → 2025-09-11,2025-05-19 → 2025-05-19,wikidata:video-game-adaptation,Event window moved 2025-08-29/2025-09-11 → 2025-05-19/2025-05-19
2026-08-26,event,confirmation_changed,Exit 8,confirmation,confirmed,wikidata release date,wikidata:video-game-adaptation,Confirmation confirmed → wikidata release date
2026-08-26,event,added,Ys Memoire: Revelations in Celceta,presence,,added,wikidata:video-game-adaptation,New event entered the live dataset
2026-08-26,event,added,Mobile Suit Gundam SEED: Battle Destiny Remastered,presence,,added,wikidata:video-game-adaptation,New event entered the live dataset
2026-08-26,event,added,Onimusha 2: Samurai's Destiny Remaster,presence,,added,wikidata:video-game-adaptation,New event entered the live dataset
2026-08-26,event,added,Bravely Default: Flying Fairy HD Remaster,presence,,added,wikidata:video-game-adaptation,New event entered the live dataset
2026-08-26,event,added,Sonic X Shadow Generations,presence,,added,wikidata:video-game-adaptation,New event entered the live dataset
2026-08-26,event,added,Yakuza 0: Director's Cut,presence,,added,wikidata:video-game-adaptation,New event entered the live dataset
2026-08-26,event,added,Side Kicks! beyond,presence,,added,wikidata:video-game-adaptation,New event entered the live dataset
2026-08-26,event,added,"Warhammer 40,000: Space Marine – Master Crafted Edition",presence,,added,wikidata:video-game-adaptation,New event entered the live dataset
2026-08-26,event,added,Stellar Blade x Goddess of Victory: Nikke,presence,,added,wikidata:video-game-adaptation,New event entered the live dataset
2026-08-26,event,added,Raidou Remastered: The Mystery of the Soulless Army,presence,,added,wikidata:video-game-adaptation,New event entered the live dataset
2026-08-26,event,added,Front Mission 3: Remake,presence,,added,wikidata:video-game-adaptation,New event entered the live dataset
2026-08-26,event,added,To Heart,presence,,added,wikidata:video-game-adaptation,New event entered the live dataset
2026-08-26,event,added,Backyard Baseball '01,presence,,added,wikidata:video-game-adaptation,New event entered the live dataset
2026-08-26,event,added,Tony Hawk's Pro Skater 3 + 4,presence,,added,wikidata:video-game-adaptation,New event entered the live dataset
2026-08-26,event,added,Patapon 1+2 Replay,presence,,added,wikidata:video-game-adaptation,New event entered the live dataset
2026-08-26,event,added,Stronghold Crusader: Definitive Edition,presence,,added,wikidata:video-game-adaptation,New event entered the live dataset
2026-08-26,event,added,Dungeons & Dragons Neverwinter Nights 2: Enhanced Edition,presence,,added,wikidata:video-game-adaptation,New event entered the live dataset
2026-08-26,event,added,Madoka Magica Magia Exedra,presence,,added,wikidata:video-game-adaptation,New event entered the live dataset
2026-08-26,event,added,Blue Protocol: Star Resonance,presence,,added,wikidata:video-game-adaptation,New event entered the live dataset
2026-08-26,event,added,Tomba! Special Edition,presence,,added,wikidata:video-game-adaptation,New event entered the live dataset
2026-08-26,event,added,Heretic + Hexen,presence,,added,wikidata:video-game-adaptation,New event entered the live dataset
2026-08-26,event,added,The House of the Dead 2: Remake,presence,,added,wikidata:video-game-adaptation,New event entered the live dataset
2026-08-26,event,added,"Warhammer 40,000: Dawn of War – Definitive Edition",presence,,added,wikidata:video-game-adaptation,New event entered the live dataset
2026-08-26,event,added,OFF,presence,,added,wikidata:video-game-adaptation,New event entered the live dataset
2026-08-26,event,added,As One,presence,,added,wikidata:video-game-adaptation,New event entered the live dataset
2026-08-26,event,added,Gears of War: Reloaded,presence,,added,wikidata:video-game-adaptation,New event entered the live dataset
2026-08-26,event,delayed,Exit 8,runtime,2025-08-29 → 2025-09-11,2025-09-04 → 2025-09-04,wikidata:video-game-adaptation,Event window moved 2025-08-29/2025-09-11 → 2025-09-04/2025-09-04
2026-08-26,event,confirmation_changed,Exit 8,confirmation,confirmed,wikidata release date,wikidata:video-game-adaptation,Confirmation confirmed → wikidata release date
2026-08-26,event,added,Backyard Football '99,presence,,added,wikidata:video-game-adaptation,New event entered the live dataset
2026-08-26,event,added,Gloomy Eyes,presence,,added,wikidata:video-game-adaptation,New event entered the live dataset
2026-08-26,event,added,Platypus Reclayed,presence,,added,wikidata:video-game-adaptation,New event entered the live dataset
2026-08-26,event,added,Class of Heroes 3: Remaster,presence,,added,wikidata:video-game-adaptation,New event entered the live dataset
2026-08-26,event,added,Trails in the Sky 1st Chapter,presence,,added,wikidata:video-game-adaptation,New event entered the live dataset
2026-08-26,event,added,Blade & Soul Heroes,presence,,added,wikidata:video-game-adaptation,New event entered the live dataset
2026-08-26,event,added,Pac-Man World 2 Re-Pac,presence,,added,wikidata:video-game-adaptation,New event entered the live dataset
2026-08-26,event,added,Mamorukun ReCurse!,presence,,added,wikidata:video-game-adaptation,New event entered the live dataset
2026-08-26,event,added,Kao no nai Tsuki - Matsuyoi no Soutsubaki,presence,,added,wikidata:video-game-adaptation,New event entered the live dataset
2026-08-26,event,added,Final Fantasy Tactics - The Ivalice Chronicles,presence,,added,wikidata:video-game-adaptation,New event entered the live dataset
2026-08-26,event,added,Castle of Heart: Retold,presence,,added,wikidata:video-game-adaptation,New event entered the live dataset
2026-08-26,event,added,The Legend of Steel Empire,presence,,added,wikidata:video-game-adaptation,New event entered the live dataset
2026-08-26,event,added,Yooka-Replaylee,presence,,added,wikidata:video-game-adaptation,New event entered the live dataset
2026-08-26,event,added,Blue Protocol: Star Resonance,presence,,added,wikidata:video-game-adaptation,New event entered the live dataset
2026-08-26,event,added,Little Nightmares Enhanced Edition,presence,,added,wikidata:video-game-adaptation,New event entered the live dataset
2026-08-26,event,added,Miliastra Wonderland,presence,,added,wikidata:video-game-adaptation,New event entered the live dataset
2026-08-26,event,added,Miliastra Sandbox,presence,,added,wikidata:video-game-adaptation,New event entered the live dataset
2026-08-26,event,added,The House of the Dead 2: Remake,presence,,added,wikidata:video-game-adaptation,New event entered the live dataset
2026-08-26,event,added,Dragon Quest I & II HD-2D Remake,presence,,added,wikidata:video-game-adaptation,New event entered the live dataset
2026-08-26,event,added,D.C. ~Da Capo~ Re:tune,presence,,added,wikidata:video-game-adaptation,New event entered the live dataset
2026-08-26,event,added,Virtua Fighter 5 R.E.V.O.,presence,,added,wikidata:video-game-adaptation,New event entered the live dataset
2026-08-26,event,added,Tales of Xillia Remastered,presence,,added,wikidata:video-game-adaptation,New event entered the live dataset
2026-08-26,event,added,Anima: Gate of Memories I & II Remaster,presence,,added,wikidata:video-game-adaptation,New event entered the live dataset
2026-08-26,event,added,R-Type Delta: HD Boosted,presence,,added,wikidata:video-game-adaptation,New event entered the live dataset
2026-08-26,event,added,Outlaws + Handful of Missions: Remaster,presence,,added,wikidata:video-game-adaptation,New event entered the live dataset
2026-08-26,event,added,Ripple Island: Kyle and Cal's Restaurant,presence,,added,wikidata:video-game-adaptation,New event entered the live dataset
2026-08-26,event,added,LoveR Kiss: Endless Memories,presence,,added,wikidata:video-game-adaptation,New event entered the live dataset
2026-08-26,event,added,Pou 3D,presence,,added,wikidata:video-game-adaptation,New event entered the live dataset
2026-08-26,event,added,Suika Game Planet,presence,,added,wikidata:video-game-adaptation,New event entered the live dataset
2026-08-26,event,added,Yūkyū Gensōkyoku Revival,presence,,added,wikidata:video-game-adaptation,New event entered the live dataset
2026-08-26,event,added,Persona 4 Revival,presence,,added,wikidata:video-game-adaptation,New event entered the live dataset
