as_of,kind,change_type,title,field,before,after,source,detail
2026-08-18,product,added,Doom: The Dark Ages,presence,,added,"Bethesda / id Software — May 15, 2025",New product entered the live dataset
2026-08-18,product,added,Death Stranding 2: On the Beach,presence,,added,"Kojima Productions / PlayStation — PS5 Jun 26, 2025 (PC Mar 19, 2026)",New product entered the live dataset
2026-08-18,product,added,Mafia: The Old Country,presence,,added,"2K Newsroom — Aug 8, 2025",New product entered the live dataset
2026-08-18,product,added,Hollow Knight: Silksong,presence,,added,"Team Cherry — Sep 4, 2025",New product entered the live dataset
2026-08-18,product,added,Ghost of Yōtei,presence,,added,"PlayStation Blog — Oct 2, 2025",New product entered the live dataset
2026-08-18,product,added,Metroid Prime 4: Beyond,presence,,added,"Nintendo — Dec 4, 2025",New product entered the live dataset
2026-08-18,product,added,Marvel's Wolverine,presence,,added,"Marvel.com / PlayStation Store / Insomniac — Sep 15, 2026",New product entered the live dataset
2026-08-18,product,added,OD,presence,,added,announced_registry,New product entered the live dataset
2026-08-18,product,added,Assassin's Creed Codename Hexe,presence,,added,announced_registry,New product entered the live dataset
2026-08-18,product,added,Chronicles of Darkness,presence,,added,announced_registry,New product entered the live dataset
2026-08-18,product,added,The Witcher 4,presence,,added,announced_registry,New product entered the live dataset
2026-08-18,product,added,Intergalactic: The Heretic Prophet,presence,,added,announced_registry,New product entered the live dataset
2026-08-18,product,added,Okami 2,presence,,added,announced_registry,New product entered the live dataset
2026-08-18,product,added,BioShock 4,presence,,added,announced_registry,New product entered the live dataset
2026-08-18,product,added,The Elder Scrolls VI,presence,,added,announced_registry,New product entered the live dataset
2026-08-18,product,added,ACE COMBAT 8 - WINGS OF THEVE,presence,,added,catalog,New product entered the live dataset
2026-08-18,product,added,ACE COMBAT 8 - WINGS OF THEVE Deluxe Edition,presence,,added,catalog,New product entered the live dataset
2026-08-18,product,added,ACE COMBAT 8 WINGS OF THEVE,presence,,added,catalog,New product entered the live dataset
2026-08-18,product,added,Aggelos 2,presence,,added,catalog,New product entered the live dataset
2026-08-18,product,added,Aliens Fireteam Elite 2,presence,,added,catalog,New product entered the live dataset
2026-08-18,product,added,Am I Nima,presence,,added,catalog,New product entered the live dataset
2026-08-18,product,added,ANOMALITH,presence,,added,catalog,New product entered the live dataset
2026-08-18,product,added,Another Eden Begins,presence,,added,catalog,New product entered the live dataset
2026-08-18,product,added,BeastLink,presence,,added,catalog,New product entered the live dataset
2026-08-18,product,added,BioEden,presence,,added,catalog,New product entered the live dataset
2026-08-18,product,added,Breathedge 2,presence,,added,catalog,New product entered the live dataset
2026-08-18,product,added,Brigador Killers,presence,,added,catalog,New product entered the live dataset
2026-08-18,product,added,BRIGANDINE ABYSS,presence,,added,catalog,New product entered the live dataset
2026-08-18,product,added,Bus Simulator 27,presence,,added,catalog,New product entered the live dataset
2026-08-18,product,added,Bus Simulator 27 Year 1 Edition,presence,,added,catalog,New product entered the live dataset
2026-08-18,product,added,Call of Duty - Modern Warfare 4,presence,,added,catalog,New product entered the live dataset
2026-08-18,product,added,Call of Duty - Modern Warfare 4 Vault Edition,presence,,added,catalog,New product entered the live dataset
2026-08-18,product,added,Call of Duty Modern Warfare 4 - Vault Edition Upgrade DLC,presence,,added,catalog,New product entered the live dataset
2026-08-18,product,added,CALX,presence,,added,catalog,New product entered the live dataset
2026-08-18,product,added,CAPTAIN TSUBASA 2 WORLD FIGHTERS - Deluxe Edition,presence,,added,catalog,New product entered the live dataset
2026-08-18,product,added,CAPTAIN TSUBASA 2 WORLD FIGHTERS - Ultimate Edition,presence,,added,catalog,New product entered the live dataset
2026-08-18,product,added,CAPTAIN TSUBASA 2 WORLD FIGHTERS,presence,,added,catalog,New product entered the live dataset
2026-08-18,product,added,Castlevania - Belmont's Curse,presence,,added,catalog,New product entered the live dataset
2026-08-18,product,added,Castlevania - Belmont's Curse Midnight Edition,presence,,added,catalog,New product entered the live dataset
2026-08-18,product,added,Castlevania Belmont's Curse,presence,,added,catalog,New product entered the live dataset
2026-08-18,product,added,Clive Barker's Hellraiser Revival,presence,,added,catalog,New product entered the live dataset
2026-08-18,product,added,CONTROL Resonant,presence,,added,catalog,New product entered the live dataset
2026-08-18,product,added,CONTROL Resonant Digital Deluxe Edition,presence,,added,catalog,New product entered the live dataset
2026-08-18,product,added,Cozy Game Restoration,presence,,added,catalog,New product entered the live dataset
2026-08-18,product,added,Cozy Marbles,presence,,added,catalog,New product entered the live dataset
2026-08-18,product,added,Cupid Paraside,presence,,added,catalog,New product entered the live dataset
2026-08-18,product,added,Detective Sherlock - Shadow Stalker,presence,,added,catalog,New product entered the live dataset
2026-08-18,product,added,Dimraeth,presence,,added,catalog,New product entered the live dataset
2026-08-18,product,added,Disney/Pixar Toy Story 3 Complete Edition,presence,,added,catalog,New product entered the live dataset
2026-08-18,product,added,Dragon Quest Monsters The Witchered World,presence,,added,catalog,New product entered the live dataset
2026-08-18,product,added,Dragon Shelter,presence,,added,catalog,New product entered the live dataset
2026-08-18,product,added,Dragon's Dogma 2 - Dark Arisen,presence,,added,catalog,New product entered the live dataset
2026-08-18,product,added,Dragon's Dogma 2 - Dark Arisen Expansion DLC,presence,,added,catalog,New product entered the live dataset
2026-08-18,product,added,Droid Escape,presence,,added,catalog,New product entered the live dataset
2026-08-18,product,added,Dungeon Settlers,presence,,added,catalog,New product entered the live dataset
2026-08-18,product,added,Dungeons And Cat,presence,,added,catalog,New product entered the live dataset
2026-08-18,product,added,Dynasty Warriors 3 Complete Edition Remastered,presence,,added,catalog,New product entered the live dataset
2026-08-18,product,added,Dynasty Warriors 3 Complete Edition Remastered Digital Deluxe Edition,presence,,added,catalog,New product entered the live dataset
2026-08-18,product,added,EA SPORTS FC 27,presence,,added,catalog,New product entered the live dataset
2026-08-18,product,added,EA SPORTS FC 27 Ultimate Edition,presence,,added,catalog,New product entered the live dataset
2026-08-18,product,added,EA SPORTS FC 27 Ultimate Plus Edition,presence,,added,catalog,New product entered the live dataset
2026-08-18,product,added,ELDEN RING Tarnished Edition,presence,,added,catalog,New product entered the live dataset
2026-08-18,product,added,Emberville,presence,,added,catalog,New product entered the live dataset
2026-08-18,product,added,End of Abyss,presence,,added,catalog,New product entered the live dataset
2026-08-18,product,added,Fable,presence,,added,"Xbox / Playground Games — Feb 23, 2027",New product entered the live dataset
2026-08-18,product,added,Fable Premium Edition,presence,,added,catalog,New product entered the live dataset
2026-08-18,product,added,Fable Premium Upgrade DLC,presence,,added,catalog,New product entered the live dataset
2026-08-18,product,added,Farming Simulator 25 Signature Edition,presence,,added,catalog,New product entered the live dataset
2026-08-18,product,added,FINAL FANTASY RESONANCE,presence,,added,catalog,New product entered the live dataset
2026-08-18,product,added,FINAL FANTASY RESONANCE Digital Deluxe Edition,presence,,added,catalog,New product entered the live dataset
2026-08-18,product,added,Fire Emblem Fortune’s Weave,presence,,added,catalog,New product entered the live dataset
2026-08-18,product,added,Forever Ago,presence,,added,catalog,New product entered the live dataset
2026-08-18,product,added,Gallipoli,presence,,added,catalog,New product entered the live dataset
2026-08-18,product,added,Garfield – Escape From Monday,presence,,added,catalog,New product entered the live dataset
2026-08-18,product,added,Gears of War E-Day,presence,,added,catalog,New product entered the live dataset
2026-08-18,product,added,Gears of War E-Day Premium Edition,presence,,added,catalog,New product entered the live dataset
2026-08-18,product,added,Gears of War E-Day Premium Upgrade DLC,presence,,added,catalog,New product entered the live dataset
2026-08-18,product,added,Godzilla Destroy All Monsters Melee Remastered,presence,,added,catalog,New product entered the live dataset
2026-08-18,product,added,Grand Theft Auto VI,presence,,added,Rockstar Games / Take-Two — rockstargames.com/VI,New product entered the live dataset
2026-08-18,product,added,Halloween The Game,presence,,added,catalog,New product entered the live dataset
2026-08-18,product,added,Hearth and Hamlet,presence,,added,catalog,New product entered the live dataset
2026-08-18,product,added,HOT WHEELS Infinite Rush,presence,,added,catalog,New product entered the live dataset
2026-08-18,product,added,HOT WHEELS Infinite Rush Deluxe Edition,presence,,added,catalog,New product entered the live dataset
2026-08-18,product,added,HOT WHEELS Infinite Rush Ultimate Edition,presence,,added,catalog,New product entered the live dataset
2026-08-18,product,added,Hyrule Warriors Age of Imprisonment,presence,,added,catalog,New product entered the live dataset
2026-08-18,product,added,Infinity HexaDome Tactics,presence,,added,catalog,New product entered the live dataset
2026-08-18,product,added,JackHammer Demolition Dodgeball,presence,,added,catalog,New product entered the live dataset
2026-08-18,product,added,Kingdom Rush 6 Genesis TD,presence,,added,catalog,New product entered the live dataset
2026-08-18,product,added,Last Pirates Die Together,presence,,added,catalog,New product entered the live dataset
2026-08-18,product,added,Lou's Lagoon,presence,,added,catalog,New product entered the live dataset
2026-08-18,product,added,Madden NFL 27,presence,,added,announced_registry,New product entered the live dataset
2026-08-18,product,added,Magical Blush,presence,,added,catalog,New product entered the live dataset
2026-08-18,product,added,Marvel’s Wolverine,presence,,added,catalog,New product entered the live dataset
2026-08-18,product,added,Metal Gear Solid Master Collection Vol. 2,presence,,added,catalog,New product entered the live dataset
2026-08-18,product,added,Minecraft Dungeons II,presence,,added,catalog,New product entered the live dataset
2026-08-18,product,added,Minecraft Dungeons II Deluxe Edition,presence,,added,catalog,New product entered the live dataset
2026-08-18,product,added,Mortal Shell II,presence,,added,catalog,New product entered the live dataset
2026-08-18,product,added,Mortal Shell II Devout Edition,presence,,added,catalog,New product entered the live dataset
2026-08-18,product,added,NBA 2K27,presence,,added,catalog,New product entered the live dataset
2026-08-18,product,added,NBA 2K27 Deluxe Edition,presence,,added,catalog,New product entered the live dataset
2026-08-18,product,added,NBA 2K27 Ultra Edition,presence,,added,catalog,New product entered the live dataset
2026-08-18,product,added,NHL 27,presence,,added,catalog,New product entered the live dataset
2026-08-18,product,added,NHL 27 Deluxe Edition,presence,,added,catalog,New product entered the live dataset
2026-08-18,product,added,Nivalis Nights,presence,,added,catalog,New product entered the live dataset
2026-08-18,product,added,Nocturne,presence,,added,catalog,New product entered the live dataset
2026-08-18,product,added,ONE PIECE Grand Gourmet,presence,,added,catalog,New product entered the live dataset
2026-08-18,product,added,Onimusha Way of the Sword,presence,,added,catalog,New product entered the live dataset
2026-08-18,product,added,Onimusha Way of the Sword Deluxe Edition,presence,,added,catalog,New product entered the live dataset
2026-08-18,product,added,Onimusha Way of the Sword Premium Deluxe Edition,presence,,added,catalog,New product entered the live dataset
2026-08-18,product,added,Online - 404,presence,,added,catalog,New product entered the live dataset
2026-08-18,product,added,Online 404,presence,,added,catalog,New product entered the live dataset
2026-08-18,product,added,Orbitals,presence,,added,catalog,New product entered the live dataset
2026-08-18,product,added,Order Automatica,presence,,added,catalog,New product entered the live dataset
2026-08-18,product,added,PAPERHEAD,presence,,added,catalog,New product entered the live dataset
2026-08-18,product,added,Perfect Dark,presence,,added,announced_registry,New product entered the live dataset
2026-08-18,product,added,Permafrost,presence,,added,catalog,New product entered the live dataset
2026-08-18,product,added,Persona 4 Revival,presence,,added,catalog,New product entered the live dataset
2026-08-18,product,added,Phantom Blade Zero,presence,,added,catalog,New product entered the live dataset
2026-08-18,product,added,Planet Zoo 2 - Deluxe Edition,presence,,added,catalog,New product entered the live dataset
2026-08-18,product,added,Planet Zoo 2,presence,,added,catalog,New product entered the live dataset
2026-08-18,product,added,PRAGMATA,presence,,added,announced_registry,New product entered the live dataset
2026-08-18,product,added,Primitive Environment Survival,presence,,added,catalog,New product entered the live dataset
2026-08-18,product,added,Puppergeist,presence,,added,catalog,New product entered the live dataset
2026-08-18,product,added,Rayman Legends Retold,presence,,added,catalog,New product entered the live dataset
2026-08-18,product,added,Rayman Legends Retold Deluxe Edition,presence,,added,catalog,New product entered the live dataset
2026-08-18,product,added,Red Rust,presence,,added,catalog,New product entered the live dataset
2026-08-18,product,added,Resonance A Plague Tale Legacy,presence,,added,catalog,New product entered the live dataset
2026-08-18,product,added,RIG Riot,presence,,added,catalog,New product entered the live dataset
2026-08-18,product,added,Rivage,presence,,added,catalog,New product entered the live dataset
2026-08-18,product,added,Rizz Dungeon Skeleton Key to My Heart,presence,,added,catalog,New product entered the live dataset
2026-08-18,product,added,Screenbound,presence,,added,catalog,New product entered the live dataset
2026-08-18,product,added,Sensory Overload,presence,,added,catalog,New product entered the live dataset
2026-08-18,product,added,Shao Song I,presence,,added,catalog,New product entered the live dataset
2026-08-18,product,added,SILENT HILL Townfall,presence,,added,catalog,New product entered the live dataset
2026-08-18,product,added,SILENT HILL Townfall Deluxe Edition,presence,,added,catalog,New product entered the live dataset
2026-08-18,product,added,Silver Pines,presence,,added,catalog,New product entered the live dataset
2026-08-18,product,added,Sniper Dan,presence,,added,catalog,New product entered the live dataset
2026-08-18,product,added,Star Wars - Galactic Racer,presence,,added,catalog,New product entered the live dataset
2026-08-18,product,added,STAR WARS Galactic Racer,presence,,added,catalog,New product entered the live dataset
2026-08-18,product,added,STAR WARS Galactic Racer Deluxe Edition,presence,,added,catalog,New product entered the live dataset
2026-08-18,product,added,STAR WARS Zero Company,presence,,added,catalog,New product entered the live dataset
2026-08-18,product,added,STAR WARS Zero Company Deluxe Edition,presence,,added,catalog,New product entered the live dataset
2026-08-18,product,added,STEINS;GATE RE:BOOT,presence,,added,catalog,New product entered the live dataset
2026-08-18,product,added,STRANGER THAN HEAVEN,presence,,added,catalog,New product entered the live dataset
2026-08-18,product,added,STUNTBOOST,presence,,added,catalog,New product entered the live dataset
2026-08-18,product,added,Stupid Never Dies,presence,,added,catalog,New product entered the live dataset
2026-08-18,product,added,Tales of Eternia Remastered,presence,,added,catalog,New product entered the live dataset
2026-08-18,product,added,Tenebris Somnia,presence,,added,catalog,New product entered the live dataset
2026-08-18,product,added,The Blood of Dawnwalker,presence,,added,catalog,New product entered the live dataset
2026-08-18,product,added,The Blood of Dawnwalker Eclipse Edition,presence,,added,catalog,New product entered the live dataset
2026-08-18,product,added,THE DEAD WE KNEW Open World Survival,presence,,added,catalog,New product entered the live dataset
2026-08-18,product,added,The Grinch 2 Saving Christmas,presence,,added,catalog,New product entered the live dataset
2026-08-18,product,added,The Sinking City 2,presence,,added,catalog,New product entered the live dataset
2026-08-18,product,added,The Sinking City 2 Deluxe Edition,presence,,added,catalog,New product entered the live dataset
2026-08-18,product,added,The Witch's Bakery,presence,,added,catalog,New product entered the live dataset
2026-08-18,product,added,Tomb Raider - Legacy of Atlantis,presence,,added,catalog,New product entered the live dataset
2026-08-18,product,added,Tomb Raider - Legacy of Atlantis Deluxe Edition,presence,,added,catalog,New product entered the live dataset
2026-08-18,product,added,Touhou Koumakyou New Classic - the Embodiment of Scarlet Devil,presence,,added,catalog,New product entered the live dataset
2026-08-18,product,added,Trails in the Sky 2nd Chapter,presence,,added,catalog,New product entered the live dataset
2026-08-18,product,added,Twisted Tower,presence,,added,catalog,New product entered the live dataset
2026-08-18,product,added,Vacation Cafe Simulator,presence,,added,catalog,New product entered the live dataset
2026-08-18,product,added,Valor Mortis,presence,,added,catalog,New product entered the live dataset
2026-08-18,product,added,VHOLUME,presence,,added,catalog,New product entered the live dataset
2026-08-18,product,added,WARDOGS - Supporter Edition,presence,,added,catalog,New product entered the live dataset
2026-08-18,product,added,WARDOGS,presence,,added,catalog,New product entered the live dataset
2026-08-18,product,added,"Warhammer 40,000 - Dawn of War 4",presence,,added,catalog,New product entered the live dataset
2026-08-18,product,added,"Warhammer 40,000 - Dawn of War 4 Commander Edition",presence,,added,catalog,New product entered the live dataset
2026-08-18,product,added,"Warhammer 40,000 Dawn of War IV",presence,,added,catalog,New product entered the live dataset
2026-08-18,product,added,"Warhammer 40,000 Dawn of War IV Commander Edition",presence,,added,catalog,New product entered the live dataset
2026-08-18,product,added,WheelMates,presence,,added,catalog,New product entered the live dataset
2026-08-18,product,added,WILD Tactics,presence,,added,catalog,New product entered the live dataset
2026-08-18,product,added,Wind Runners,presence,,added,catalog,New product entered the live dataset
2026-08-18,product,added,WinMon,presence,,added,catalog,New product entered the live dataset
2026-08-18,product,added,World of Magic Rise of Magic,presence,,added,catalog,New product entered the live dataset
2026-08-18,event,added,CES 2022,presence,,added,Wikipedia year pages / organizer calendars 2022–2026,New event entered the live dataset
2026-08-18,event,added,MAGFest 2022,presence,,added,Wikipedia year pages / organizer calendars 2022–2026,New event entered the live dataset
2026-08-18,event,added,Ninjala,presence,,added,historical_registry,New event entered the live dataset
2026-08-18,event,added,Taipei Game Show 2022,presence,,added,Wikipedia year pages / organizer calendars 2022–2026,New event entered the live dataset
2026-08-18,event,added,Xbox Developer Direct 2022,presence,,added,Wikipedia year pages / organizer calendars 2022–2026,New event entered the live dataset
2026-08-18,event,added,Angry Birds: Summer Madness,presence,,added,historical_registry,New event entered the live dataset
2026-08-18,event,added,Shenmue: The Animation,presence,,added,historical_registry,New event entered the live dataset
2026-08-18,event,added,Six Invitational 2022,presence,,added,Wikipedia year pages / organizer calendars 2022–2026,New event entered the live dataset
2026-08-18,event,added,Nintendo Direct February 2022,presence,,added,Wikipedia year pages / organizer calendars 2022–2026,New event entered the live dataset
2026-08-18,event,added,Super Bowl LVI,presence,,added,Wikipedia year pages / organizer calendars 2022–2026,New event entered the live dataset
2026-08-18,event,added,IEM Katowice 2022,presence,,added,Wikipedia year pages / organizer calendars 2022–2026,New event entered the live dataset
2026-08-18,event,added,IGN Fan Fest 2022,presence,,added,Wikipedia year pages / organizer calendars 2022–2026,New event entered the live dataset
2026-08-18,event,added,The Cuphead Show!,presence,,added,historical_registry,New event entered the live dataset
2026-08-18,event,added,Uncharted,presence,,added,historical_registry,New event entered the live dataset
2026-08-18,event,added,Steam Next Fest February 2022,presence,,added,Wikipedia year pages / organizer calendars 2022–2026,New event entered the live dataset
2026-08-18,event,added,D.I.C.E. Awards 2022,presence,,added,Wikipedia year pages / organizer calendars 2022–2026,New event entered the live dataset
2026-08-18,event,added,Pokémon Presents February 2022,presence,,added,Wikipedia year pages / organizer calendars 2022–2026,New event entered the live dataset
2026-08-18,event,added,PlayStation State of Play March 2022,presence,,added,Wikipedia year pages / organizer calendars 2022–2026,New event entered the live dataset
2026-08-18,event,added,F1 World Championship 2022,presence,,added,Wikipedia year pages / organizer calendars 2022–2026,New event entered the live dataset
2026-08-18,event,added,GDC 2022,presence,,added,Wikipedia year pages / organizer calendars 2022–2026,New event entered the live dataset
2026-08-18,event,added,Halo season 1,presence,,added,historical_registry,New event entered the live dataset
2026-08-18,event,added,WonderCon 2022,presence,,added,Wikipedia year pages / organizer calendars 2022–2026,New event entered the live dataset
2026-08-18,event,added,BAFTA Games Awards 2022,presence,,added,Wikipedia year pages / organizer calendars 2022–2026,New event entered the live dataset
2026-08-18,event,added,The Masters 2022,presence,,added,Wikipedia year pages / organizer calendars 2022–2026,New event entered the live dataset
2026-08-18,event,added,Sonic the Hedgehog 2,presence,,added,historical_registry,New event entered the live dataset
2026-08-18,event,added,PAX East 2022,presence,,added,Wikipedia year pages / organizer calendars 2022–2026,New event entered the live dataset
2026-08-18,event,added,PGL Major Antwerp 2022,presence,,added,Wikipedia year pages / organizer calendars 2022–2026,New event entered the live dataset
2026-08-18,event,added,League of Legends MSI 2022,presence,,added,Wikipedia year pages / organizer calendars 2022–2026,New event entered the live dataset
2026-08-18,event,added,Indie World May 2022,presence,,added,Wikipedia year pages / organizer calendars 2022–2026,New event entered the live dataset
2026-08-18,event,added,PlayStation State of Play June 2022,presence,,added,Wikipedia year pages / organizer calendars 2022–2026,New event entered the live dataset
2026-08-18,event,added,NBA Finals 2022,presence,,added,Wikipedia year pages / organizer calendars 2022–2026,New event entered the live dataset
2026-08-18,event,added,Summer Game Fest 2022,presence,,added,Wikipedia year pages / organizer calendars 2022–2026,New event entered the live dataset
2026-08-18,event,added,Future Games Show Summer 2022,presence,,added,Wikipedia year pages / organizer calendars 2022–2026,New event entered the live dataset
2026-08-18,event,added,Devolver Direct 2022,presence,,added,Wikipedia year pages / organizer calendars 2022–2026,New event entered the live dataset
2026-08-18,event,added,Ubisoft Forward 2022,presence,,added,Wikipedia year pages / organizer calendars 2022–2026,New event entered the live dataset
2026-08-18,event,added,Wholesome Direct 2022,presence,,added,Wikipedia year pages / organizer calendars 2022–2026,New event entered the live dataset
2026-08-18,event,added,Guerrilla Collective 2022,presence,,added,Wikipedia year pages / organizer calendars 2022–2026,New event entered the live dataset
2026-08-18,event,added,Xbox & Bethesda Games Showcase 2022,presence,,added,Wikipedia year pages / organizer calendars 2022–2026,New event entered the live dataset
2026-08-18,event,added,PC Gaming Show 2022,presence,,added,Wikipedia year pages / organizer calendars 2022–2026,New event entered the live dataset
2026-08-18,event,added,Day of the Devs 2022,presence,,added,Wikipedia year pages / organizer calendars 2022–2026,New event entered the live dataset
2026-08-18,event,added,Capcom Showcase 2022,presence,,added,Wikipedia year pages / organizer calendars 2022–2026,New event entered the live dataset
2026-08-18,event,added,Stanley Cup Finals 2022,presence,,added,Wikipedia year pages / organizer calendars 2022–2026,New event entered the live dataset
2026-08-18,event,added,Players,presence,,added,historical_registry,New event entered the live dataset
2026-08-18,event,added,DreamHack Summer 2022,presence,,added,Wikipedia year pages / organizer calendars 2022–2026,New event entered the live dataset
2026-08-18,event,added,Wimbledon 2022,presence,,added,Wikipedia year pages / organizer calendars 2022–2026,New event entered the live dataset
2026-08-18,event,added,Nintendo Direct Mini: Partner Showcase June 2022,presence,,added,Wikipedia year pages / organizer calendars 2022–2026,New event entered the live dataset
2026-08-18,event,added,Anime Expo 2022,presence,,added,Wikipedia year pages / organizer calendars 2022–2026,New event entered the live dataset
2026-08-18,event,added,Resident Evil (Netflix),presence,,added,historical_registry,New event entered the live dataset
2026-08-18,event,added,TwitchCon Rotterdam 2022,presence,,added,Wikipedia year pages / organizer calendars 2022–2026,New event entered the live dataset
2026-08-18,event,added,San Diego Comic-Con 2022,presence,,added,Wikipedia year pages / organizer calendars 2022–2026,New event entered the live dataset
2026-08-18,event,added,Call of Duty League Championship 2022,presence,,added,Wikipedia year pages / organizer calendars 2022–2026,New event entered the live dataset
2026-08-18,event,added,EVO 2022,presence,,added,Wikipedia year pages / organizer calendars 2022–2026,New event entered the live dataset
2026-08-18,event,added,Splatoon 3 Direct,presence,,added,Wikipedia year pages / organizer calendars 2022–2026,New event entered the live dataset
2026-08-18,event,added,ChinaJoy 2022,presence,,added,Wikipedia year pages / organizer calendars 2022–2026,New event entered the live dataset
2026-08-18,event,added,QuakeCon 2022,presence,,added,Wikipedia year pages / organizer calendars 2022–2026,New event entered the live dataset
2026-08-18,event,added,Pokémon World Championships 2022,presence,,added,Wikipedia year pages / organizer calendars 2022–2026,New event entered the live dataset
2026-08-18,event,added,Tekken: Bloodline,presence,,added,historical_registry,New event entered the live dataset
2026-08-18,event,added,Gamescom Opening Night Live 2022,presence,,added,Wikipedia year pages / organizer calendars 2022–2026,New event entered the live dataset
2026-08-18,event,added,Gamescom 2022,presence,,added,Wikipedia year pages / organizer calendars 2022–2026,New event entered the live dataset
2026-08-18,event,added,VALORANT Champions 2022,presence,,added,Wikipedia year pages / organizer calendars 2022–2026,New event entered the live dataset
2026-08-18,event,added,PAX West 2022,presence,,added,Wikipedia year pages / organizer calendars 2022–2026,New event entered the live dataset
2026-08-18,event,added,NFL Season 2022,presence,,added,Wikipedia year pages / organizer calendars 2022–2026,New event entered the live dataset
2026-08-18,event,added,D23 Expo 2022,presence,,added,Wikipedia year pages / organizer calendars 2022–2026,New event entered the live dataset
2026-08-18,event,added,Nintendo Direct September 2022,presence,,added,Wikipedia year pages / organizer calendars 2022–2026,New event entered the live dataset
2026-08-18,event,added,PlayStation State of Play September 2022,presence,,added,Wikipedia year pages / organizer calendars 2022–2026,New event entered the live dataset
2026-08-18,event,added,Cyberpunk: Edgerunners,presence,,added,historical_registry,New event entered the live dataset
2026-08-18,event,added,Tokyo Game Show 2022,presence,,added,Wikipedia year pages / organizer calendars 2022–2026,New event entered the live dataset
2026-08-18,event,added,EGX 2022,presence,,added,Wikipedia year pages / organizer calendars 2022–2026,New event entered the live dataset
2026-08-18,event,added,League of Legends Worlds 2022,presence,,added,Wikipedia year pages / organizer calendars 2022–2026,New event entered the live dataset
2026-08-18,event,added,Steam Next Fest October 2022,presence,,added,Wikipedia year pages / organizer calendars 2022–2026,New event entered the live dataset
2026-08-18,event,added,Brasil Game Show 2022,presence,,added,Wikipedia year pages / organizer calendars 2022–2026,New event entered the live dataset
2026-08-18,event,added,New York Comic Con 2022,presence,,added,Wikipedia year pages / organizer calendars 2022–2026,New event entered the live dataset
2026-08-18,event,added,PAX Aus 2022,presence,,added,Wikipedia year pages / organizer calendars 2022–2026,New event entered the live dataset
2026-08-18,event,added,TwitchCon San Diego 2022,presence,,added,Wikipedia year pages / organizer calendars 2022–2026,New event entered the live dataset
2026-08-18,event,added,Legend of Mana: The Teardrop Crystal,presence,,added,historical_registry,New event entered the live dataset
2026-08-18,event,added,Mortal Kombat Legends: Snow Blind,presence,,added,historical_registry,New event entered the live dataset
2026-08-18,event,added,The International 2022,presence,,added,Wikipedia year pages / organizer calendars 2022–2026,New event entered the live dataset
2026-08-18,event,added,World Series 2022,presence,,added,Wikipedia year pages / organizer calendars 2022–2026,New event entered the live dataset
2026-08-18,event,added,Arknights: Prelude to Dawn,presence,,added,historical_registry,New event entered the live dataset
2026-08-18,event,added,IEM Rio Major 2022,presence,,added,Wikipedia year pages / organizer calendars 2022–2026,New event entered the live dataset
2026-08-18,event,added,Paris Games Week 2022,presence,,added,Wikipedia year pages / organizer calendars 2022–2026,New event entered the live dataset
2026-08-18,event,added,Overwatch League Grand Finals 2022,presence,,added,Wikipedia year pages / organizer calendars 2022–2026,New event entered the live dataset
2026-08-18,event,added,G-STAR 2022,presence,,added,Wikipedia year pages / organizer calendars 2022–2026,New event entered the live dataset
2026-08-18,event,added,DreamHack Atlanta 2022,presence,,added,Wikipedia year pages / organizer calendars 2022–2026,New event entered the live dataset
2026-08-18,event,added,2022 FIFA World Cup,presence,,added,Wikipedia year pages / organizer calendars 2022–2026,New event entered the live dataset
2026-08-18,event,added,Golden Joystick Awards 2022,presence,,added,Wikipedia year pages / organizer calendars 2022–2026,New event entered the live dataset
2026-08-18,event,added,Fantasy Football,presence,,added,historical_registry,New event entered the live dataset
2026-08-18,event,added,The Game Awards 2022,presence,,added,Wikipedia year pages / organizer calendars 2022–2026,New event entered the live dataset
2026-08-18,event,added,Dragon Age: Absolution,presence,,added,historical_registry,New event entered the live dataset
2026-08-18,event,added,Sonic Prime season 1,presence,,added,historical_registry,New event entered the live dataset
2026-08-18,event,added,The Witcher: Blood Origin,presence,,added,historical_registry,New event entered the live dataset
2026-08-18,event,added,CES 2023,presence,,added,Wikipedia year pages / organizer calendars 2022–2026,New event entered the live dataset
2026-08-18,event,added,MAGFest 2023,presence,,added,Wikipedia year pages / organizer calendars 2022–2026,New event entered the live dataset
2026-08-18,event,added,NieR: Automata Ver1.1a,presence,,added,historical_registry,New event entered the live dataset
2026-08-18,event,added,The Last of Us season 1,presence,,added,historical_registry,New event entered the live dataset
2026-08-18,event,added,Xbox Developer Direct 2023,presence,,added,Wikipedia year pages / organizer calendars 2022–2026,New event entered the live dataset
2026-08-18,event,added,IEM Katowice 2023,presence,,added,Wikipedia year pages / organizer calendars 2022–2026,New event entered the live dataset
2026-08-18,event,added,Taipei Game Show 2023,presence,,added,Wikipedia year pages / organizer calendars 2022–2026,New event entered the live dataset
2026-08-18,event,added,Steam Next Fest February 2023,presence,,added,Wikipedia year pages / organizer calendars 2022–2026,New event entered the live dataset
2026-08-18,event,added,Six Invitational 2023,presence,,added,Wikipedia year pages / organizer calendars 2022–2026,New event entered the live dataset
2026-08-18,event,added,Nintendo Direct February 2023,presence,,added,Wikipedia year pages / organizer calendars 2022–2026,New event entered the live dataset
2026-08-18,event,added,Super Bowl LVII,presence,,added,Wikipedia year pages / organizer calendars 2022–2026,New event entered the live dataset
2026-08-18,event,added,Super Nintendo World Hollywood opening,presence,,added,Wikipedia year pages / organizer calendars 2022–2026,New event entered the live dataset
2026-08-18,event,added,IGN Fan Fest 2023,presence,,added,Wikipedia year pages / organizer calendars 2022–2026,New event entered the live dataset
2026-08-18,event,added,D.I.C.E. Awards 2023,presence,,added,Wikipedia year pages / organizer calendars 2022–2026,New event entered the live dataset
2026-08-18,event,added,PlayStation State of Play February 2023,presence,,added,Wikipedia year pages / organizer calendars 2022–2026,New event entered the live dataset
2026-08-18,event,added,F1 World Championship 2023,presence,,added,Wikipedia year pages / organizer calendars 2022–2026,New event entered the live dataset
2026-08-18,event,added,Super Mario Bros. Movie Direct,presence,,added,Wikipedia year pages / organizer calendars 2022–2026,New event entered the live dataset
2026-08-18,event,added,GDC 2023,presence,,added,Wikipedia year pages / organizer calendars 2022–2026,New event entered the live dataset
2026-08-18,event,added,PAX East 2023,presence,,added,Wikipedia year pages / organizer calendars 2022–2026,New event entered the live dataset
2026-08-18,event,added,WonderCon 2023,presence,,added,Wikipedia year pages / organizer calendars 2022–2026,New event entered the live dataset
2026-08-18,event,added,BAFTA Games Awards 2023,presence,,added,Wikipedia year pages / organizer calendars 2022–2026,New event entered the live dataset
2026-08-18,event,added,Tetris,presence,,added,historical_registry,New event entered the live dataset
2026-08-18,event,added,Dungeons & Dragons: Honor Among Thieves,presence,,added,historical_registry,New event entered the live dataset
2026-08-18,event,added,The Super Mario Bros. Movie,presence,,added,historical_registry,New event entered the live dataset
2026-08-18,event,added,The Masters 2023,presence,,added,Wikipedia year pages / organizer calendars 2022–2026,New event entered the live dataset
2026-08-18,event,added,Pokémon Horizons: The Series,presence,,added,historical_registry,New event entered the live dataset
2026-08-18,event,added,Indie World April 2023,presence,,added,Wikipedia year pages / organizer calendars 2022–2026,New event entered the live dataset
2026-08-18,event,added,League of Legends MSI 2023,presence,,added,Wikipedia year pages / organizer calendars 2022–2026,New event entered the live dataset
2026-08-18,event,added,BLAST.tv Paris Major 2023,presence,,added,Wikipedia year pages / organizer calendars 2022–2026,New event entered the live dataset
2026-08-18,event,added,PlayStation Showcase May 2023,presence,,added,Wikipedia year pages / organizer calendars 2022–2026,New event entered the live dataset
2026-08-18,event,added,NBA Finals 2023,presence,,added,Wikipedia year pages / organizer calendars 2022–2026,New event entered the live dataset
2026-08-18,event,added,Stanley Cup Finals 2023,presence,,added,Wikipedia year pages / organizer calendars 2022–2026,New event entered the live dataset
2026-08-18,event,added,Summer Game Fest 2023,presence,,added,Wikipedia year pages / organizer calendars 2022–2026,New event entered the live dataset
2026-08-18,event,added,Future Games Show Summer 2023,presence,,added,Wikipedia year pages / organizer calendars 2022–2026,New event entered the live dataset
2026-08-18,event,added,Wholesome Direct 2023,presence,,added,Wikipedia year pages / organizer calendars 2022–2026,New event entered the live dataset
2026-08-18,event,added,Guerrilla Collective 2023,presence,,added,Wikipedia year pages / organizer calendars 2022–2026,New event entered the live dataset
2026-08-18,event,added,Xbox Games Showcase + Starfield Direct 2023,presence,,added,Wikipedia year pages / organizer calendars 2022–2026,New event entered the live dataset
2026-08-18,event,added,PC Gaming Show 2023,presence,,added,Wikipedia year pages / organizer calendars 2022–2026,New event entered the live dataset
2026-08-18,event,added,Devolver Direct 2023,presence,,added,Wikipedia year pages / organizer calendars 2022–2026,New event entered the live dataset
2026-08-18,event,added,Day of the Devs 2023,presence,,added,Wikipedia year pages / organizer calendars 2022–2026,New event entered the live dataset
2026-08-18,event,added,Ubisoft Forward 2023,presence,,added,Wikipedia year pages / organizer calendars 2022–2026,New event entered the live dataset
2026-08-18,event,added,Capcom Showcase 2023,presence,,added,Wikipedia year pages / organizer calendars 2022–2026,New event entered the live dataset
2026-08-18,event,added,Call of Duty League Championship 2023,presence,,added,Wikipedia year pages / organizer calendars 2022–2026,New event entered the live dataset
2026-08-18,event,added,Steam Next Fest June 2023,presence,,added,Wikipedia year pages / organizer calendars 2022–2026,New event entered the live dataset
2026-08-18,event,added,Nintendo Direct June 2023,presence,,added,Wikipedia year pages / organizer calendars 2022–2026,New event entered the live dataset
2026-08-18,event,added,Olympic Esports Week 2023,presence,,added,Wikipedia year pages / organizer calendars 2022–2026,New event entered the live dataset
2026-08-18,event,added,DreamHack Summer 2023,presence,,added,Wikipedia year pages / organizer calendars 2022–2026,New event entered the live dataset
2026-08-18,event,added,The Game Awards 10-year Hollywood Bowl concert,presence,,added,Wikipedia year pages / organizer calendars 2022–2026,New event entered the live dataset
2026-08-18,event,added,The Witcher season 3,presence,,added,historical_registry,New event entered the live dataset
2026-08-18,event,added,Anime Expo 2023,presence,,added,Wikipedia year pages / organizer calendars 2022–2026,New event entered the live dataset
2026-08-18,event,added,Wimbledon 2023,presence,,added,Wikipedia year pages / organizer calendars 2022–2026,New event entered the live dataset
2026-08-18,event,added,Resident Evil: Death Island,presence,,added,historical_registry,New event entered the live dataset
2026-08-18,event,added,San Diego Comic-Con 2023,presence,,added,Wikipedia year pages / organizer calendars 2022–2026,New event entered the live dataset
2026-08-18,event,added,Twisted Metal season 1,presence,,added,historical_registry,New event entered the live dataset
2026-08-18,event,added,ChinaJoy 2023,presence,,added,Wikipedia year pages / organizer calendars 2022–2026,New event entered the live dataset
2026-08-18,event,added,EVO 2023,presence,,added,Wikipedia year pages / organizer calendars 2022–2026,New event entered the live dataset
2026-08-18,event,added,VALORANT Champions 2023,presence,,added,Wikipedia year pages / organizer calendars 2022–2026,New event entered the live dataset
2026-08-18,event,added,QuakeCon 2023,presence,,added,Wikipedia year pages / organizer calendars 2022–2026,New event entered the live dataset
2026-08-18,event,added,Pokémon World Championships 2023,presence,,added,Wikipedia year pages / organizer calendars 2022–2026,New event entered the live dataset
2026-08-18,event,added,Gamescom Opening Night Live 2023,presence,,added,Wikipedia year pages / organizer calendars 2022–2026,New event entered the live dataset
2026-08-18,event,added,Gamescom 2023,presence,,added,Wikipedia year pages / organizer calendars 2022–2026,New event entered the live dataset
2026-08-18,event,added,Gran Turismo,presence,,added,historical_registry,New event entered the live dataset
2026-08-18,event,added,Super Mario Bros. Wonder Direct,presence,,added,Wikipedia year pages / organizer calendars 2022–2026,New event entered the live dataset
2026-08-18,event,added,PAX West 2023,presence,,added,Wikipedia year pages / organizer calendars 2022–2026,New event entered the live dataset
2026-08-18,event,added,Nintendo Live Seattle 2023,presence,,added,Wikipedia year pages / organizer calendars 2022–2026,New event entered the live dataset
2026-08-18,event,added,NFL Season 2023,presence,,added,Wikipedia year pages / organizer calendars 2022–2026,New event entered the live dataset
2026-08-18,event,added,Nintendo Direct September 2023,presence,,added,Wikipedia year pages / organizer calendars 2022–2026,New event entered the live dataset
2026-08-18,event,added,Tokyo Game Show 2023,presence,,added,Wikipedia year pages / organizer calendars 2022–2026,New event entered the live dataset
2026-08-18,event,added,Castlevania: Nocturne season 1,presence,,added,historical_registry,New event entered the live dataset
2026-08-18,event,added,Overwatch League Grand Finals 2023,presence,,added,Wikipedia year pages / organizer calendars 2022–2026,New event entered the live dataset
2026-08-18,event,added,PAX Aus 2023,presence,,added,Wikipedia year pages / organizer calendars 2022–2026,New event entered the live dataset
2026-08-18,event,added,Steam Next Fest October 2023,presence,,added,Wikipedia year pages / organizer calendars 2022–2026,New event entered the live dataset
2026-08-18,event,added,League of Legends Worlds 2023,presence,,added,Wikipedia year pages / organizer calendars 2022–2026,New event entered the live dataset
2026-08-18,event,added,Brasil Game Show 2023,presence,,added,Wikipedia year pages / organizer calendars 2022–2026,New event entered the live dataset
2026-08-18,event,added,EGX 2023,presence,,added,Wikipedia year pages / organizer calendars 2022–2026,New event entered the live dataset
2026-08-18,event,added,New York Comic Con 2023,presence,,added,Wikipedia year pages / organizer calendars 2022–2026,New event entered the live dataset
2026-08-18,event,added,The International 2023,presence,,added,Wikipedia year pages / organizer calendars 2022–2026,New event entered the live dataset
2026-08-18,event,added,Fortnite Championship Series Global Championship 2023,presence,,added,Wikipedia year pages / organizer calendars 2022–2026,New event entered the live dataset
2026-08-18,event,added,Mortal Kombat Legends: Cage Match,presence,,added,historical_registry,New event entered the live dataset
2026-08-18,event,added,Captain Laserhawk: A Blood Dragon Remix,presence,,added,historical_registry,New event entered the live dataset
2026-08-18,event,added,TwitchCon Las Vegas 2023,presence,,added,Wikipedia year pages / organizer calendars 2022–2026,New event entered the live dataset
2026-08-18,event,added,World Series 2023,presence,,added,Wikipedia year pages / organizer calendars 2022–2026,New event entered the live dataset
2026-08-18,event,added,Five Nights at Freddy's,presence,,added,historical_registry,New event entered the live dataset
2026-08-18,event,added,Paris Games Week 2023,presence,,added,Wikipedia year pages / organizer calendars 2022–2026,New event entered the live dataset
2026-08-18,event,added,Onimusha,presence,,added,historical_registry,New event entered the live dataset
2026-08-18,event,added,BlizzCon 2023,presence,,added,Wikipedia year pages / organizer calendars 2022–2026,New event entered the live dataset
2026-08-18,event,added,Golden Joystick Awards 2023,presence,,added,Wikipedia year pages / organizer calendars 2022–2026,New event entered the live dataset
2026-08-18,event,added,DreamHack Atlanta 2023,presence,,added,Wikipedia year pages / organizer calendars 2022–2026,New event entered the live dataset
2026-08-18,event,added,Indie World November 2023,presence,,added,Wikipedia year pages / organizer calendars 2022–2026,New event entered the live dataset
2026-08-18,event,added,G-STAR 2023,presence,,added,Wikipedia year pages / organizer calendars 2022–2026,New event entered the live dataset
2026-08-18,event,added,The Game Awards 2023,presence,,added,Wikipedia year pages / organizer calendars 2022–2026,New event entered the live dataset
2026-08-18,event,added,Pokémon Concierge,presence,,added,historical_registry,New event entered the live dataset
2026-08-18,event,added,CES 2024,presence,,added,Wikipedia year pages / organizer calendars 2022–2026,New event entered the live dataset
2026-08-18,event,added,Xbox Developer Direct 2024,presence,,added,Wikipedia year pages / organizer calendars 2022–2026,New event entered the live dataset
2026-08-18,event,added,Taipei Game Show 2024,presence,,added,Wikipedia year pages / organizer calendars 2022–2026,New event entered the live dataset
2026-08-18,event,added,PlayStation State of Play January 2024,presence,,added,Wikipedia year pages / organizer calendars 2022–2026,New event entered the live dataset
2026-08-18,event,added,IEM Katowice 2024,presence,,added,Wikipedia year pages / organizer calendars 2022–2026,New event entered the live dataset
2026-08-18,event,added,Super MAGFest 2024,presence,,added,Wikipedia year pages / organizer calendars 2022–2026,New event entered the live dataset
2026-08-18,event,added,Steam Next Fest February 2024,presence,,added,Wikipedia year pages / organizer calendars 2022–2026,New event entered the live dataset
2026-08-18,event,added,Halo season 2,presence,,added,historical_registry,New event entered the live dataset
2026-08-18,event,added,Super Bowl LVIII,presence,,added,Wikipedia year pages / organizer calendars 2022–2026,New event entered the live dataset
2026-08-18,event,added,D.I.C.E. Awards 2024,presence,,added,Wikipedia year pages / organizer calendars 2022–2026,New event entered the live dataset
2026-08-18,event,added,Six Invitational 2024,presence,,added,Wikipedia year pages / organizer calendars 2022–2026,New event entered the live dataset
2026-08-18,event,added,IGN Fan Fest 2024,presence,,added,Wikipedia year pages / organizer calendars 2022–2026,New event entered the live dataset
2026-08-18,event,added,Nintendo Direct: Partner Showcase February 2024,presence,,added,Wikipedia year pages / organizer calendars 2022–2026,New event entered the live dataset
2026-08-18,event,added,F1 World Championship 2024,presence,,added,Wikipedia year pages / organizer calendars 2022–2026,New event entered the live dataset
2026-08-18,event,added,GDC 2024,presence,,added,Wikipedia year pages / organizer calendars 2022–2026,New event entered the live dataset
2026-08-18,event,added,PAX East 2024,presence,,added,Wikipedia year pages / organizer calendars 2022–2026,New event entered the live dataset
2026-08-18,event,added,PGL Major Copenhagen 2024,presence,,added,Wikipedia year pages / organizer calendars 2022–2026,New event entered the live dataset
2026-08-18,event,added,ARK: The Animated Series,presence,,added,historical_registry,New event entered the live dataset
2026-08-18,event,added,WonderCon 2024,presence,,added,Wikipedia year pages / organizer calendars 2022–2026,New event entered the live dataset
2026-08-18,event,added,Fallout season 1,presence,,added,historical_registry,New event entered the live dataset
2026-08-18,event,added,BAFTA Games Awards 2024,presence,,added,Wikipedia year pages / organizer calendars 2022–2026,New event entered the live dataset
2026-08-18,event,added,The Masters 2024,presence,,added,Wikipedia year pages / organizer calendars 2022–2026,New event entered the live dataset
2026-08-18,event,added,Indie World April 2024,presence,,added,Wikipedia year pages / organizer calendars 2022–2026,New event entered the live dataset
2026-08-18,event,added,Knuckles,presence,,added,historical_registry,New event entered the live dataset
2026-08-18,event,added,EVO Japan 2024,presence,,added,Wikipedia year pages / organizer calendars 2022–2026,New event entered the live dataset
2026-08-18,event,added,League of Legends MSI 2024,presence,,added,Wikipedia year pages / organizer calendars 2022–2026,New event entered the live dataset
2026-08-18,event,added,Angry Birds Mystery Island,presence,,added,historical_registry,New event entered the live dataset
2026-08-18,event,added,PlayStation State of Play May 2024,presence,,added,Wikipedia year pages / organizer calendars 2022–2026,New event entered the live dataset
2026-08-18,event,added,NBA Finals 2024,presence,,added,Wikipedia year pages / organizer calendars 2022–2026,New event entered the live dataset
2026-08-18,event,added,Summer Game Fest 2024,presence,,added,Wikipedia year pages / organizer calendars 2022–2026,New event entered the live dataset
2026-08-18,event,added,Capcom Spotlight 2024,presence,,added,Wikipedia year pages / organizer calendars 2022–2026,New event entered the live dataset
2026-08-18,event,added,Devolver Direct 2024,presence,,added,Wikipedia year pages / organizer calendars 2022–2026,New event entered the live dataset
2026-08-18,event,added,Future Games Show Summer 2024,presence,,added,Wikipedia year pages / organizer calendars 2022–2026,New event entered the live dataset
2026-08-18,event,added,Wholesome Direct 2024,presence,,added,Wikipedia year pages / organizer calendars 2022–2026,New event entered the live dataset
2026-08-18,event,added,Day of the Devs 2024,presence,,added,Wikipedia year pages / organizer calendars 2022–2026,New event entered the live dataset
2026-08-18,event,added,Stanley Cup Finals 2024,presence,,added,Wikipedia year pages / organizer calendars 2022–2026,New event entered the live dataset
2026-08-18,event,added,Xbox Games Showcase 2024,presence,,added,Wikipedia year pages / organizer calendars 2022–2026,New event entered the live dataset
2026-08-18,event,added,PC Gaming Show 2024,presence,,added,Wikipedia year pages / organizer calendars 2022–2026,New event entered the live dataset
2026-08-18,event,added,Ubisoft Forward 2024,presence,,added,Wikipedia year pages / organizer calendars 2022–2026,New event entered the live dataset
2026-08-18,event,added,Steam Next Fest June 2024,presence,,added,Wikipedia year pages / organizer calendars 2022–2026,New event entered the live dataset
2026-08-18,event,added,UEFA Euro 2024,presence,,added,Wikipedia year pages / organizer calendars 2022–2026,New event entered the live dataset
2026-08-18,event,added,Nintendo Direct June 2024,presence,,added,Wikipedia year pages / organizer calendars 2022–2026,New event entered the live dataset
2026-08-18,event,added,Copa América 2024,presence,,added,Wikipedia year pages / organizer calendars 2022–2026,New event entered the live dataset
2026-08-18,event,added,Wimbledon 2024,presence,,added,Wikipedia year pages / organizer calendars 2022–2026,New event entered the live dataset
2026-08-18,event,added,Esports World Cup 2024,presence,,added,Wikipedia year pages / organizer calendars 2022–2026,New event entered the live dataset
2026-08-18,event,added,Anime Expo 2024,presence,,added,Wikipedia year pages / organizer calendars 2022–2026,New event entered the live dataset
2026-08-18,event,added,Call of Duty League Championship 2024,presence,,added,Wikipedia year pages / organizer calendars 2022–2026,New event entered the live dataset
2026-08-18,event,added,EVO 2024,presence,,added,Wikipedia year pages / organizer calendars 2022–2026,New event entered the live dataset
2026-08-18,event,added,San Diego Comic-Con 2024,presence,,added,Wikipedia year pages / organizer calendars 2022–2026,New event entered the live dataset
2026-08-18,event,added,ChinaJoy 2024,presence,,added,Wikipedia year pages / organizer calendars 2022–2026,New event entered the live dataset
2026-08-18,event,added,TwitchCon Rotterdam 2024,presence,,added,Wikipedia year pages / organizer calendars 2022–2026,New event entered the live dataset
2026-08-18,event,added,2024 Summer Olympics,presence,,added,Wikipedia year pages / organizer calendars 2022–2026,New event entered the live dataset
2026-08-18,event,added,VALORANT Champions 2024,presence,,added,Wikipedia year pages / organizer calendars 2022–2026,New event entered the live dataset
2026-08-18,event,added,QuakeCon 2024,presence,,added,Wikipedia year pages / organizer calendars 2022–2026,New event entered the live dataset
2026-08-18,event,added,D23: The Ultimate Disney Fan Event 2024,presence,,added,Wikipedia year pages / organizer calendars 2022–2026,New event entered the live dataset
2026-08-18,event,added,Borderlands,presence,,added,historical_registry,New event entered the live dataset
2026-08-18,event,added,Pokémon World Championships 2024,presence,,added,Wikipedia year pages / organizer calendars 2022–2026,New event entered the live dataset
2026-08-18,event,added,Gamescom Opening Night Live 2024,presence,,added,Wikipedia year pages / organizer calendars 2022–2026,New event entered the live dataset
2026-08-18,event,added,Gamescom 2024,presence,,added,Wikipedia year pages / organizer calendars 2022–2026,New event entered the live dataset
2026-08-18,event,added,Indie World + Partner Showcase August 2024,presence,,added,Wikipedia year pages / organizer calendars 2022–2026,New event entered the live dataset
2026-08-18,event,added,PAX West 2024,presence,,added,Wikipedia year pages / organizer calendars 2022–2026,New event entered the live dataset
2026-08-18,event,added,The International 2024,presence,,added,Wikipedia year pages / organizer calendars 2022–2026,New event entered the live dataset
2026-08-18,event,added,NFL Season 2024,presence,,added,Wikipedia year pages / organizer calendars 2022–2026,New event entered the live dataset
2026-08-18,event,added,Fortnite Championship Series Global Championship 2024,presence,,added,Wikipedia year pages / organizer calendars 2022–2026,New event entered the live dataset
2026-08-18,event,added,TwitchCon San Diego 2024,presence,,added,Wikipedia year pages / organizer calendars 2022–2026,New event entered the live dataset
2026-08-18,event,added,PlayStation State of Play September 2024,presence,,added,Wikipedia year pages / organizer calendars 2022–2026,New event entered the live dataset
2026-08-18,event,added,League of Legends Worlds 2024,presence,,added,Wikipedia year pages / organizer calendars 2022–2026,New event entered the live dataset
2026-08-18,event,added,Tokyo Game Show 2024,presence,,added,Wikipedia year pages / organizer calendars 2022–2026,New event entered the live dataset
2026-08-18,event,added,Brasil Game Show 2024,presence,,added,Wikipedia year pages / organizer calendars 2022–2026,New event entered the live dataset
2026-08-18,event,added,Tomb Raider: The Legend of Lara Croft,presence,,added,historical_registry,New event entered the live dataset
2026-08-18,event,added,PAX Aus 2024,presence,,added,Wikipedia year pages / organizer calendars 2022–2026,New event entered the live dataset
2026-08-18,event,added,Steam Next Fest October 2024,presence,,added,Wikipedia year pages / organizer calendars 2022–2026,New event entered the live dataset
2026-08-18,event,added,New York Comic Con 2024,presence,,added,Wikipedia year pages / organizer calendars 2022–2026,New event entered the live dataset
2026-08-18,event,added,DreamHack Atlanta 2024,presence,,added,Wikipedia year pages / organizer calendars 2022–2026,New event entered the live dataset
2026-08-18,event,added,World Series 2024,presence,,added,Wikipedia year pages / organizer calendars 2022–2026,New event entered the live dataset
2026-08-18,event,added,Like a Dragon: Yakuza,presence,,added,historical_registry,New event entered the live dataset
2026-08-18,event,added,Arcane season 2,presence,,added,historical_registry,New event entered the live dataset
2026-08-18,event,added,Super Nintendo World Direct,presence,,added,Wikipedia year pages / organizer calendars 2022–2026,New event entered the live dataset
2026-08-18,event,added,G-STAR 2024,presence,,added,Wikipedia year pages / organizer calendars 2022–2026,New event entered the live dataset
2026-08-18,event,added,Golden Joystick Awards 2024,presence,,added,Wikipedia year pages / organizer calendars 2022–2026,New event entered the live dataset
2026-08-18,event,added,Perfect World Shanghai Major 2024,presence,,added,Wikipedia year pages / organizer calendars 2022–2026,New event entered the live dataset
2026-08-18,event,added,Secret Level season 1,presence,,added,historical_registry,New event entered the live dataset
2026-08-18,event,added,The Game Awards 2024,presence,,added,Wikipedia year pages / organizer calendars 2022–2026,New event entered the live dataset
2026-08-18,event,added,Sonic the Hedgehog 3,presence,,added,historical_registry,New event entered the live dataset
2026-08-18,event,added,CES 2025,presence,,added,Wikipedia year pages / organizer calendars 2022–2026,New event entered the live dataset
2026-08-18,event,added,Castlevania: Nocturne season 2,presence,,added,historical_registry,New event entered the live dataset
2026-08-18,event,added,Super MAGFest 2025,presence,,added,Wikipedia year pages / organizer calendars 2022–2026,New event entered the live dataset
2026-08-18,event,added,Taipei Game Show 2025,presence,,added,Wikipedia year pages / organizer calendars 2022–2026,New event entered the live dataset
2026-08-18,event,added,Xbox Developer Direct 2025,presence,,added,Wikipedia year pages / organizer calendars 2022–2026,New event entered the live dataset
2026-08-18,event,added,IEM Katowice 2025,presence,,added,Wikipedia year pages / organizer calendars 2022–2026,New event entered the live dataset
2026-08-18,event,added,Six Invitational 2025,presence,,added,Wikipedia year pages / organizer calendars 2022–2026,New event entered the live dataset
2026-08-18,event,added,Super Bowl LIX,presence,,added,Wikipedia year pages / organizer calendars 2022–2026,New event entered the live dataset
2026-08-18,event,added,D.I.C.E. Awards 2025,presence,,added,Wikipedia year pages / organizer calendars 2022–2026,New event entered the live dataset
2026-08-18,event,added,PlayStation State of Play February 2025,presence,,added,Wikipedia year pages / organizer calendars 2022–2026,New event entered the live dataset
2026-08-18,event,added,IGN Fan Fest 2025,presence,,added,Wikipedia year pages / organizer calendars 2022–2026,New event entered the live dataset
2026-08-18,event,added,Steam Next Fest February 2025,presence,,added,Wikipedia year pages / organizer calendars 2022–2026,New event entered the live dataset
2026-08-18,event,added,Monster Hunter Wilds release window,presence,,added,announced_product_window,New event entered the live dataset
2026-08-18,event,added,F1 World Championship 2025,presence,,added,Wikipedia year pages / organizer calendars 2022–2026,New event entered the live dataset
2026-08-18,event,added,GDC 2025,presence,,added,Wikipedia year pages / organizer calendars 2022–2026,New event entered the live dataset
2026-08-18,event,added,Nintendo Direct March 2025,presence,,added,Wikipedia year pages / organizer calendars 2022–2026,New event entered the live dataset
2026-08-18,event,added,WonderCon 2025,presence,,added,Wikipedia year pages / organizer calendars 2022–2026,New event entered the live dataset
2026-08-18,event,added,London Games Festival 2025,presence,,added,Wikipedia year pages / organizer calendars 2022–2026,New event entered the live dataset
2026-08-18,event,added,Nintendo Switch 2 Direct,presence,,added,Wikipedia year pages / organizer calendars 2022–2026,New event entered the live dataset
2026-08-18,event,added,Devil May Cry season 1,presence,,added,historical_registry,New event entered the live dataset
2026-08-18,event,added,A Minecraft Movie,presence,,added,historical_registry,New event entered the live dataset
2026-08-18,event,added,BAFTA Games Awards 2025,presence,,added,Wikipedia year pages / organizer calendars 2022–2026,New event entered the live dataset
2026-08-18,event,added,The Masters 2025,presence,,added,Wikipedia year pages / organizer calendars 2022–2026,New event entered the live dataset
2026-08-18,event,added,The Last of Us season 2,presence,,added,historical_registry,New event entered the live dataset
2026-08-18,event,added,Mario Kart World Direct,presence,,added,Wikipedia year pages / organizer calendars 2022–2026,New event entered the live dataset
2026-08-18,event,added,Until Dawn,presence,,added,historical_registry,New event entered the live dataset
2026-08-18,event,added,PAX East 2025,presence,,added,Wikipedia year pages / organizer calendars 2022–2026,New event entered the live dataset
2026-08-18,event,added,EVO Japan 2025,presence,,added,Wikipedia year pages / organizer calendars 2022–2026,New event entered the live dataset
2026-08-18,event,added,Doom: The Dark Ages release window,presence,,added,announced_product_window,New event entered the live dataset
2026-08-18,event,added,Super Nintendo World Epic Universe opening,presence,,added,Wikipedia year pages / organizer calendars 2022–2026,New event entered the live dataset
2026-08-18,event,added,PlayStation State of Play May 2025,presence,,added,Wikipedia year pages / organizer calendars 2022–2026,New event entered the live dataset
2026-08-18,event,added,BLAST.tv Austin Major 2025,presence,,added,Wikipedia year pages / organizer calendars 2022–2026,New event entered the live dataset
2026-08-18,event,added,Stanley Cup Finals 2025,presence,,added,Wikipedia year pages / organizer calendars 2022–2026,New event entered the live dataset
2026-08-18,event,added,Nintendo Switch 2 launch,presence,,added,Wikipedia year pages / organizer calendars 2022–2026,New event entered the live dataset
2026-08-18,event,added,NBA Finals 2025,presence,,added,Wikipedia year pages / organizer calendars 2022–2026,New event entered the live dataset
2026-08-18,event,added,Summer Game Fest 2025,presence,,added,Wikipedia year pages / organizer calendars 2022–2026,New event entered the live dataset
2026-08-18,event,added,Future Games Show Summer 2025,presence,,added,Wikipedia year pages / organizer calendars 2022–2026,New event entered the live dataset
2026-08-18,event,added,Wholesome Direct 2025,presence,,added,Wikipedia year pages / organizer calendars 2022–2026,New event entered the live dataset
2026-08-18,event,added,Xbox Games Showcase 2025,presence,,added,Wikipedia year pages / organizer calendars 2022–2026,New event entered the live dataset
2026-08-18,event,added,PC Gaming Show 2025,presence,,added,Wikipedia year pages / organizer calendars 2022–2026,New event entered the live dataset
2026-08-18,event,added,Steam Next Fest June 2025,presence,,added,Wikipedia year pages / organizer calendars 2022–2026,New event entered the live dataset
2026-08-18,event,added,Donkey Kong Bananza Direct,presence,,added,Wikipedia year pages / organizer calendars 2022–2026,New event entered the live dataset
2026-08-18,event,added,Death Stranding 2: On the Beach release window,presence,,added,announced_product_window,New event entered the live dataset
2026-08-18,event,added,League of Legends MSI 2025,presence,,added,Wikipedia year pages / organizer calendars 2022–2026,New event entered the live dataset
2026-08-18,event,added,Wimbledon 2025,presence,,added,Wikipedia year pages / organizer calendars 2022–2026,New event entered the live dataset
2026-08-18,event,added,Anime Expo 2025,presence,,added,Wikipedia year pages / organizer calendars 2022–2026,New event entered the live dataset
2026-08-18,event,added,Esports World Cup 2025,presence,,added,Wikipedia year pages / organizer calendars 2022–2026,New event entered the live dataset
2026-08-18,event,added,San Diego Comic-Con 2025,presence,,added,Wikipedia year pages / organizer calendars 2022–2026,New event entered the live dataset
2026-08-18,event,added,Nintendo Direct: Partner Showcase July 2025,presence,,added,Wikipedia year pages / organizer calendars 2022–2026,New event entered the live dataset
2026-08-18,event,added,Twisted Metal season 2,presence,,added,historical_registry,New event entered the live dataset
2026-08-18,event,added,ChinaJoy 2025,presence,,added,Wikipedia year pages / organizer calendars 2022–2026,New event entered the live dataset
2026-08-18,event,added,EVO 2025,presence,,added,Wikipedia year pages / organizer calendars 2022–2026,New event entered the live dataset
2026-08-18,event,added,QuakeCon 2025,presence,,added,Wikipedia year pages / organizer calendars 2022–2026,New event entered the live dataset
2026-08-18,event,added,Indie World August 2025,presence,,added,Wikipedia year pages / organizer calendars 2022–2026,New event entered the live dataset
2026-08-18,event,added,Mafia: The Old Country release window,presence,,added,announced_product_window,New event entered the live dataset
2026-08-18,event,added,Pokémon World Championships 2025,presence,,added,Wikipedia year pages / organizer calendars 2022–2026,New event entered the live dataset
2026-08-18,event,added,Gamescom Opening Night Live 2025,presence,,added,Wikipedia year pages / organizer calendars 2022–2026,New event entered the live dataset
2026-08-18,event,added,Gamescom 2025,presence,,added,Wikipedia year pages / organizer calendars 2022–2026,New event entered the live dataset
2026-08-18,event,added,PAX West 2025,presence,,added,Wikipedia year pages / organizer calendars 2022–2026,New event entered the live dataset
2026-08-18,event,added,Exit 8,presence,,added,historical_registry,New event entered the live dataset
2026-08-18,event,added,The International 2025,presence,,added,Wikipedia year pages / organizer calendars 2022–2026,New event entered the live dataset
2026-08-18,event,added,NFL Season 2025,presence,,added,Wikipedia year pages / organizer calendars 2022–2026,New event entered the live dataset
2026-08-18,event,added,Hollow Knight: Silksong release window,presence,,added,announced_product_window,New event entered the live dataset
2026-08-18,event,added,Fortnite Championship Series Global Championship 2025,presence,,added,Wikipedia year pages / organizer calendars 2022–2026,New event entered the live dataset
2026-08-18,event,added,Nintendo Direct September 2025,presence,,added,Wikipedia year pages / organizer calendars 2022–2026,New event entered the live dataset
2026-08-18,event,added,VALORANT Champions 2025,presence,,added,Wikipedia year pages / organizer calendars 2022–2026,New event entered the live dataset
2026-08-18,event,added,Tokyo Game Show 2025,presence,,added,Wikipedia year pages / organizer calendars 2022–2026,New event entered the live dataset
2026-08-18,event,added,Ghost of Yōtei release window,presence,,added,announced_product_window,New event entered the live dataset
2026-08-18,event,added,Brasil Game Show 2025,presence,,added,Wikipedia year pages / organizer calendars 2022–2026,New event entered the live dataset
2026-08-18,event,added,New York Comic Con 2025,presence,,added,Wikipedia year pages / organizer calendars 2022–2026,New event entered the live dataset
2026-08-18,event,added,PAX Aus 2025,presence,,added,Wikipedia year pages / organizer calendars 2022–2026,New event entered the live dataset
2026-08-18,event,added,Steam Next Fest October 2025,presence,,added,Wikipedia year pages / organizer calendars 2022–2026,New event entered the live dataset
2026-08-18,event,added,League of Legends Worlds 2025,presence,,added,Wikipedia year pages / organizer calendars 2022–2026,New event entered the live dataset
2026-08-18,event,added,Splinter Cell: Deathwatch,presence,,added,historical_registry,New event entered the live dataset
2026-08-18,event,added,World Series 2025,presence,,added,Wikipedia year pages / organizer calendars 2022–2026,New event entered the live dataset
2026-08-18,event,added,The Witcher season 4,presence,,added,historical_registry,New event entered the live dataset
2026-08-18,event,added,The Super Mario Galaxy Movie Direct,presence,,added,Wikipedia year pages / organizer calendars 2022–2026,New event entered the live dataset
2026-08-18,event,added,G-STAR 2025,presence,,added,Wikipedia year pages / organizer calendars 2022–2026,New event entered the live dataset
2026-08-18,event,added,Golden Joystick Awards 2025,presence,,added,Wikipedia year pages / organizer calendars 2022–2026,New event entered the live dataset
2026-08-18,event,added,Metroid Prime 4: Beyond release window,presence,,added,announced_product_window,New event entered the live dataset
2026-08-18,event,added,Five Nights at Freddy's 2,presence,,added,historical_registry,New event entered the live dataset
2026-08-18,event,added,The Game Awards 2025,presence,,added,Wikipedia year pages / organizer calendars 2022–2026,New event entered the live dataset
2026-08-18,event,added,Fallout season 2,presence,,added,historical_registry,New event entered the live dataset
2026-08-18,event,added,OD release window,presence,,added,announced_product_window,New event entered the live dataset
2026-08-18,event,added,Pragmata release window,presence,,added,announced_product_window,New event entered the live dataset
2026-08-18,event,added,CES 2026,presence,,added,Wikipedia year pages / organizer calendars 2022–2026,New event entered the live dataset
2026-08-18,event,added,CES Gaming,presence,,added,horizon_template,New event entered the live dataset
2026-08-18,event,added,MAGFest,presence,,added,horizon_template,New event entered the live dataset
2026-08-18,event,added,Super MAGFest 2026,presence,,added,Wikipedia year pages / organizer calendars 2022–2026,New event entered the live dataset
2026-08-18,event,added,Pocket Gamer Connects London,presence,,added,horizon_template,New event entered the live dataset
2026-08-18,event,added,IEM Katowice,presence,,added,horizon_template,New event entered the live dataset
2026-08-18,event,added,Xbox Developer Direct,presence,,added,horizon_template,New event entered the live dataset
2026-08-18,event,added,Return to Silent Hill,presence,,added,historical_registry,New event entered the live dataset
2026-08-18,event,added,Global Game Jam,presence,,added,horizon_template,New event entered the live dataset
2026-08-18,event,added,Steam Lunar New Year Sale,presence,,added,horizon_template,New event entered the live dataset
2026-08-18,event,added,Sonic the Hedgehog Presents: The Chaotix Casefiles,presence,,added,cross_media_registry,New event entered the live dataset
2026-08-18,event,added,PlayStation State of Play,presence,,added,horizon_template,New event entered the live dataset
2026-08-18,event,added,Iron Lung,presence,,added,historical_registry,New event entered the live dataset
2026-08-18,event,added,Taipei Game Show,presence,,added,horizon_template,New event entered the live dataset
2026-08-18,event,added,Taipei Game Show 2026,presence,,added,Wikipedia year pages / organizer calendars 2022–2026,New event entered the live dataset
2026-08-18,event,added,Six Invitational,presence,,added,horizon_template,New event entered the live dataset
2026-08-18,event,added,Super Bowl LX,presence,,added,Wikipedia year pages / organizer calendars 2022–2026,New event entered the live dataset
2026-08-18,event,added,D.I.C.E. Awards,presence,,added,horizon_template,New event entered the live dataset
2026-08-18,event,added,D.I.C.E. Awards 2026,presence,,added,Wikipedia year pages / organizer calendars 2022–2026,New event entered the live dataset
2026-08-18,event,added,The Mortuary Assistant,presence,,added,historical_registry,New event entered the live dataset
2026-08-18,event,added,Nintendo Direct,presence,,added,horizon_template,New event entered the live dataset
2026-08-18,event,added,IGN Fan Fest,presence,,added,horizon_template,New event entered the live dataset
2026-08-18,event,added,Steam Next Fest,presence,,added,horizon_template,New event entered the live dataset
2026-08-18,event,added,Resident Evil Requiem release window,presence,,added,announced_product_window,New event entered the live dataset
2026-08-18,event,added,F1 World Championship,presence,,added,horizon_template,New event entered the live dataset
2026-08-18,event,added,GDC,presence,,added,horizon_template,New event entered the live dataset
2026-08-18,event,added,GDC 2026,presence,,added,Wikipedia year pages / organizer calendars 2022–2026,New event entered the live dataset
2026-08-18,event,added,Steam Spring Sale,presence,,added,horizon_template,New event entered the live dataset
2026-08-18,event,added,SXSW Gaming,presence,,added,horizon_template,New event entered the live dataset
2026-08-18,event,added,Game Connection America,presence,,added,horizon_template,New event entered the live dataset
2026-08-18,event,added,PAX East,presence,,added,horizon_template,New event entered the live dataset
2026-08-18,event,added,PAX East 2026,presence,,added,Wikipedia year pages / organizer calendars 2022–2026,New event entered the live dataset
2026-08-18,event,added,WonderCon,presence,,added,horizon_template,New event entered the live dataset
2026-08-18,event,added,The Super Mario Galaxy Movie,presence,,added,historical_registry,New event entered the live dataset
2026-08-18,event,added,The Masters,presence,,added,horizon_template,New event entered the live dataset
2026-08-18,event,added,BAFTA Games Awards,presence,,added,horizon_template,New event entered the live dataset
2026-08-18,event,added,The Masters 2026,presence,,added,Wikipedia year pages / organizer calendars 2022–2026,New event entered the live dataset
2026-08-18,event,added,NBA Playoffs & Finals,presence,,added,horizon_template,New event entered the live dataset
2026-08-18,event,added,Stanley Cup Playoffs,presence,,added,horizon_template,New event entered the live dataset
2026-08-18,event,added,Reboot Develop Blue,presence,,added,horizon_template,New event entered the live dataset
2026-08-18,event,added,Gamescom Latam,presence,,added,horizon_template,New event entered the live dataset
2026-08-18,event,added,League of Legends MSI,presence,,added,horizon_template,New event entered the live dataset
2026-08-18,event,added,LudoNarraCon,presence,,added,horizon_template,New event entered the live dataset
2026-08-18,event,added,IIHF World Championship,presence,,added,horizon_template,New event entered the live dataset
2026-08-18,event,added,Mortal Kombat II,presence,,added,historical_registry,New event entered the live dataset
2026-08-18,event,added,Devil May Cry season 2,presence,,added,historical_registry,New event entered the live dataset
2026-08-18,event,added,A MAZE. Berlin,presence,,added,horizon_template,New event entered the live dataset
2026-08-18,event,added,PGA Championship,presence,,added,horizon_template,New event entered the live dataset
2026-08-18,event,added,Digital Dragons,presence,,added,horizon_template,New event entered the live dataset
2026-08-18,event,added,Nordic Game,presence,,added,horizon_template,New event entered the live dataset
2026-08-18,event,added,INDIE Live Expo,presence,,added,horizon_template,New event entered the live dataset
2026-08-18,event,added,Roland-Garros,presence,,added,horizon_template,New event entered the live dataset
2026-08-18,event,added,007 First Light release window,presence,,added,announced_product_window,New event entered the live dataset
2026-08-18,event,added,PlayStation State of Play June 2026,presence,,added,Wikipedia year pages / organizer calendars 2022–2026,New event entered the live dataset
2026-08-18,event,added,Summer Game Fest,presence,,added,"Wikipedia 2026 in video games / VGC — Jun 5–8, 2026",New event entered the live dataset
2026-08-18,event,added,Access-Ability Summer Showcase,presence,,added,horizon_template,New event entered the live dataset
2026-08-18,event,added,Summer Game Fest 2026,presence,,added,Wikipedia year pages / organizer calendars 2022–2026,New event entered the live dataset
2026-08-18,event,added,Among Us,presence,,added,historical_registry,New event entered the live dataset
2026-08-18,event,added,Wholesome Direct,presence,,added,horizon_template,New event entered the live dataset
2026-08-18,event,added,Day of the Devs,presence,,added,horizon_template,New event entered the live dataset
2026-08-18,event,added,Guerrilla Collective,presence,,added,horizon_template,New event entered the live dataset
2026-08-18,event,added,Future Games Show Summer Showcase,presence,,added,horizon_template,New event entered the live dataset
2026-08-18,event,added,Xbox Games Showcase 2026,presence,,added,Wikipedia year pages / organizer calendars 2022–2026,New event entered the live dataset
2026-08-18,event,added,Xbox Games Showcase,presence,,added,horizon_template,New event entered the live dataset
2026-08-18,event,added,PC Gaming Show,presence,,added,horizon_template,New event entered the live dataset
2026-08-18,event,added,WWDC,presence,,added,horizon_template,New event entered the live dataset
2026-08-18,event,added,Capcom Showcase,presence,,added,horizon_template,New event entered the live dataset
2026-08-18,event,added,Steam Next Fest (June),presence,,added,horizon_template,New event entered the live dataset
2026-08-18,event,added,Nintendo Direct June 2026,presence,,added,Wikipedia year pages / organizer calendars 2022–2026,New event entered the live dataset
2026-08-18,event,added,Ubisoft Forward,presence,,added,horizon_template,New event entered the live dataset
2026-08-18,event,added,2026 FIFA World Cup,presence,,added,Wikipedia year pages / organizer calendars 2022–2026,New event entered the live dataset
2026-08-18,event,added,Nintendo Direct (June),presence,,added,horizon_template,New event entered the live dataset
2026-08-18,event,added,DreamHack Summer,presence,,added,horizon_template,New event entered the live dataset
2026-08-18,event,added,Steam Summer Sale,presence,,added,horizon_template,New event entered the live dataset
2026-08-18,event,added,Anime Expo,presence,,added,horizon_template,New event entered the live dataset
2026-08-18,event,added,Tour de France,presence,,added,horizon_template,New event entered the live dataset
2026-08-18,event,added,Esports World Cup 2026,presence,,added,Wikipedia year pages / organizer calendars 2022–2026,New event entered the live dataset
2026-08-18,event,added,Esports World Cup,presence,,added,horizon_template,New event entered the live dataset
2026-08-18,event,added,Develop:Brighton,presence,,added,horizon_template,New event entered the live dataset
2026-08-18,event,added,The Open Championship,presence,,added,horizon_template,New event entered the live dataset
2026-08-18,event,added,BitSummit,presence,,added,horizon_template,New event entered the live dataset
2026-08-18,event,added,San Diego Comic-Con,presence,,added,ods,New event entered the live dataset
2026-08-18,event,added,San Diego Comic-Con 2026,presence,,added,Wikipedia year pages / organizer calendars 2022–2026,New event entered the live dataset
2026-08-18,event,added,EVO,presence,,added,horizon_template,New event entered the live dataset
2026-08-18,event,added,ChinaJoy,presence,,added,horizon_template,New event entered the live dataset
2026-08-18,event,added,Spider-Man: Brand New Day,presence,,added,cross_media_registry,New event entered the live dataset
2026-08-18,event,added,QuakeCon,presence,,added,horizon_template,New event entered the live dataset
2026-08-18,event,added,Fortnite Global Championship,presence,,added,horizon_template,New event entered the live dataset
2026-08-18,event,added,D23: The Ultimate Disney Fan Event,presence,,added,ods,New event entered the live dataset
2026-08-18,event,added,D23,presence,,added,horizon_template,New event entered the live dataset
2026-08-18,event,added,Pokémon World Championships,presence,,added,horizon_template,New event entered the live dataset
2026-08-18,event,added,Madden NFL 27 release window,presence,,added,announced_product_window,New event entered the live dataset
2026-08-18,event,added,VALORANT Champions,presence,,added,horizon_template,New event entered the live dataset
2026-08-18,event,added,Devcom Developer Conference,presence,,added,horizon_template,New event entered the live dataset
2026-08-18,event,added,Busan Indie Connect Festival,presence,,added,horizon_template,New event entered the live dataset
2026-08-18,event,added,Gamescom Opening Night Live,presence,,added,"gamescom.global — Opening Night Live Aug 25, 2026",New event entered the live dataset
2026-08-18,event,added,Gamescom Opening Night Live 2026,presence,,added,Wikipedia year pages / organizer calendars 2022–2026,New event entered the live dataset
2026-08-18,event,added,Gamescom,presence,,added,"gamescom.global / Koelnmesse — Aug 26–30, 2026",New event entered the live dataset
2026-08-18,event,added,Future Games Show at Gamescom,presence,,added,ods,New event entered the live dataset
2026-08-18,event,added,Gamescom 2026,presence,,added,Wikipedia year pages / organizer calendars 2022–2026,New event entered the live dataset
2026-08-18,event,added,PAX West,presence,,added,horizon_template,New event entered the live dataset
2026-08-18,event,added,PAX West,presence,,added,ods,New event entered the live dataset
2026-08-18,event,added,NFL Season,presence,,added,horizon_template,New event entered the live dataset
2026-08-18,event,added,NBA 2K27 release window,presence,,added,announced_product_window,New event entered the live dataset
2026-08-18,event,added,BlizzCon,presence,,added,ods,New event entered the live dataset
2026-08-18,event,added,BlizzCon 2026,presence,,added,Wikipedia year pages / organizer calendars 2022–2026,New event entered the live dataset
2026-08-18,event,added,Marvel's Wolverine release window,presence,,added,announced_product_window,New event entered the live dataset
2026-08-18,event,added,Tokyo Game Show,presence,,added,"tgs.cesa.or.jp — Sep 17–21, 2026",New event entered the live dataset
2026-08-18,event,added,Tokyo Game Show 2026,presence,,added,Wikipedia year pages / organizer calendars 2022–2026,New event entered the live dataset
2026-08-18,event,added,Resident Evil,presence,,added,cross_media_registry,New event entered the live dataset
2026-08-18,event,added,League of Legends Worlds,presence,,added,horizon_template,New event entered the live dataset
2026-08-18,event,added,EA SPORTS FC 27 release window,presence,,added,announced_product_window,New event entered the live dataset
2026-08-18,event,added,MLB Postseason,presence,,added,horizon_template,New event entered the live dataset
2026-08-18,event,added,New York Comic Con,presence,,added,ods,New event entered the live dataset
2026-08-18,event,added,Brasil Game Show,presence,,added,horizon_template,New event entered the live dataset
2026-08-18,event,added,DreamHack Atlanta,presence,,added,horizon_template,New event entered the live dataset
2026-08-18,event,added,Steam Next Fest (October),presence,,added,horizon_template,New event entered the live dataset
2026-08-18,event,added,League of Legends Worlds 2026,presence,,added,Wikipedia year pages / organizer calendars 2022–2026,New event entered the live dataset
2026-08-18,event,added,Street Fighter,presence,,added,cross_media_registry,New event entered the live dataset
2026-08-18,event,added,MCM London Comic Con,presence,,added,ods,New event entered the live dataset
2026-08-18,event,added,GameSoundCon,presence,,added,horizon_template,New event entered the live dataset
2026-08-18,event,added,Paris Games Week,presence,,added,ods,New event entered the live dataset
2026-08-18,event,added,PUBG Global Championship,presence,,added,ods,New event entered the live dataset
2026-08-18,event,added,League of Legends Worlds,presence,,added,ods,New event entered the live dataset
2026-08-18,event,added,Esports Awards,presence,,added,ods,New event entered the live dataset
2026-08-18,event,added,India Game Developer Conference,presence,,added,horizon_template,New event entered the live dataset
2026-08-18,event,added,Counter-Strike Major,presence,,added,horizon_template,New event entered the live dataset
2026-08-18,event,added,G-STAR,presence,,added,horizon_template,New event entered the live dataset
2026-08-18,event,added,Grand Theft Auto VI release window,presence,,added,announced_product_window,New event entered the live dataset
2026-08-18,event,added,Golden Joystick Awards,presence,,added,horizon_template,New event entered the live dataset
2026-08-18,event,added,Steam Autumn Sale,presence,,added,horizon_template,New event entered the live dataset
2026-08-18,event,added,Steam Winter Sale / Winter Events,presence,,added,ods,New event entered the live dataset
2026-08-18,event,added,Steam Awards,presence,,added,ods,New event entered the live dataset
2026-08-18,event,added,Jump Festa,presence,,added,ods,New event entered the live dataset
2026-08-18,event,added,The Game Awards,presence,,added,"thegameawards.com — Dec 10, 2026",New event entered the live dataset
2026-08-18,event,added,The Game Awards 2026,presence,,added,Wikipedia year pages / organizer calendars 2022–2026,New event entered the live dataset
2026-08-18,event,added,The Angry Birds Movie 3,presence,,added,historical_registry,New event entered the live dataset
2026-08-18,event,added,CES Gaming,presence,,added,ods,New event entered the live dataset
2026-08-18,event,added,Nintendo Direct,presence,,added,ods,New event entered the live dataset
2026-08-18,event,added,Xbox Developer Direct,presence,,added,ods,New event entered the live dataset
2026-08-18,event,added,PlayStation State of Play,presence,,added,ods,New event entered the live dataset
2026-08-18,event,added,Assassin's Creed Codename Hexe release window,presence,,added,announced_product_window,New event entered the live dataset
2026-08-18,event,added,Chronicles of Darkness release window,presence,,added,announced_product_window,New event entered the live dataset
2026-08-18,event,added,The Witcher 4 release window,presence,,added,announced_product_window,New event entered the live dataset
2026-08-18,event,added,Perfect Dark release window,presence,,added,announced_product_window,New event entered the live dataset
2026-08-18,event,added,MAGFest,presence,,added,horizon_template,New event entered the live dataset
2026-08-18,event,added,Pocket Gamer Connects London,presence,,added,horizon_template,New event entered the live dataset
2026-08-18,event,added,IEM Katowice,presence,,added,ods,New event entered the live dataset
2026-08-18,event,added,Global Game Jam,presence,,added,horizon_template,New event entered the live dataset
2026-08-18,event,added,Steam Lunar New Year Sale,presence,,added,horizon_template,New event entered the live dataset
2026-08-18,event,added,Taipei Game Show,presence,,added,ods,New event entered the live dataset
2026-08-18,event,added,Six Invitational,presence,,added,ods,New event entered the live dataset
2026-08-18,event,added,D.I.C.E. Awards,presence,,added,ods,New event entered the live dataset
2026-08-18,event,added,Steam Next Fest,presence,,added,ods,New event entered the live dataset
2026-08-18,event,added,Nintendo Direct,presence,,added,horizon_template,New event entered the live dataset
2026-08-18,event,added,IGN Fan Fest,presence,,added,horizon_template,New event entered the live dataset
2026-08-18,event,added,Fable release window,presence,,added,announced_product_window,New event entered the live dataset
2026-08-18,event,added,GDC,presence,,added,ods,New event entered the live dataset
2026-08-18,event,added,SXSW Gaming,presence,,added,ods,New event entered the live dataset
2026-08-18,event,added,PAX East,presence,,added,ods,New event entered the live dataset
2026-08-18,event,added,F1 World Championship,presence,,added,horizon_template,New event entered the live dataset
2026-08-18,event,added,Steam Spring Sale,presence,,added,horizon_template,New event entered the live dataset
2026-08-18,event,added,Game Connection America,presence,,added,horizon_template,New event entered the live dataset
2026-08-18,event,added,WonderCon,presence,,added,horizon_template,New event entered the live dataset
2026-08-18,event,added,The Masters,presence,,added,ods,New event entered the live dataset
2026-08-18,event,added,BAFTA Games Awards,presence,,added,ods,New event entered the live dataset
2026-08-18,event,added,NBA Playoffs & Finals,presence,,added,ods,New event entered the live dataset
2026-08-18,event,added,Stanley Cup Playoffs,presence,,added,ods,New event entered the live dataset
2026-08-18,event,added,Reboot Develop Blue,presence,,added,horizon_template,New event entered the live dataset
2026-08-18,event,added,Gamescom Latam,presence,,added,horizon_template,New event entered the live dataset
2026-08-18,event,added,IIHF World Championship,presence,,added,ods,New event entered the live dataset
2026-08-18,event,added,League of Legends MSI,presence,,added,ods,New event entered the live dataset
2026-08-18,event,added,LudoNarraCon,presence,,added,horizon_template,New event entered the live dataset
2026-08-18,event,added,PGA Championship,presence,,added,ods,New event entered the live dataset
2026-08-18,event,added,A MAZE. Berlin,presence,,added,horizon_template,New event entered the live dataset
2026-08-18,event,added,Digital Dragons,presence,,added,horizon_template,New event entered the live dataset
2026-08-18,event,added,Roland-Garros,presence,,added,ods,New event entered the live dataset
2026-08-18,event,added,Nordic Game,presence,,added,horizon_template,New event entered the live dataset
2026-08-18,event,added,INDIE Live Expo,presence,,added,horizon_template,New event entered the live dataset
2026-08-18,event,added,Xbox Games Showcase,presence,,added,ods,New event entered the live dataset
2026-08-18,event,added,PC Gaming Show,presence,,added,ods,New event entered the live dataset
2026-08-18,event,added,Day of the Devs,presence,,added,ods,New event entered the live dataset
2026-08-18,event,added,Wholesome Direct,presence,,added,ods,New event entered the live dataset
2026-08-18,event,added,Guerrilla Collective,presence,,added,ods,New event entered the live dataset
2026-08-18,event,added,Capcom Showcase,presence,,added,ods,New event entered the live dataset
2026-08-18,event,added,Ubisoft Forward,presence,,added,ods,New event entered the live dataset
2026-08-18,event,added,Nintendo Direct,presence,,added,ods,New event entered the live dataset
2026-08-18,event,added,Steam Next Fest,presence,,added,ods,New event entered the live dataset
2026-08-18,event,added,WWDC,presence,,added,ods,New event entered the live dataset
2026-08-18,event,added,Summer Game Fest,presence,,added,horizon_template,New event entered the live dataset
2026-08-18,event,added,Access-Ability Summer Showcase,presence,,added,horizon_template,New event entered the live dataset
2026-08-18,event,added,Future Games Show Summer Showcase,presence,,added,horizon_template,New event entered the live dataset
2026-08-18,event,added,Steam Next Fest (June),presence,,added,horizon_template,New event entered the live dataset
2026-08-18,event,added,Nintendo Direct (June),presence,,added,horizon_template,New event entered the live dataset
2026-08-18,event,added,DreamHack Summer,presence,,added,horizon_template,New event entered the live dataset
2026-08-18,event,added,FIFA Women's World Cup,presence,,added,horizon_template,New event entered the live dataset
2026-08-18,event,added,Steam Summer Sale,presence,,added,horizon_template,New event entered the live dataset
2026-08-18,event,added,Tour de France,presence,,added,ods,New event entered the live dataset
2026-08-18,event,added,EVO,presence,,added,ods,New event entered the live dataset
2026-08-18,event,added,Esports World Cup,presence,,added,ods,New event entered the live dataset
2026-08-18,event,added,ChinaJoy,presence,,added,ods,New event entered the live dataset
2026-08-18,event,added,Anime Expo,presence,,added,ods,New event entered the live dataset
2026-08-18,event,added,San Diego Comic-Con,presence,,added,ods,New event entered the live dataset
2026-08-18,event,added,The Open Championship,presence,,added,ods,New event entered the live dataset
2026-08-18,event,added,Develop:Brighton,presence,,added,horizon_template,New event entered the live dataset
2026-08-18,event,added,BitSummit,presence,,added,horizon_template,New event entered the live dataset
2026-08-18,event,added,Devcom,presence,,added,ods,New event entered the live dataset
2026-08-18,event,added,QuakeCon,presence,,added,ods,New event entered the live dataset
2026-08-18,event,added,D23,presence,,added,ods,New event entered the live dataset
2026-08-18,event,added,Pokémon World Championships,presence,,added,ods,New event entered the live dataset
2026-08-18,event,added,Fortnite Global Championship,presence,,added,ods,New event entered the live dataset
2026-08-18,event,added,VALORANT Champions,presence,,added,ods,New event entered the live dataset
2026-08-18,event,added,Rocket League World Championship,presence,,added,ods,New event entered the live dataset
2026-08-18,event,added,Honor of Kings World Cup,presence,,added,ods,New event entered the live dataset
2026-08-18,event,added,Devcom Developer Conference,presence,,added,horizon_template,New event entered the live dataset
2026-08-18,event,added,Busan Indie Connect Festival,presence,,added,horizon_template,New event entered the live dataset
2026-08-18,event,added,Gamescom Opening Night Live,presence,,added,horizon_template,New event entered the live dataset
2026-08-18,event,added,Gamescom,presence,,added,horizon_template,New event entered the live dataset
2026-08-18,event,added,Future Games Show at Gamescom,presence,,added,horizon_template,New event entered the live dataset
2026-08-18,event,added,PAX West,presence,,added,horizon_template,New event entered the live dataset
2026-08-18,event,added,F1 World Championship,presence,,added,ods,New event entered the live dataset
2026-08-18,event,added,League of Legends Worlds,presence,,added,ods,New event entered the live dataset
2026-08-18,event,added,NFL Season,presence,,added,horizon_template,New event entered the live dataset
2026-08-18,event,added,BlizzCon,presence,,added,horizon_template,New event entered the live dataset
2026-08-18,event,added,Tokyo Game Show,presence,,added,horizon_template,New event entered the live dataset
2026-08-18,event,added,MLB Postseason,presence,,added,ods,New event entered the live dataset
2026-08-18,event,added,New York Comic Con,presence,,added,ods,New event entered the live dataset
2026-08-18,event,added,MCM London Comic Con,presence,,added,ods,New event entered the live dataset
2026-08-18,event,added,Paris Games Week,presence,,added,ods,New event entered the live dataset
2026-08-18,event,added,Steam Next Fest,presence,,added,ods,New event entered the live dataset
2026-08-18,event,added,Brasil Game Show,presence,,added,horizon_template,New event entered the live dataset
2026-08-18,event,added,DreamHack Atlanta,presence,,added,horizon_template,New event entered the live dataset
2026-08-18,event,added,Steam Next Fest (October),presence,,added,horizon_template,New event entered the live dataset
2026-08-18,event,added,GameSoundCon,presence,,added,horizon_template,New event entered the live dataset
2026-08-18,event,added,Counter-Strike Major,presence,,added,ods,New event entered the live dataset
2026-08-18,event,added,PUBG Global Championship,presence,,added,ods,New event entered the live dataset
2026-08-18,event,added,Esports Awards,presence,,added,ods,New event entered the live dataset
2026-08-18,event,added,Golden Joystick Awards,presence,,added,ods,New event entered the live dataset
2026-08-18,event,added,India Game Developer Conference,presence,,added,horizon_template,New event entered the live dataset
2026-08-18,event,added,G-STAR,presence,,added,horizon_template,New event entered the live dataset
2026-08-18,event,added,Steam Autumn Sale,presence,,added,horizon_template,New event entered the live dataset
2026-08-18,event,added,Jump Festa,presence,,added,ods,New event entered the live dataset
2026-08-18,event,added,Steam Awards,presence,,added,ods,New event entered the live dataset
2026-08-18,event,added,The Game Awards,presence,,added,horizon_template,New event entered the live dataset
2026-08-18,event,added,Steam Winter Sale / Winter Events,presence,,added,horizon_template,New event entered the live dataset
2026-08-18,event,added,Intergalactic: The Heretic Prophet release window,presence,,added,announced_product_window,New event entered the live dataset
2026-08-18,event,added,Okami 2 release window,presence,,added,announced_product_window,New event entered the live dataset
2026-08-18,event,added,CES Gaming,presence,,added,horizon_template,New event entered the live dataset
2026-08-18,event,added,MAGFest,presence,,added,horizon_template,New event entered the live dataset
2026-08-18,event,added,Pocket Gamer Connects London,presence,,added,horizon_template,New event entered the live dataset
2026-08-18,event,added,IEM Katowice,presence,,added,horizon_template,New event entered the live dataset
2026-08-18,event,added,Xbox Developer Direct,presence,,added,horizon_template,New event entered the live dataset
2026-08-18,event,added,Global Game Jam,presence,,added,horizon_template,New event entered the live dataset
2026-08-18,event,added,Steam Lunar New Year Sale,presence,,added,horizon_template,New event entered the live dataset
2026-08-18,event,added,PlayStation State of Play,presence,,added,horizon_template,New event entered the live dataset
2026-08-18,event,added,Taipei Game Show,presence,,added,horizon_template,New event entered the live dataset
2026-08-18,event,added,Six Invitational,presence,,added,horizon_template,New event entered the live dataset
2026-08-18,event,added,D.I.C.E. Awards,presence,,added,horizon_template,New event entered the live dataset
2026-08-18,event,added,Nintendo Direct,presence,,added,horizon_template,New event entered the live dataset
2026-08-18,event,added,IGN Fan Fest,presence,,added,horizon_template,New event entered the live dataset
2026-08-18,event,added,Steam Next Fest,presence,,added,horizon_template,New event entered the live dataset
2026-08-18,event,added,F1 World Championship,presence,,added,horizon_template,New event entered the live dataset
2026-08-18,event,added,GDC,presence,,added,horizon_template,New event entered the live dataset
2026-08-18,event,added,Steam Spring Sale,presence,,added,horizon_template,New event entered the live dataset
2026-08-18,event,added,SXSW Gaming,presence,,added,horizon_template,New event entered the live dataset
2026-08-18,event,added,Game Connection America,presence,,added,horizon_template,New event entered the live dataset
2026-08-18,event,added,PAX East,presence,,added,horizon_template,New event entered the live dataset
2026-08-18,event,added,WonderCon,presence,,added,horizon_template,New event entered the live dataset
2026-08-18,event,added,The Masters,presence,,added,horizon_template,New event entered the live dataset
2026-08-18,event,added,BAFTA Games Awards,presence,,added,horizon_template,New event entered the live dataset
2026-08-18,event,added,NBA Playoffs & Finals,presence,,added,horizon_template,New event entered the live dataset
2026-08-18,event,added,Stanley Cup Playoffs,presence,,added,horizon_template,New event entered the live dataset
2026-08-18,event,added,Reboot Develop Blue,presence,,added,horizon_template,New event entered the live dataset
2026-08-18,event,added,Gamescom Latam,presence,,added,horizon_template,New event entered the live dataset
2026-08-18,event,added,League of Legends MSI,presence,,added,horizon_template,New event entered the live dataset
2026-08-18,event,added,LudoNarraCon,presence,,added,horizon_template,New event entered the live dataset
2026-08-18,event,added,IIHF World Championship,presence,,added,horizon_template,New event entered the live dataset
2026-08-18,event,added,A MAZE. Berlin,presence,,added,horizon_template,New event entered the live dataset
2026-08-18,event,added,PGA Championship,presence,,added,horizon_template,New event entered the live dataset
2026-08-18,event,added,Digital Dragons,presence,,added,horizon_template,New event entered the live dataset
2026-08-18,event,added,Nordic Game,presence,,added,horizon_template,New event entered the live dataset
2026-08-18,event,added,INDIE Live Expo,presence,,added,horizon_template,New event entered the live dataset
2026-08-18,event,added,Roland-Garros,presence,,added,horizon_template,New event entered the live dataset
2026-08-18,event,added,Summer Game Fest,presence,,added,horizon_template,New event entered the live dataset
2026-08-18,event,added,Access-Ability Summer Showcase,presence,,added,horizon_template,New event entered the live dataset
2026-08-18,event,added,Wholesome Direct,presence,,added,horizon_template,New event entered the live dataset
2026-08-18,event,added,Day of the Devs,presence,,added,horizon_template,New event entered the live dataset
2026-08-18,event,added,Guerrilla Collective,presence,,added,horizon_template,New event entered the live dataset
2026-08-18,event,added,Future Games Show Summer Showcase,presence,,added,horizon_template,New event entered the live dataset
2026-08-18,event,added,Xbox Games Showcase,presence,,added,horizon_template,New event entered the live dataset
2026-08-18,event,added,PC Gaming Show,presence,,added,horizon_template,New event entered the live dataset
2026-08-18,event,added,WWDC,presence,,added,horizon_template,New event entered the live dataset
2026-08-18,event,added,Capcom Showcase,presence,,added,horizon_template,New event entered the live dataset
2026-08-18,event,added,Steam Next Fest (June),presence,,added,horizon_template,New event entered the live dataset
2026-08-18,event,added,UEFA Euro 2028,presence,,added,horizon_template,New event entered the live dataset
2026-08-18,event,added,Ubisoft Forward,presence,,added,horizon_template,New event entered the live dataset
2026-08-18,event,added,Nintendo Direct (June),presence,,added,horizon_template,New event entered the live dataset
2026-08-18,event,added,DreamHack Summer,presence,,added,horizon_template,New event entered the live dataset
2026-08-18,event,added,Steam Summer Sale,presence,,added,horizon_template,New event entered the live dataset
2026-08-18,event,added,Anime Expo,presence,,added,horizon_template,New event entered the live dataset
2026-08-18,event,added,Tour de France,presence,,added,horizon_template,New event entered the live dataset
2026-08-18,event,added,Esports World Cup,presence,,added,horizon_template,New event entered the live dataset
2026-08-18,event,added,Develop:Brighton,presence,,added,horizon_template,New event entered the live dataset
2026-08-18,event,added,2028 Summer Olympics,presence,,added,horizon_template,New event entered the live dataset
2026-08-18,event,added,The Open Championship,presence,,added,horizon_template,New event entered the live dataset
2026-08-18,event,added,BitSummit,presence,,added,horizon_template,New event entered the live dataset
2026-08-18,event,added,San Diego Comic-Con,presence,,added,horizon_template,New event entered the live dataset
2026-08-18,event,added,EVO,presence,,added,horizon_template,New event entered the live dataset
2026-08-18,event,added,ChinaJoy,presence,,added,horizon_template,New event entered the live dataset
2026-08-18,event,added,QuakeCon,presence,,added,horizon_template,New event entered the live dataset
2026-08-18,event,added,Fortnite Global Championship,presence,,added,horizon_template,New event entered the live dataset
2026-08-18,event,added,D23,presence,,added,horizon_template,New event entered the live dataset
2026-08-18,event,added,Pokémon World Championships,presence,,added,horizon_template,New event entered the live dataset
2026-08-18,event,added,VALORANT Champions,presence,,added,horizon_template,New event entered the live dataset
2026-08-18,event,added,Devcom Developer Conference,presence,,added,horizon_template,New event entered the live dataset
2026-08-18,event,added,Busan Indie Connect Festival,presence,,added,horizon_template,New event entered the live dataset
2026-08-18,event,added,Gamescom Opening Night Live,presence,,added,horizon_template,New event entered the live dataset
2026-08-18,event,added,Gamescom,presence,,added,horizon_template,New event entered the live dataset
2026-08-18,event,added,Future Games Show at Gamescom,presence,,added,horizon_template,New event entered the live dataset
2026-08-18,event,added,PAX West,presence,,added,horizon_template,New event entered the live dataset
2026-08-18,event,added,NFL Season,presence,,added,horizon_template,New event entered the live dataset
2026-08-18,event,added,BlizzCon,presence,,added,horizon_template,New event entered the live dataset
2026-08-18,event,added,Tokyo Game Show,presence,,added,horizon_template,New event entered the live dataset
2026-08-18,event,added,League of Legends Worlds,presence,,added,horizon_template,New event entered the live dataset
2026-08-18,event,added,MLB Postseason,presence,,added,horizon_template,New event entered the live dataset
2026-08-18,event,added,New York Comic Con,presence,,added,horizon_template,New event entered the live dataset
2026-08-18,event,added,Brasil Game Show,presence,,added,horizon_template,New event entered the live dataset
2026-08-18,event,added,DreamHack Atlanta,presence,,added,horizon_template,New event entered the live dataset
2026-08-18,event,added,Steam Next Fest (October),presence,,added,horizon_template,New event entered the live dataset
2026-08-18,event,added,MCM London Comic Con,presence,,added,horizon_template,New event entered the live dataset
2026-08-18,event,added,GameSoundCon,presence,,added,horizon_template,New event entered the live dataset
2026-08-18,event,added,Paris Games Week,presence,,added,horizon_template,New event entered the live dataset
2026-08-18,event,added,PUBG Global Championship,presence,,added,horizon_template,New event entered the live dataset
2026-08-18,event,added,India Game Developer Conference,presence,,added,horizon_template,New event entered the live dataset
2026-08-18,event,added,Counter-Strike Major,presence,,added,horizon_template,New event entered the live dataset
2026-08-18,event,added,Esports Awards,presence,,added,horizon_template,New event entered the live dataset
2026-08-18,event,added,G-STAR,presence,,added,horizon_template,New event entered the live dataset
2026-08-18,event,added,Golden Joystick Awards,presence,,added,horizon_template,New event entered the live dataset
2026-08-18,event,added,Steam Autumn Sale,presence,,added,horizon_template,New event entered the live dataset
2026-08-18,event,added,The Game Awards,presence,,added,horizon_template,New event entered the live dataset
2026-08-18,event,added,Steam Winter Sale / Winter Events,presence,,added,horizon_template,New event entered the live dataset
2026-08-18,event,added,Steam Awards,presence,,added,horizon_template,New event entered the live dataset
2026-08-18,event,added,Jump Festa,presence,,added,horizon_template,New event entered the live dataset
2026-08-18,event,added,BioShock 4 release window,presence,,added,announced_product_window,New event entered the live dataset
2026-08-18,event,added,CES Gaming,presence,,added,horizon_template,New event entered the live dataset
2026-08-18,event,added,MAGFest,presence,,added,horizon_template,New event entered the live dataset
2026-08-18,event,added,Pocket Gamer Connects London,presence,,added,horizon_template,New event entered the live dataset
2026-08-18,event,added,IEM Katowice,presence,,added,horizon_template,New event entered the live dataset
2026-08-18,event,added,Xbox Developer Direct,presence,,added,horizon_template,New event entered the live dataset
2026-08-18,event,added,Global Game Jam,presence,,added,horizon_template,New event entered the live dataset
2026-08-18,event,added,Steam Lunar New Year Sale,presence,,added,horizon_template,New event entered the live dataset
2026-08-18,event,added,PlayStation State of Play,presence,,added,horizon_template,New event entered the live dataset
2026-08-18,event,added,Taipei Game Show,presence,,added,horizon_template,New event entered the live dataset
2026-08-18,event,added,Six Invitational,presence,,added,horizon_template,New event entered the live dataset
2026-08-18,event,added,D.I.C.E. Awards,presence,,added,horizon_template,New event entered the live dataset
2026-08-18,event,added,Nintendo Direct,presence,,added,horizon_template,New event entered the live dataset
2026-08-18,event,added,IGN Fan Fest,presence,,added,horizon_template,New event entered the live dataset
2026-08-18,event,added,Steam Next Fest,presence,,added,horizon_template,New event entered the live dataset
2026-08-18,event,added,F1 World Championship,presence,,added,horizon_template,New event entered the live dataset
2026-08-18,event,added,GDC,presence,,added,horizon_template,New event entered the live dataset
2026-08-18,event,added,Steam Spring Sale,presence,,added,horizon_template,New event entered the live dataset
2026-08-18,event,added,SXSW Gaming,presence,,added,horizon_template,New event entered the live dataset
2026-08-18,event,added,Game Connection America,presence,,added,horizon_template,New event entered the live dataset
2026-08-18,event,added,PAX East,presence,,added,horizon_template,New event entered the live dataset
2026-08-18,event,added,WonderCon,presence,,added,horizon_template,New event entered the live dataset
2026-08-18,event,added,The Masters,presence,,added,horizon_template,New event entered the live dataset
2026-08-18,event,added,BAFTA Games Awards,presence,,added,horizon_template,New event entered the live dataset
2026-08-18,event,added,NBA Playoffs & Finals,presence,,added,horizon_template,New event entered the live dataset
2026-08-18,event,added,Stanley Cup Playoffs,presence,,added,horizon_template,New event entered the live dataset
2026-08-18,event,added,Reboot Develop Blue,presence,,added,horizon_template,New event entered the live dataset
2026-08-18,event,added,Gamescom Latam,presence,,added,horizon_template,New event entered the live dataset
2026-08-18,event,added,League of Legends MSI,presence,,added,horizon_template,New event entered the live dataset
2026-08-18,event,added,LudoNarraCon,presence,,added,horizon_template,New event entered the live dataset
2026-08-18,event,added,IIHF World Championship,presence,,added,horizon_template,New event entered the live dataset
2026-08-18,event,added,A MAZE. Berlin,presence,,added,horizon_template,New event entered the live dataset
2026-08-18,event,added,PGA Championship,presence,,added,horizon_template,New event entered the live dataset
2026-08-18,event,added,Digital Dragons,presence,,added,horizon_template,New event entered the live dataset
2026-08-18,event,added,Nordic Game,presence,,added,horizon_template,New event entered the live dataset
2026-08-18,event,added,INDIE Live Expo,presence,,added,horizon_template,New event entered the live dataset
2026-08-18,event,added,Roland-Garros,presence,,added,horizon_template,New event entered the live dataset
2026-08-18,event,added,Summer Game Fest,presence,,added,horizon_template,New event entered the live dataset
2026-08-18,event,added,Access-Ability Summer Showcase,presence,,added,horizon_template,New event entered the live dataset
2026-08-18,event,added,Wholesome Direct,presence,,added,horizon_template,New event entered the live dataset
2026-08-18,event,added,Day of the Devs,presence,,added,horizon_template,New event entered the live dataset
2026-08-18,event,added,Guerrilla Collective,presence,,added,horizon_template,New event entered the live dataset
2026-08-18,event,added,Future Games Show Summer Showcase,presence,,added,horizon_template,New event entered the live dataset
2026-08-18,event,added,Xbox Games Showcase,presence,,added,horizon_template,New event entered the live dataset
2026-08-18,event,added,PC Gaming Show,presence,,added,horizon_template,New event entered the live dataset
2026-08-18,event,added,WWDC,presence,,added,horizon_template,New event entered the live dataset
2026-08-18,event,added,Capcom Showcase,presence,,added,horizon_template,New event entered the live dataset
2026-08-18,event,added,Steam Next Fest (June),presence,,added,horizon_template,New event entered the live dataset
2026-08-18,event,added,Ubisoft Forward,presence,,added,horizon_template,New event entered the live dataset
2026-08-18,event,added,Nintendo Direct (June),presence,,added,horizon_template,New event entered the live dataset
2026-08-18,event,added,DreamHack Summer,presence,,added,horizon_template,New event entered the live dataset
2026-08-18,event,added,Steam Summer Sale,presence,,added,horizon_template,New event entered the live dataset
2026-08-18,event,added,Anime Expo,presence,,added,horizon_template,New event entered the live dataset
2026-08-18,event,added,Tour de France,presence,,added,horizon_template,New event entered the live dataset
2026-08-18,event,added,Esports World Cup,presence,,added,horizon_template,New event entered the live dataset
2026-08-18,event,added,Develop:Brighton,presence,,added,horizon_template,New event entered the live dataset
2026-08-18,event,added,The Open Championship,presence,,added,horizon_template,New event entered the live dataset
2026-08-18,event,added,BitSummit,presence,,added,horizon_template,New event entered the live dataset
2026-08-18,event,added,San Diego Comic-Con,presence,,added,horizon_template,New event entered the live dataset
2026-08-18,event,added,EVO,presence,,added,horizon_template,New event entered the live dataset
2026-08-18,event,added,ChinaJoy,presence,,added,horizon_template,New event entered the live dataset
2026-08-18,event,added,QuakeCon,presence,,added,horizon_template,New event entered the live dataset
2026-08-18,event,added,Fortnite Global Championship,presence,,added,horizon_template,New event entered the live dataset
2026-08-18,event,added,D23,presence,,added,horizon_template,New event entered the live dataset
2026-08-18,event,added,Pokémon World Championships,presence,,added,horizon_template,New event entered the live dataset
2026-08-18,event,added,VALORANT Champions,presence,,added,horizon_template,New event entered the live dataset
2026-08-18,event,added,Devcom Developer Conference,presence,,added,horizon_template,New event entered the live dataset
2026-08-18,event,added,Busan Indie Connect Festival,presence,,added,horizon_template,New event entered the live dataset
2026-08-18,event,added,Gamescom Opening Night Live,presence,,added,horizon_template,New event entered the live dataset
2026-08-18,event,added,Gamescom,presence,,added,horizon_template,New event entered the live dataset
2026-08-18,event,added,Future Games Show at Gamescom,presence,,added,horizon_template,New event entered the live dataset
2026-08-18,event,added,PAX West,presence,,added,horizon_template,New event entered the live dataset
2026-08-18,event,added,NFL Season,presence,,added,horizon_template,New event entered the live dataset
2026-08-18,event,added,BlizzCon,presence,,added,horizon_template,New event entered the live dataset
2026-08-18,event,added,Tokyo Game Show,presence,,added,horizon_template,New event entered the live dataset
2026-08-18,event,added,League of Legends Worlds,presence,,added,horizon_template,New event entered the live dataset
2026-08-18,event,added,MLB Postseason,presence,,added,horizon_template,New event entered the live dataset
2026-08-18,event,added,New York Comic Con,presence,,added,horizon_template,New event entered the live dataset
2026-08-18,event,added,Brasil Game Show,presence,,added,horizon_template,New event entered the live dataset
2026-08-18,event,added,DreamHack Atlanta,presence,,added,horizon_template,New event entered the live dataset
2026-08-18,event,added,Steam Next Fest (October),presence,,added,horizon_template,New event entered the live dataset
2026-08-18,event,added,MCM London Comic Con,presence,,added,horizon_template,New event entered the live dataset
2026-08-18,event,added,GameSoundCon,presence,,added,horizon_template,New event entered the live dataset
2026-08-18,event,added,Paris Games Week,presence,,added,horizon_template,New event entered the live dataset
2026-08-18,event,added,PUBG Global Championship,presence,,added,horizon_template,New event entered the live dataset
2026-08-18,event,added,India Game Developer Conference,presence,,added,horizon_template,New event entered the live dataset
2026-08-18,event,added,Counter-Strike Major,presence,,added,horizon_template,New event entered the live dataset
2026-08-18,event,added,Esports Awards,presence,,added,horizon_template,New event entered the live dataset
2026-08-18,event,added,G-STAR,presence,,added,horizon_template,New event entered the live dataset
2026-08-18,event,added,Golden Joystick Awards,presence,,added,horizon_template,New event entered the live dataset
2026-08-18,event,added,Steam Autumn Sale,presence,,added,horizon_template,New event entered the live dataset
2026-08-18,event,added,The Game Awards,presence,,added,horizon_template,New event entered the live dataset
2026-08-18,event,added,Steam Winter Sale / Winter Events,presence,,added,horizon_template,New event entered the live dataset
2026-08-18,event,added,Steam Awards,presence,,added,horizon_template,New event entered the live dataset
2026-08-18,event,added,Jump Festa,presence,,added,horizon_template,New event entered the live dataset
2026-08-18,event,added,The Elder Scrolls VI release window,presence,,added,announced_product_window,New event entered the live dataset
2026-08-18,event,added,CES Gaming,presence,,added,horizon_template,New event entered the live dataset
2026-08-18,event,added,MAGFest,presence,,added,horizon_template,New event entered the live dataset
2026-08-18,event,added,Pocket Gamer Connects London,presence,,added,horizon_template,New event entered the live dataset
2026-08-18,event,added,IEM Katowice,presence,,added,horizon_template,New event entered the live dataset
2026-08-18,event,added,Xbox Developer Direct,presence,,added,horizon_template,New event entered the live dataset
2026-08-18,event,added,Global Game Jam,presence,,added,horizon_template,New event entered the live dataset
2026-08-18,event,added,Steam Lunar New Year Sale,presence,,added,horizon_template,New event entered the live dataset
2026-08-18,event,added,PlayStation State of Play,presence,,added,horizon_template,New event entered the live dataset
2026-08-18,event,added,Taipei Game Show,presence,,added,horizon_template,New event entered the live dataset
2026-08-18,event,added,Six Invitational,presence,,added,horizon_template,New event entered the live dataset
2026-08-18,event,added,D.I.C.E. Awards,presence,,added,horizon_template,New event entered the live dataset
2026-08-18,event,added,Nintendo Direct,presence,,added,horizon_template,New event entered the live dataset
2026-08-18,event,added,IGN Fan Fest,presence,,added,horizon_template,New event entered the live dataset
2026-08-18,event,added,Steam Next Fest,presence,,added,horizon_template,New event entered the live dataset
2026-08-18,event,added,F1 World Championship,presence,,added,horizon_template,New event entered the live dataset
2026-08-18,event,added,GDC,presence,,added,horizon_template,New event entered the live dataset
2026-08-18,event,added,Steam Spring Sale,presence,,added,horizon_template,New event entered the live dataset
2026-08-18,event,added,SXSW Gaming,presence,,added,horizon_template,New event entered the live dataset
2026-08-18,event,added,Game Connection America,presence,,added,horizon_template,New event entered the live dataset
2026-08-18,event,added,PAX East,presence,,added,horizon_template,New event entered the live dataset
2026-08-18,event,added,WonderCon,presence,,added,horizon_template,New event entered the live dataset
2026-08-18,event,added,The Masters,presence,,added,horizon_template,New event entered the live dataset
2026-08-18,event,added,BAFTA Games Awards,presence,,added,horizon_template,New event entered the live dataset
2026-08-18,event,added,NBA Playoffs & Finals,presence,,added,horizon_template,New event entered the live dataset
2026-08-18,event,added,Stanley Cup Playoffs,presence,,added,horizon_template,New event entered the live dataset
2026-08-18,event,added,Reboot Develop Blue,presence,,added,horizon_template,New event entered the live dataset
2026-08-18,event,added,Gamescom Latam,presence,,added,horizon_template,New event entered the live dataset
2026-08-18,event,added,League of Legends MSI,presence,,added,horizon_template,New event entered the live dataset
2026-08-18,event,added,LudoNarraCon,presence,,added,horizon_template,New event entered the live dataset
2026-08-18,event,added,IIHF World Championship,presence,,added,horizon_template,New event entered the live dataset
2026-08-18,event,added,A MAZE. Berlin,presence,,added,horizon_template,New event entered the live dataset
2026-08-18,event,added,PGA Championship,presence,,added,horizon_template,New event entered the live dataset
2026-08-18,event,added,Digital Dragons,presence,,added,horizon_template,New event entered the live dataset
2026-08-18,event,added,Nordic Game,presence,,added,horizon_template,New event entered the live dataset
2026-08-18,event,added,INDIE Live Expo,presence,,added,horizon_template,New event entered the live dataset
2026-08-18,event,added,Roland-Garros,presence,,added,horizon_template,New event entered the live dataset
2026-08-18,event,added,Summer Game Fest,presence,,added,horizon_template,New event entered the live dataset
2026-08-18,event,added,Access-Ability Summer Showcase,presence,,added,horizon_template,New event entered the live dataset
2026-08-18,event,added,Wholesome Direct,presence,,added,horizon_template,New event entered the live dataset
2026-08-18,event,added,Day of the Devs,presence,,added,horizon_template,New event entered the live dataset
2026-08-18,event,added,Guerrilla Collective,presence,,added,horizon_template,New event entered the live dataset
2026-08-18,event,added,Future Games Show Summer Showcase,presence,,added,horizon_template,New event entered the live dataset
2026-08-18,event,added,Xbox Games Showcase,presence,,added,horizon_template,New event entered the live dataset
2026-08-18,event,added,PC Gaming Show,presence,,added,horizon_template,New event entered the live dataset
2026-08-18,event,added,WWDC,presence,,added,horizon_template,New event entered the live dataset
2026-08-18,event,added,FIFA World Cup 2030,presence,,added,horizon_template,New event entered the live dataset
2026-08-18,event,added,Capcom Showcase,presence,,added,horizon_template,New event entered the live dataset
2026-08-18,event,added,Steam Next Fest (June),presence,,added,horizon_template,New event entered the live dataset
2026-08-18,event,added,Ubisoft Forward,presence,,added,horizon_template,New event entered the live dataset
2026-08-18,event,added,Nintendo Direct (June),presence,,added,horizon_template,New event entered the live dataset
2026-08-18,event,added,DreamHack Summer,presence,,added,horizon_template,New event entered the live dataset
2026-08-18,event,added,Steam Summer Sale,presence,,added,horizon_template,New event entered the live dataset
2026-08-18,event,added,Anime Expo,presence,,added,horizon_template,New event entered the live dataset
2026-08-18,event,added,Tour de France,presence,,added,horizon_template,New event entered the live dataset
2026-08-18,event,added,Esports World Cup,presence,,added,horizon_template,New event entered the live dataset
2026-08-18,event,added,Develop:Brighton,presence,,added,horizon_template,New event entered the live dataset
2026-08-18,event,added,The Open Championship,presence,,added,horizon_template,New event entered the live dataset
2026-08-18,event,added,BitSummit,presence,,added,horizon_template,New event entered the live dataset
2026-08-18,event,added,San Diego Comic-Con,presence,,added,horizon_template,New event entered the live dataset
2026-08-18,event,added,EVO,presence,,added,horizon_template,New event entered the live dataset
2026-08-18,event,added,ChinaJoy,presence,,added,horizon_template,New event entered the live dataset
2026-08-18,event,added,QuakeCon,presence,,added,horizon_template,New event entered the live dataset
2026-08-18,event,added,Fortnite Global Championship,presence,,added,horizon_template,New event entered the live dataset
2026-08-18,event,added,D23,presence,,added,horizon_template,New event entered the live dataset
2026-08-18,event,added,Pokémon World Championships,presence,,added,horizon_template,New event entered the live dataset
2026-08-18,event,added,VALORANT Champions,presence,,added,horizon_template,New event entered the live dataset
2026-08-18,event,added,Devcom Developer Conference,presence,,added,horizon_template,New event entered the live dataset
2026-08-18,event,added,Busan Indie Connect Festival,presence,,added,horizon_template,New event entered the live dataset
2026-08-18,event,added,Gamescom Opening Night Live,presence,,added,horizon_template,New event entered the live dataset
2026-08-18,event,added,Gamescom,presence,,added,horizon_template,New event entered the live dataset
2026-08-18,event,added,Future Games Show at Gamescom,presence,,added,horizon_template,New event entered the live dataset
2026-08-18,event,added,PAX West,presence,,added,horizon_template,New event entered the live dataset
2026-08-18,event,added,NFL Season,presence,,added,horizon_template,New event entered the live dataset
2026-08-18,event,added,BlizzCon,presence,,added,horizon_template,New event entered the live dataset
2026-08-18,event,added,Tokyo Game Show,presence,,added,horizon_template,New event entered the live dataset
2026-08-18,event,added,League of Legends Worlds,presence,,added,horizon_template,New event entered the live dataset
2026-08-18,event,added,MLB Postseason,presence,,added,horizon_template,New event entered the live dataset
2026-08-18,event,added,New York Comic Con,presence,,added,horizon_template,New event entered the live dataset
2026-08-18,event,added,Brasil Game Show,presence,,added,horizon_template,New event entered the live dataset
2026-08-18,event,added,DreamHack Atlanta,presence,,added,horizon_template,New event entered the live dataset
2026-08-18,event,added,Steam Next Fest (October),presence,,added,horizon_template,New event entered the live dataset
2026-08-18,event,added,MCM London Comic Con,presence,,added,horizon_template,New event entered the live dataset
2026-08-18,event,added,GameSoundCon,presence,,added,horizon_template,New event entered the live dataset
2026-08-18,event,added,Paris Games Week,presence,,added,horizon_template,New event entered the live dataset
2026-08-18,event,added,PUBG Global Championship,presence,,added,horizon_template,New event entered the live dataset
2026-08-18,event,added,India Game Developer Conference,presence,,added,horizon_template,New event entered the live dataset
2026-08-18,event,added,Counter-Strike Major,presence,,added,horizon_template,New event entered the live dataset
2026-08-18,event,added,Esports Awards,presence,,added,horizon_template,New event entered the live dataset
2026-08-18,event,added,G-STAR,presence,,added,horizon_template,New event entered the live dataset
2026-08-18,event,added,Golden Joystick Awards,presence,,added,horizon_template,New event entered the live dataset
2026-08-18,event,added,Steam Autumn Sale,presence,,added,horizon_template,New event entered the live dataset
2026-08-18,event,added,The Game Awards,presence,,added,horizon_template,New event entered the live dataset
2026-08-18,event,added,Steam Winter Sale / Winter Events,presence,,added,horizon_template,New event entered the live dataset
2026-08-18,event,added,Steam Awards,presence,,added,horizon_template,New event entered the live dataset
2026-08-18,event,added,Jump Festa,presence,,added,horizon_template,New event entered the live dataset
2026-08-18,event,added,The Last of Us S3,presence,,added,ods,New event entered the live dataset
2026-08-18,event,added,God of War,presence,,added,ods,New event entered the live dataset
2026-08-18,event,added,Tomb Raider,presence,,added,ods,New event entered the live dataset
2026-08-18,event,added,Assassin's Creed,presence,,added,ods,New event entered the live dataset
2026-08-18,event,added,Life Is Strange,presence,,added,ods,New event entered the live dataset
2026-08-18,event,added,Mass Effect,presence,,added,ods,New event entered the live dataset
2026-08-18,event,added,Minecraft Animated,presence,,added,ods,New event entered the live dataset
2026-08-18,event,added,Cyberpunk: Edgerunners S2,presence,,added,ods,New event entered the live dataset
2026-08-18,event,added,Horizon Zero Dawn,presence,,added,ods,New event entered the live dataset
2026-08-18,event,added,Ghost of Tsushima,presence,,added,ods,New event entered the live dataset
2026-08-18,event,added,Devil May Cry season 2,presence,,added,cross_media_registry,New event entered the live dataset
2026-08-18,event,added,Devil May Cry S2,presence,,added,ods,New event entered the live dataset
2026-08-18,event,added,NieR orchestral world tour,presence,,added,cross_media_registry,New event entered the live dataset
2026-08-18,event,added,ARK: The Animated Series,presence,,added,ods,New event entered the live dataset
2026-08-18,event,added,Sekiro: No Defeat,presence,,added,ods,New event entered the live dataset
2026-08-18,event,added,Fallout S2,presence,,added,ods,New event entered the live dataset
2026-08-18,event,added,Mortal Kombat animated/film universe,presence,,added,ods,New event entered the live dataset
2026-08-18,event,added,The Witcher season 5,presence,,added,cross_media_registry,New event entered the live dataset
2026-08-18,event,added,Angry Birds Movie 3,presence,,added,ods,New event entered the live dataset
2026-08-18,event,added,Death Stranding: Isolations,presence,,added,ods,New event entered the live dataset
2026-08-18,event,added,Ghost of Tsushima,presence,,added,ods,New event entered the live dataset
2026-08-18,event,added,Tomb Raider,presence,,added,ods,New event entered the live dataset
2026-08-18,event,added,God of War,presence,,added,ods,New event entered the live dataset
2026-08-18,event,added,Assassin's Creed,presence,,added,ods,New event entered the live dataset
2026-08-18,event,added,Life Is Strange,presence,,added,ods,New event entered the live dataset
2026-08-18,event,added,Fallout S3,presence,,added,ods,New event entered the live dataset
2026-08-18,event,added,Last of Us S3,presence,,added,ods,New event entered the live dataset
2026-08-18,event,added,Cyberpunk: Edgerunners S2,presence,,added,ods,New event entered the live dataset
2026-08-18,event,added,Minecraft Animated,presence,,added,ods,New event entered the live dataset
2026-08-18,event,added,Horizon Zero Dawn,presence,,added,ods,New event entered the live dataset
2026-08-18,event,added,Ghost of Tsushima anime,presence,,added,cross_media_registry,New event entered the live dataset
2026-08-18,event,added,The Last of Us season 3,presence,,added,cross_media_registry,New event entered the live dataset
2026-08-18,event,added,The Angry Birds Movie 3,presence,,added,cross_media_registry,New event entered the live dataset
2026-08-18,event,added,Sonic the Hedgehog 4,presence,,added,cross_media_registry,New event entered the live dataset
2026-08-18,event,added,The Legend of Zelda,presence,,added,ods,New event entered the live dataset
2026-08-18,event,added,The Legend of Zelda,presence,,added,cross_media_registry,New event entered the live dataset
2026-08-18,event,added,A Minecraft Movie sequel,presence,,added,cross_media_registry,New event entered the live dataset
2026-08-18,event,added,Helldivers,presence,,added,cross_media_registry,New event entered the live dataset
2026-08-18,event,added,Tomb Raider,presence,,added,ods,New event entered the live dataset
2026-08-18,event,added,God of War,presence,,added,ods,New event entered the live dataset
2026-08-18,event,added,Mass Effect,presence,,added,ods,New event entered the live dataset
2026-08-18,event,added,Horizon Zero Dawn,presence,,added,ods,New event entered the live dataset
2026-08-18,event,added,Assassin's Creed,presence,,added,ods,New event entered the live dataset
2026-08-18,event,added,Life Is Strange,presence,,added,ods,New event entered the live dataset
2026-08-18,event,added,Fallout S4,presence,,added,ods,New event entered the live dataset
2026-08-18,event,added,Cyberpunk: Edgerunners,presence,,added,ods,New event entered the live dataset
2026-08-18,event,added,Pokémon live-action series,presence,,added,ods,New event entered the live dataset
2026-08-18,event,added,Minecraft Animated,presence,,added,ods,New event entered the live dataset
2026-08-18,event,added,Overcooked reality series,presence,,added,cross_media_registry,New event entered the live dataset
2026-08-18,event,added,Elden Ring,presence,,added,ods,New event entered the live dataset
2026-08-18,event,added,Call of Duty,presence,,added,ods,New event entered the live dataset
2026-08-18,event,added,Sonic Universe Film,presence,,added,ods,New event entered the live dataset
2026-08-18,event,added,Pokémon live-action series,presence,,added,cross_media_registry,New event entered the live dataset
2026-08-18,event,added,Minecraft animated series,presence,,added,cross_media_registry,New event entered the live dataset
2026-08-18,event,added,Assassin's Creed,presence,,added,cross_media_registry,New event entered the live dataset
2026-08-18,event,added,Life Is Strange,presence,,added,cross_media_registry,New event entered the live dataset
2026-08-18,event,added,Gears of War animated series,presence,,added,cross_media_registry,New event entered the live dataset
2026-08-18,event,added,BioShock,presence,,added,cross_media_registry,New event entered the live dataset
2026-08-18,event,added,The Sims,presence,,added,cross_media_registry,New event entered the live dataset
