as_of,kind,change_type,title,field,before,after,source,detail
2026-08-20,product,added,A Tiny Wander,presence,,added,wikidata,New product entered the live dataset
2026-08-20,product,added,Animal Use Protocol,presence,,added,wikidata,New product entered the live dataset
2026-08-20,product,added,EDEN.schemata();,presence,,added,wikidata,New product entered the live dataset
2026-08-20,product,added,Golf With Your Friends 2,presence,,added,wikidata,New product entered the live dataset
2026-08-20,product,added,Hunting Simulator 3,presence,,added,wikidata,New product entered the live dataset
2026-08-20,product,added,Pararecords,presence,,added,wikidata,New product entered the live dataset
2026-08-20,product,added,Prolegomena To a Hyperdimensional Interface That Will Be Able to Manifest From Three-Minute Interchanges,presence,,added,wikidata,New product entered the live dataset
2026-08-20,product,added,Recur,presence,,added,wikidata,New product entered the live dataset
2026-08-20,product,added,Steampunk Shinobi,presence,,added,wikidata,New product entered the live dataset
2026-08-20,product,added,Fire Emblem: Path of Radiance,presence,,added,wikipedia:List_of_video_games_released_in_2026,New product entered the live dataset
2026-08-20,product,added,Big Hops,presence,,added,wikipedia:List_of_video_games_released_in_2026,New product entered the live dataset
2026-08-20,product,added,Quarantine Zone: The Last Check,presence,,added,wikipedia:List_of_video_games_released_in_2026,New product entered the live dataset
2026-08-20,product,added,Animal Crossing: New Horizons – Nintendo Switch 2 Edition,presence,,added,wikipedia:List_of_video_games_released_in_2026,New product entered the live dataset
2026-08-20,product,added,Oh Demon! Fix My TV,presence,,added,wikipedia:List_of_video_games_released_in_2026,New product entered the live dataset
2026-08-20,product,added,BrokenLore: Unfollow,presence,,added,wikipedia:List_of_video_games_released_in_2026,New product entered the live dataset
2026-08-20,product,added,2XKO,presence,,added,wikipedia:List_of_video_games_released_in_2026,New product entered the live dataset
2026-08-20,product,added,DragonSword (KR),presence,,added,wikipedia:List_of_video_games_released_in_2026,New product entered the live dataset
2026-08-20,product,added,Cult of the Lamb: Woolhaven,presence,,added,wikipedia:List_of_video_games_released_in_2026,New product entered the live dataset
2026-08-20,product,added,SEGA Football Club Champions,presence,,added,wikipedia:List_of_video_games_released_in_2026,New product entered the live dataset
2026-08-20,product,added,Telenet,presence,,added,wikipedia:List_of_video_games_released_in_2026,New product entered the live dataset
2026-08-20,product,added,The Rumble Fish 2 – Nintendo Switch 2 Edition,presence,,added,wikipedia:List_of_video_games_released_in_2026,New product entered the live dataset
2026-08-20,product,added,Un:Logical,presence,,added,wikipedia:List_of_video_games_released_in_2026,New product entered the live dataset
2026-08-20,product,added,Fighting Force,presence,,added,wikipedia:List_of_video_games_released_in_2026,New product entered the live dataset
2026-08-20,product,added,Pathologic,presence,,added,wikipedia:List_of_video_games_released_in_2026,New product entered the live dataset
2026-08-20,product,added,Highguard,presence,,added,wikipedia:List_of_video_games_released_in_2026,New product entered the live dataset
2026-08-20,product,added,Viractal,presence,,added,wikipedia:List_of_video_games_released_in_2026,New product entered the live dataset
2026-08-20,product,added,Speedball,presence,,added,wikidata,New product entered the live dataset
2026-08-20,product,added,Core Keeper – Nintendo Switch 2 Edition,presence,,added,wikipedia:List_of_video_games_released_in_2026,New product entered the live dataset
2026-08-20,product,added,Steel Century Groove,presence,,added,wikidata,New product entered the live dataset
2026-08-20,product,added,Card-en-Ciel – Nintendo Switch 2 Edition,presence,,added,wikipedia:List_of_video_games_released_in_2026,New product entered the live dataset
2026-08-20,product,added,Chrono Ark Deluxe Edition,presence,,added,wikipedia:List_of_video_games_released_in_2026,New product entered the live dataset
2026-08-20,product,added,City Tales: Medieval Era,presence,,added,wikidata,New product entered the live dataset
2026-08-20,product,added,Kigetsu no Yoru,presence,,added,wikipedia:List_of_video_games_released_in_2026,New product entered the live dataset
2026-08-20,product,added,Run for Money,presence,,added,wikipedia:List_of_video_games_released_in_2026,New product entered the live dataset
2026-08-20,product,added,Balloon Kid,presence,,added,wikipedia:List_of_video_games_released_in_2026,New product entered the live dataset
2026-08-20,product,added,Opus: Echo of Starsong,presence,,added,wikipedia:List_of_video_games_released_in_2026,New product entered the live dataset
2026-08-20,product,added,Shiren the Wanderer: The Mystery Dungeon of Serpentcoil Island,presence,,added,wikipedia:List_of_video_games_released_in_2026,New product entered the live dataset
2026-08-20,product,added,Yoshi/Mario & Yoshi (Game Boy),presence,,added,wikipedia:List_of_video_games_released_in_2026,New product entered the live dataset
2026-08-20,product,added,Super Bomberman Collection,presence,,added,wikipedia:List_of_video_games_released_in_2026,New product entered the live dataset
2026-08-20,product,added,Carmageddon,presence,,added,wikipedia:List_of_video_games_released_in_2026,New product entered the live dataset
2026-08-20,product,added,My Hero Academia: All's Justice,presence,,added,wikipedia:List_of_video_games_released_in_2026,New product entered the live dataset
2026-08-20,product,added,World's End Club,presence,,added,wikipedia:List_of_video_games_released_in_2026,New product entered the live dataset
2026-08-20,product,added,Crisol: Theater of Idols,presence,,added,wikipedia:List_of_video_games_released_in_2026,New product entered the live dataset
2026-08-20,product,added,Tokyo Scramble,presence,,added,wikipedia:List_of_video_games_released_in_2026,New product entered the live dataset
2026-08-20,product,added,ChromaGun 2: Dye Hard,presence,,added,wikipedia:List_of_video_games_released_in_2026,New product entered the live dataset
2026-08-20,product,added,Disciples: Domination,presence,,added,wikipedia:List_of_video_games_released_in_2026,New product entered the live dataset
2026-08-20,product,added,God of War: Sons of Sparta,presence,,added,wikipedia:List_of_video_games_released_in_2026,New product entered the live dataset
2026-08-20,product,added,Hakuoki SSL: Sweet School Life,presence,,added,wikipedia:List_of_video_games_released_in_2026,New product entered the live dataset
2026-08-20,product,added,Rayman: 30th Anniversary Edition,presence,,added,wikipedia:List_of_video_games_released_in_2026,New product entered the live dataset
2026-08-20,product,added,Rune Factory: Guardians of Azuma,presence,,added,wikipedia:List_of_video_games_released_in_2026,New product entered the live dataset
2026-08-20,product,added,3D Tetris,presence,,added,wikipedia:List_of_video_games_released_in_2026,New product entered the live dataset
2026-08-20,product,added,Galactic Pinball,presence,,added,wikipedia:List_of_video_games_released_in_2026,New product entered the live dataset
2026-08-20,product,added,Golf (Virtual Boy),presence,,added,wikipedia:List_of_video_games_released_in_2026,New product entered the live dataset
2026-08-20,product,added,Red Alarm,presence,,added,wikipedia:List_of_video_games_released_in_2026,New product entered the live dataset
2026-08-20,product,added,Teleroboxer,presence,,added,wikipedia:List_of_video_games_released_in_2026,New product entered the live dataset
2026-08-20,product,added,The Mansion of Innsmouth,presence,,added,wikipedia:List_of_video_games_released_in_2026,New product entered the live dataset
2026-08-20,product,added,Virtual Boy Wario Land,presence,,added,wikipedia:List_of_video_games_released_in_2026,New product entered the live dataset
2026-08-20,product,added,Hunter × Hunter: Nen × Survivor,presence,,added,wikipedia:List_of_video_games_released_in_2026,New product entered the live dataset
2026-08-20,product,added,Star Trek: Voyager – Across the Unknown,presence,,added,wikipedia:List_of_video_games_released_in_2026,New product entered the live dataset
2026-08-20,product,added,Earnest Evans,presence,,added,wikipedia:List_of_video_games_released_in_2026,New product entered the live dataset
2026-08-20,product,added,Earnest Evans Collection,presence,,added,wikidata,New product entered the live dataset
2026-08-20,product,added,Gear.Club Unlimited,presence,,added,wikipedia:List_of_video_games_released_in_2026,New product entered the live dataset
2026-08-20,product,added,Paranormasight: The Mermaid's Curse,presence,,added,wikipedia:List_of_video_games_released_in_2026,New product entered the live dataset
2026-08-20,product,added,Styx: Blades of Greed,presence,,added,wikipedia:List_of_video_games_released_in_2026,New product entered the live dataset
2026-08-20,product,added,WiZmans World,presence,,added,wikipedia:List_of_video_games_released_in_2026,New product entered the live dataset
2026-08-20,product,added,Xenoblade Chronicles X: Definitive Edition – Nintendo Switch 2 Edition,presence,,added,wikipedia:List_of_video_games_released_in_2026,New product entered the live dataset
2026-08-20,product,added,Prize Fighter: Heavyweight Edition,presence,,added,wikipedia:List_of_video_games_released_in_2026,New product entered the live dataset
2026-08-20,product,added,Ys X: Proud Nordics,presence,,added,wikipedia:List_of_video_games_released_in_2026,New product entered the live dataset
2026-08-20,product,added,Tom Clancy's Rainbow Six Mobile,presence,,added,wikipedia:List_of_video_games_released_in_2026,New product entered the live dataset
2026-08-20,product,added,Fallout 4: Anniversary Edition,presence,,added,wikipedia:List_of_video_games_released_in_2026,New product entered the live dataset
2026-08-20,product,added,Daisenryaku,presence,,added,wikipedia:List_of_video_games_released_in_2026,New product entered the live dataset
2026-08-20,product,added,Icarus: Console Edition,presence,,added,wikipedia:List_of_video_games_released_in_2026,New product entered the live dataset
2026-08-20,product,added,Path of Mystery: A Brush with Death,presence,,added,wikipedia:List_of_video_games_released_in_2026,New product entered the live dataset
2026-08-20,product,added,Raiden Fighters,presence,,added,wikipedia:List_of_video_games_released_in_2026,New product entered the live dataset
2026-08-20,product,added,Spellcasters Chronicles,presence,,added,wikipedia:List_of_video_games_released_in_2026,New product entered the live dataset
2026-08-20,product,added,The Fox's Way Home,presence,,added,wikidata,New product entered the live dataset
2026-08-20,product,added,Fear Effect 2: Retro Helix,presence,,added,wikipedia:List_of_video_games_released_in_2026,New product entered the live dataset
2026-08-20,product,added,Pokémon FireRed and LeafGreen,presence,,added,wikipedia:List_of_video_games_released_in_2026,New product entered the live dataset
2026-08-20,product,added,Resident Evil 7: Biohazard,presence,,added,wikipedia:List_of_video_games_released_in_2026,New product entered the live dataset
2026-08-20,product,added,Resident Evil Village,presence,,added,wikipedia:List_of_video_games_released_in_2026,New product entered the live dataset
2026-08-20,product,added,World of Warcraft: Midnight,presence,,added,wikipedia:List_of_video_games_released_in_2026,New product entered the live dataset
2026-08-20,product,added,Legacy of Kain: Defiance Remastered,presence,,added,wikipedia:List_of_video_games_released_in_2026,New product entered the live dataset
2026-08-20,product,added,BLOKES on BLOCKS!,presence,,added,wikipedia:List_of_video_games_released_in_2026,New product entered the live dataset
2026-08-20,product,added,Oceanhorn,presence,,added,wikipedia:List_of_video_games_released_in_2026,New product entered the live dataset
2026-08-20,product,added,Planet of Lana II: Children of the Leaf,presence,,added,wikipedia:List_of_video_games_released_in_2026,New product entered the live dataset
2026-08-20,product,added,Pokémon Pokopia,presence,,added,wikipedia:List_of_video_games_released_in_2026,New product entered the live dataset
2026-08-20,product,added,Slay the Spire II,presence,,added,wikipedia:List_of_video_games_released_in_2026,New product entered the live dataset
2026-08-20,product,added,Lost & Found Co.,presence,,added,wikipedia:List_of_video_games_released_in_2026,New product entered the live dataset
2026-08-20,product,added,Mario Clash,presence,,added,wikipedia:List_of_video_games_released_in_2026,New product entered the live dataset
2026-08-20,product,added,Mario vs. Donkey Kong,presence,,added,wikipedia:List_of_video_games_released_in_2026,New product entered the live dataset
2026-08-20,product,added,Mario's Tennis,presence,,added,wikipedia:List_of_video_games_released_in_2026,New product entered the live dataset
2026-08-20,product,added,Piece by Piece,presence,,added,wikidata,New product entered the live dataset
2026-08-20,product,added,Bravely Default: Flying Fairy HD Remaster,presence,,added,wikipedia:List_of_video_games_released_in_2026,New product entered the live dataset
2026-08-20,product,added,Bubblegum Galaxy,presence,,added,wikipedia:List_of_video_games_released_in_2026,New product entered the live dataset
2026-08-20,product,added,Fatal Frame II: Crimson Butterfly Remake,presence,,added,wikipedia:List_of_video_games_released_in_2026,New product entered the live dataset
2026-08-20,product,added,GreedFall 2: The Dying World,presence,,added,wikipedia:List_of_video_games_released_in_2026,New product entered the live dataset
2026-08-20,product,added,RoadOut,presence,,added,wikipedia:List_of_video_games_released_in_2026,New product entered the live dataset
2026-08-20,product,added,Tomb Raider I–III Remastered,presence,,added,wikipedia:List_of_video_games_released_in_2026,New product entered the live dataset
2026-08-20,product,added,Monster Hunter Stories 3: Twisted Reflection,presence,,added,wikipedia:List_of_video_games_released_in_2026,New product entered the live dataset
2026-08-20,product,added,Gnosia,presence,,added,wikipedia:List_of_video_games_released_in_2026,New product entered the live dataset
2026-08-20,product,added,Starship Troopers: Ultimate Bug War!,presence,,added,wikipedia:List_of_video_games_released_in_2026,New product entered the live dataset
2026-08-20,product,added,Fallen Tear: The Ascension,presence,,added,wikipedia:List_of_video_games_released_in_2026,New product entered the live dataset
2026-08-20,product,added,Pokémon XD: Gale of Darkness,presence,,added,wikipedia:List_of_video_games_released_in_2026,New product entered the live dataset
2026-08-20,product,added,Öoo,presence,,added,wikipedia:List_of_video_games_released_in_2026,New product entered the live dataset
2026-08-20,product,added,Human: Fall Flat – Nintendo Switch 2 Edition,presence,,added,wikipedia:List_of_video_games_released_in_2026,New product entered the live dataset
2026-08-20,product,added,Rushing Beat X: Return of Brawl Brothers,presence,,added,wikipedia:List_of_video_games_released_in_2026,New product entered the live dataset
2026-08-20,product,added,Star Savior,presence,,added,wikipedia:List_of_video_games_released_in_2026,New product entered the live dataset
2026-08-20,product,added,The Little Tomb: The Maholova Club and the Search for a Dead Body,presence,,added,wikidata,New product entered the live dataset
2026-08-20,product,added,Virtual Ties: Isekaijoucho Musoukyoku,presence,,added,wikipedia:List_of_video_games_released_in_2026,New product entered the live dataset
2026-08-20,product,added,The Seven Deadly Sins: Origin,presence,,added,wikipedia:List_of_video_games_released_in_2026,New product entered the live dataset
2026-08-20,product,added,Dissidia Duellum Final Fantasy,presence,,added,wikipedia:List_of_video_games_released_in_2026,New product entered the live dataset
2026-08-20,product,added,Damon and Baby,presence,,added,wikipedia:List_of_video_games_released_in_2026,New product entered the live dataset
2026-08-20,product,added,Cookie Run: OvenSmash,presence,,added,wikipedia:List_of_video_games_released_in_2026,New product entered the live dataset
2026-08-20,product,added,Curse Warrior,presence,,added,wikipedia:List_of_video_games_released_in_2026,New product entered the live dataset
2026-08-20,product,added,Etrange Overlord,presence,,added,wikipedia:List_of_video_games_released_in_2026,New product entered the live dataset
2026-08-20,product,added,Hyperdevotion Noire: Goddess Black Heart,presence,,added,wikipedia:List_of_video_games_released_in_2026,New product entered the live dataset
2026-08-20,product,added,Kena: Bridge of Spirits,presence,,added,wikipedia:List_of_video_games_released_in_2026,New product entered the live dataset
2026-08-20,product,added,Life Is Strange: Reunion,presence,,added,wikipedia:List_of_video_games_released_in_2026,New product entered the live dataset
2026-08-20,product,added,Neopets,presence,,added,wikipedia:List_of_video_games_released_in_2026,New product entered the live dataset
2026-08-20,product,added,Nutmeg!,presence,,added,wikipedia:List_of_video_games_released_in_2026,New product entered the live dataset
2026-08-20,product,added,Okayu,presence,,added,wikipedia:List_of_video_games_released_in_2026,New product entered the live dataset
2026-08-20,product,added,Otome Daoshi: Fighting for Love,presence,,added,wikipedia:List_of_video_games_released_in_2026,New product entered the live dataset
2026-08-20,product,added,Super Mario Bros. Wonder – Nintendo Switch 2 Edition + Meetup in Bellabel Park,presence,,added,wikipedia:List_of_video_games_released_in_2026,New product entered the live dataset
2026-08-20,product,added,Taito Milestones,presence,,added,wikipedia:List_of_video_games_released_in_2026,New product entered the live dataset
2026-08-20,product,added,Virtua Fighter 5 R.E.V.O. World Stage,presence,,added,wikipedia:List_of_video_games_released_in_2026,New product entered the live dataset
2026-08-20,product,added,Winning Post,presence,,added,wikipedia:List_of_video_games_released_in_2026,New product entered the live dataset
2026-08-20,product,added,goHELLgo Gou: Tsukiotoshitego,presence,,added,wikipedia:List_of_video_games_released_in_2026,New product entered the live dataset
2026-08-20,product,added,Legacy of Kain: Ascendance,presence,,added,wikipedia:List_of_video_games_released_in_2026,New product entered the live dataset
2026-08-20,product,added,Raccoin: Coin Pusher Roguelike,presence,,added,wikipedia:List_of_video_games_released_in_2026,New product entered the live dataset
2026-08-20,product,added,Sprint City,presence,,added,wikipedia:List_of_video_games_released_in_2026,New product entered the live dataset
2026-08-20,product,added,Morkull Ascend to the Gods,presence,,added,wikipedia:List_of_video_games_released_in_2026,New product entered the live dataset
2026-08-20,product,added,Motionrec,presence,,added,wikipedia:List_of_video_games_released_in_2026,New product entered the live dataset
2026-08-20,product,added,Temtem: Swarm,presence,,added,wikipedia:List_of_video_games_released_in_2026,New product entered the live dataset
2026-08-20,product,added,Sigma Star Saga DX,presence,,added,wikipedia:List_of_video_games_released_in_2026,New product entered the live dataset
2026-08-20,product,added,Samson: A Tyndalston Story,presence,,added,wikipedia:List_of_video_games_released_in_2026,New product entered the live dataset
2026-08-20,product,added,Beyond Words,presence,,added,wikipedia:List_of_video_games_released_in_2026,New product entered the live dataset
2026-08-20,product,added,Memories Off Sousou: Break out of my shell,presence,,added,wikipedia:List_of_video_games_released_in_2026,New product entered the live dataset
2026-08-20,product,added,Rose Guns Days Season 1,presence,,added,wikipedia:List_of_video_games_released_in_2026,New product entered the live dataset
2026-08-20,product,added,Dosa Divas: One Last Meal,presence,,added,wikipedia:List_of_video_games_released_in_2026,New product entered the live dataset
2026-08-20,product,added,Bunny Garden 2,presence,,added,wikipedia:List_of_video_games_released_in_2026,New product entered the live dataset
2026-08-20,product,added,Cthulhu: The Cosmic Abyss,presence,,added,wikipedia:List_of_video_games_released_in_2026,New product entered the live dataset
2026-08-20,product,added,Mouse: P.I. for Hire,presence,,added,wikipedia:List_of_video_games_released_in_2026,New product entered the live dataset
2026-08-20,product,added,Opus,presence,,added,wikipedia:List_of_video_games_released_in_2026,New product entered the live dataset
2026-08-20,product,added,Smash It Wild,presence,,added,wikidata,New product entered the live dataset
2026-08-20,product,added,Honor of Kings: World,presence,,added,wikipedia:List_of_video_games_released_in_2026,New product entered the live dataset
2026-08-20,product,added,Albion Online,presence,,added,wikipedia:List_of_video_games_released_in_2026,New product entered the live dataset
2026-08-20,product,added,Dragon Quest Smash/Grow,presence,,added,wikipedia:List_of_video_games_released_in_2026,New product entered the live dataset
2026-08-20,product,added,Vampire Crawlers: The Turbo Wildcard from Vampire Survivors,presence,,added,wikipedia:List_of_video_games_released_in_2026,New product entered the live dataset
2026-08-20,product,added,Aquanaut's Holiday,presence,,added,wikipedia:List_of_video_games_released_in_2026,New product entered the live dataset
2026-08-20,product,added,Card & Casino,presence,,added,wikipedia:List_of_video_games_released_in_2026,New product entered the live dataset
2026-08-20,product,added,Castle of Shikigami 3,presence,,added,wikipedia:List_of_video_games_released_in_2026,New product entered the live dataset
2026-08-20,product,added,Elminage ORIGINAL: Priestess of Darkness and The Ring of the Gods,presence,,added,wikipedia:List_of_video_games_released_in_2026,New product entered the live dataset
2026-08-20,product,added,Kingdom's Return: Time-Eating Fruit and the Ancient Monster,presence,,added,wikipedia:List_of_video_games_released_in_2026,New product entered the live dataset
2026-08-20,product,added,Lorelei and the Laser Eyes – Nintendo Switch 2 Edition,presence,,added,wikipedia:List_of_video_games_released_in_2026,New product entered the live dataset
2026-08-20,product,added,Matsurika no Kei -kEi- Tenmei Kashokuden,presence,,added,wikipedia:List_of_video_games_released_in_2026,New product entered the live dataset
2026-08-20,product,added,Nagi no Koi,presence,,added,wikipedia:List_of_video_games_released_in_2026,New product entered the live dataset
2026-08-20,product,added,Sayonara Wild Hearts – Nintendo Switch 2 Edition,presence,,added,wikipedia:List_of_video_games_released_in_2026,New product entered the live dataset
2026-08-20,product,added,Sudden Strike,presence,,added,wikipedia:List_of_video_games_released_in_2026,New product entered the live dataset
2026-08-20,product,added,Titanium Court,presence,,added,wikipedia:List_of_video_games_released_in_2026,New product entered the live dataset
2026-08-20,product,added,Snap & Grab,presence,,added,wikipedia:List_of_video_games_released_in_2026,New product entered the live dataset
2026-08-20,product,added,Traysia,presence,,added,wikipedia:List_of_video_games_released_in_2026,New product entered the live dataset
2026-08-20,product,added,Flock Around,presence,,added,wikipedia:List_of_video_games_released_in_2026,New product entered the live dataset
2026-08-20,product,added,Moomintroll: Winter's Warmth,presence,,added,wikipedia:List_of_video_games_released_in_2026,New product entered the live dataset
2026-08-20,product,added,Diablo IV: Lord of Hatred,presence,,added,wikipedia:List_of_video_games_released_in_2026,New product entered the live dataset
2026-08-20,product,added,Ys Memoire: Revelations in Celceta,presence,,added,wikipedia:List_of_video_games_released_in_2026,New product entered the live dataset
2026-08-20,product,added,Perennial Dusk: Kinsenka,presence,,added,wikipedia:List_of_video_games_released_in_2026,New product entered the live dataset
2026-08-20,product,added,R-Type DX,presence,,added,wikipedia:List_of_video_games_released_in_2026,New product entered the live dataset
2026-08-20,product,added,Shinigami Hime to Ishokan no Kaibutsu,presence,,added,wikipedia:List_of_video_games_released_in_2026,New product entered the live dataset
2026-08-20,product,added,The Coma,presence,,added,wikipedia:List_of_video_games_released_in_2026,New product entered the live dataset
2026-08-20,product,added,inKONBINI: One Store. Many Stories,presence,,added,wikipedia:List_of_video_games_released_in_2026,New product entered the live dataset
2026-08-20,product,added,Bow-wow Battle,presence,,added,wikipedia:List_of_video_games_released_in_2026,New product entered the live dataset
2026-08-20,product,added,Haneda Girl,presence,,added,wikidata,New product entered the live dataset
2026-08-20,product,added,Battlestar Galactica,presence,,added,wikipedia:List_of_video_games_released_in_2026,New product entered the live dataset
2026-08-20,product,added,OCTOPinbs,presence,,added,wikipedia:List_of_video_games_released_in_2026,New product entered the live dataset
2026-08-20,product,added,Call of the Elder Gods,presence,,added,wikipedia:List_of_video_games_released_in_2026,New product entered the live dataset
2026-08-20,product,added,Jack Bros.,presence,,added,wikipedia:List_of_video_games_released_in_2026,New product entered the live dataset
2026-08-20,product,added,Perfect Tides: Station to Station,presence,,added,wikipedia:List_of_video_games_released_in_2026,New product entered the live dataset
2026-08-20,product,added,Space Invaders Virtual Collection,presence,,added,wikipedia:List_of_video_games_released_in_2026,New product entered the live dataset
2026-08-20,product,added,Söldner-X 2: Final Prototype Definitive Edition,presence,,added,wikipedia:List_of_video_games_released_in_2026,New product entered the live dataset
2026-08-20,product,added,V-Tetris,presence,,added,wikipedia:List_of_video_games_released_in_2026,New product entered the live dataset
2026-08-20,product,added,Vertical Force,presence,,added,wikipedia:List_of_video_games_released_in_2026,New product entered the live dataset
2026-08-20,product,added,Virtual Bowling,presence,,added,wikipedia:List_of_video_games_released_in_2026,New product entered the live dataset
2026-08-20,product,added,Virtual Fishing,presence,,added,wikipedia:List_of_video_games_released_in_2026,New product entered the live dataset
2026-08-20,product,added,Darksiders: Warmastered Edition,presence,,added,wikipedia:List_of_video_games_released_in_2026,New product entered the live dataset
2026-08-20,product,added,R-Type Dimensions III,presence,,added,wikipedia:List_of_video_games_released_in_2026,New product entered the live dataset
2026-08-20,product,added,FZ: Formation Z,presence,,added,wikipedia:List_of_video_games_released_in_2026,New product entered the live dataset
2026-08-20,product,added,King of Tokyo,presence,,added,wikipedia:List_of_video_games_released_in_2026,New product entered the live dataset
2026-08-20,product,added,Psyvariar 3,presence,,added,wikipedia:List_of_video_games_released_in_2026,New product entered the live dataset
2026-08-20,product,added,Q Collection,presence,,added,wikipedia:List_of_video_games_released_in_2026,New product entered the live dataset
2026-08-20,product,added,Zero Parades: For Dead Spies,presence,,added,wikipedia:List_of_video_games_released_in_2026,New product entered the live dataset
2026-08-20,product,added,Lego Batman: Legacy of the Dark Knight,presence,,added,wikipedia:List_of_video_games_released_in_2026,New product entered the live dataset
2026-08-20,product,added,Rugrats: Retro Rewind Collection,presence,,added,wikipedia:List_of_video_games_released_in_2026,New product entered the live dataset
2026-08-20,product,added,Tales of Arise: Beyond the Dawn Edition,presence,,added,wikipedia:List_of_video_games_released_in_2026,New product entered the live dataset
2026-08-20,product,added,LumenTale: Memories of Trey,presence,,added,wikipedia:List_of_video_games_released_in_2026,New product entered the live dataset
2026-08-20,product,added,MLB The Show,presence,,added,wikipedia:List_of_video_games_released_in_2026,New product entered the live dataset
2026-08-20,product,added,World of Tanks,presence,,added,wikipedia:List_of_video_games_released_in_2026,New product entered the live dataset
2026-08-20,product,added,Poppy Playtime: Chapter 5,presence,,added,wikipedia:List_of_video_games_released_in_2026,New product entered the live dataset
2026-08-20,product,added,Bluey's Quest for the Gold Pen,presence,,added,wikipedia:List_of_video_games_released_in_2026,New product entered the live dataset
2026-08-20,product,added,Clockfall,presence,,added,wikipedia:List_of_video_games_released_in_2026,New product entered the live dataset
2026-08-20,product,added,Demon Kill Demon: Yomi 1984,presence,,added,wikipedia:List_of_video_games_released_in_2026,New product entered the live dataset
2026-08-20,product,added,Lollipop Chainsaw RePOP – Nintendo Switch 2 Edition,presence,,added,wikipedia:List_of_video_games_released_in_2026,New product entered the live dataset
2026-08-20,product,added,Monochrome Mobius: Rights and Wrongs Forgotten,presence,,added,wikipedia:List_of_video_games_released_in_2026,New product entered the live dataset
2026-08-20,product,added,Schrödinger's Call,presence,,added,wikipedia:List_of_video_games_released_in_2026,New product entered the live dataset
2026-08-20,product,added,Stardust: Wish of Witch,presence,,added,wikipedia:List_of_video_games_released_in_2026,New product entered the live dataset
2026-08-20,product,added,Touhou Yukkuri Mountain,presence,,added,wikipedia:List_of_video_games_released_in_2026,New product entered the live dataset
2026-08-20,product,added,Utawarerumono,presence,,added,wikipedia:List_of_video_games_released_in_2026,New product entered the live dataset
2026-08-20,product,added,System Shock 2: 25th Anniversary Remaster,presence,,added,wikipedia:List_of_video_games_released_in_2026,New product entered the live dataset
2026-08-20,product,added,A-Train 9 Evolution,presence,,added,wikipedia:List_of_video_games_released_in_2026,New product entered the live dataset
2026-08-20,product,added,Crazy Cha!n: Elpis no Kusari,presence,,added,wikipedia:List_of_video_games_released_in_2026,New product entered the live dataset
2026-08-20,product,added,Donkey Kong 64,presence,,added,wikipedia:List_of_video_games_released_in_2026,New product entered the live dataset
2026-08-20,product,added,Goals,presence,,added,wikipedia:List_of_video_games_released_in_2026,New product entered the live dataset
2026-08-20,product,added,River City Saga,presence,,added,wikipedia:List_of_video_games_released_in_2026,New product entered the live dataset
2026-08-20,product,added,Tetris the Grandmaster 4: Absolute Eye,presence,,added,wikidata,New product entered the live dataset
2026-08-20,product,added,Tetris: The Grand Master 4 – Absolute Eye,presence,,added,wikipedia:List_of_video_games_released_in_2026,New product entered the live dataset
2026-08-20,product,added,2 Fights in 2 Tight Spaces,presence,,added,wikipedia:List_of_video_games_released_in_2026,New product entered the live dataset
2026-08-20,product,added,Descent,presence,,added,wikipedia:List_of_video_games_released_in_2026,New product entered the live dataset
2026-08-20,product,added,Where Winds Meet,presence,,added,wikipedia:List_of_video_games_released_in_2026,New product entered the live dataset
2026-08-20,product,added,Inazuma Eleven,presence,,added,wikipedia:List_of_video_games_released_in_2026,New product entered the live dataset
2026-08-20,product,added,Rise of the Tomb Raider: 20 Year Celebration,presence,,added,wikipedia:List_of_video_games_released_in_2026,New product entered the live dataset
2026-08-20,product,added,Thomas & Friends: Wonders of Sodor,presence,,added,wikipedia:List_of_video_games_released_in_2026,New product entered the live dataset
2026-08-20,product,added,Xenoblade Chronicles: Definitive Edition – Nintendo Switch 2 Edition,presence,,added,wikipedia:List_of_video_games_released_in_2026,New product entered the live dataset
2026-08-20,product,added,Beatdown City Survivors,presence,,added,wikipedia:List_of_video_games_released_in_2026,New product entered the live dataset
2026-08-20,product,added,FIFA World Cup: Launch Edition,presence,,added,wikipedia:List_of_video_games_released_in_2026,New product entered the live dataset
2026-08-20,product,added,Powerful Pro Baseball 2026-2027,presence,,added,wikipedia:List_of_video_games_released_in_2026,New product entered the live dataset
2026-08-20,product,added,Unrailed 2: Back on Track,presence,,added,wikipedia:List_of_video_games_released_in_2026,New product entered the live dataset
2026-08-20,product,added,Pokémon Champions,presence,,added,wikipedia:List_of_video_games_released_in_2026,New product entered the live dataset
2026-08-20,product,added,Observer: System Redux,presence,,added,wikipedia:List_of_video_games_released_in_2026,New product entered the live dataset
2026-08-20,product,added,Soccer Kid,presence,,added,wikipedia:List_of_video_games_released_in_2026,New product entered the live dataset
2026-08-20,product,added,The Adventures of Elliot: The Millennium Tales,presence,,added,wikipedia:List_of_video_games_released_in_2026,New product entered the live dataset
2026-08-20,product,added,UsoNatsu: The Summer Romance Bloomed From A Lie,presence,,added,wikipedia:List_of_video_games_released_in_2026,New product entered the live dataset
2026-08-20,product,added,and Roger,presence,,added,wikidata,New product entered the live dataset
2026-08-20,product,added,EA Sports UFC 6,presence,,added,wikipedia:List_of_video_games_released_in_2026,New product entered the live dataset
2026-08-20,product,added,Maseylia: Echoes of the Past,presence,,added,wikipedia:List_of_video_games_released_in_2026,New product entered the live dataset
2026-08-20,product,added,SAND: Raiders of Sophie,presence,,added,wikipedia:List_of_video_games_released_in_2026,New product entered the live dataset
2026-08-20,product,added,Devil May Cry 5: Devil Hunter Edition,presence,,added,wikipedia:List_of_video_games_released_in_2026,New product entered the live dataset
2026-08-20,product,added,Sonic Frontiers: Definitive Edition,presence,,added,wikipedia:List_of_video_games_released_in_2026,New product entered the live dataset
2026-08-20,product,added,Deltarune: Chapter 5,presence,,added,wikipedia:List_of_video_games_released_in_2026,New product entered the live dataset
2026-08-20,product,added,Catto's Post Office,presence,,added,wikipedia:List_of_video_games_released_in_2026,New product entered the live dataset
2026-08-20,product,added,Namco,presence,,added,wikipedia:List_of_video_games_released_in_2026,New product entered the live dataset
2026-08-20,product,added,Villion: Code,presence,,added,wikipedia:List_of_video_games_released_in_2026,New product entered the live dataset
2026-08-20,product,added,Ninja Master's,presence,,added,wikipedia:List_of_video_games_released_in_2026,New product entered the live dataset
2026-08-20,product,added,Dokapon 3-2-1,presence,,added,wikipedia:List_of_video_games_released_in_2026,New product entered the live dataset
2026-08-20,product,added,Q3,presence,,added,wikipedia:List_of_video_games_released_in_2026,New product entered the live dataset
2026-08-20,product,added,Q3/Q4,presence,,added,wikipedia:List_of_video_games_released_in_2026,New product entered the live dataset
2026-08-20,product,added,Ganbare Goemon,presence,,added,wikipedia:List_of_video_games_released_in_2026,New product entered the live dataset
2026-08-20,product,added,XeGrader plus,presence,,added,wikipedia:List_of_video_games_released_in_2026,New product entered the live dataset
2026-08-20,product,added,Dr. Mario & Puzzle League,presence,,added,wikipedia:List_of_video_games_released_in_2026,New product entered the live dataset
2026-08-20,product,added,Fortified Zone,presence,,added,wikipedia:List_of_video_games_released_in_2026,New product entered the live dataset
2026-08-20,product,added,The Sword of Hope,presence,,added,wikipedia:List_of_video_games_released_in_2026,New product entered the live dataset
2026-08-20,product,added,Wario Land: Super Mario Land 3,presence,,added,wikipedia:List_of_video_games_released_in_2026,New product entered the live dataset
2026-08-20,product,added,Call of Duty: Black Ops,presence,,added,wikipedia:List_of_video_games_released_in_2026,New product entered the live dataset
2026-08-20,product,added,Call of Duty: Black Ops II,presence,,added,wikipedia:List_of_video_games_released_in_2026,New product entered the live dataset
2026-08-20,product,added,EA Sports College Football,presence,,added,wikipedia:List_of_video_games_released_in_2026,New product entered the live dataset
2026-08-20,product,added,Granblue Fantasy: Relink,presence,,added,wikipedia:List_of_video_games_released_in_2026,New product entered the live dataset
2026-08-20,product,added,Gunvolt Chronicles: Luminous Avenger iX,presence,,added,wikipedia:List_of_video_games_released_in_2026,New product entered the live dataset
2026-08-20,product,added,Magical Girl Witch Trials,presence,,added,wikipedia:List_of_video_games_released_in_2026,New product entered the live dataset
2026-08-20,product,added,Tokyo Valkyries,presence,,added,wikipedia:List_of_video_games_released_in_2026,New product entered the live dataset
2026-08-20,product,added,Digimon Story: Time Stranger,presence,,added,wikipedia:List_of_video_games_released_in_2026,New product entered the live dataset
2026-08-20,product,added,Wuthering Waves,presence,,added,wikipedia:List_of_video_games_released_in_2026,New product entered the live dataset
2026-08-20,product,added,Octopath Traveler II,presence,,added,wikipedia:List_of_video_games_released_in_2026,New product entered the live dataset
2026-08-20,product,added,Digimon UP,presence,,added,wikipedia:List_of_video_games_released_in_2026,New product entered the live dataset
2026-08-20,product,added,Full Stride,presence,,added,wikipedia:List_of_video_games_released_in_2026,New product entered the live dataset
2026-08-20,product,added,K-pop Idol Stories: Road to Debut,presence,,added,wikidata,New product entered the live dataset
2026-08-20,product,added,Kyoto Xanadu,presence,,added,wikipedia:List_of_video_games_released_in_2026,New product entered the live dataset
2026-08-20,product,added,Moss: The Forgotten Relic,presence,,added,wikipedia:List_of_video_games_released_in_2026,New product entered the live dataset
2026-08-20,product,added,eBaseball: Pro Spirit 2026,presence,,added,wikipedia:List_of_video_games_released_in_2026,New product entered the live dataset
2026-08-20,product,added,Avatar Legends: The Fighting Game,presence,,added,wikipedia:List_of_video_games_released_in_2026,New product entered the live dataset
2026-08-20,product,added,Dodo Duckie!,presence,,added,wikipedia:List_of_video_games_released_in_2026,New product entered the live dataset
2026-08-20,product,added,DragonSword: Awakening,presence,,added,wikipedia:List_of_video_games_released_in_2026,New product entered the live dataset
2026-08-20,product,added,Hard Edge,presence,,added,wikipedia:List_of_video_games_released_in_2026,New product entered the live dataset
2026-08-20,product,added,Hololive Dreams,presence,,added,wikipedia:List_of_video_games_released_in_2026,New product entered the live dataset
2026-08-20,product,added,Staffer Retro: A Supernatural Mystery Quest,presence,,added,wikipedia:List_of_video_games_released_in_2026,New product entered the live dataset
2026-08-20,product,added,The Angel Next Door Spoils Me Rotten,presence,,added,wikipedia:List_of_video_games_released_in_2026,New product entered the live dataset
2026-08-20,product,added,Valkyrie Tune: Synthesis of Souls,presence,,added,wikipedia:List_of_video_games_released_in_2026,New product entered the live dataset
2026-08-20,product,added,An Eggstremely Hard Game,presence,,added,wikipedia:List_of_video_games_released_in_2026,New product entered the live dataset
2026-08-20,product,added,Kazuma Kaneko's Tsukuyomi,presence,,added,wikipedia:List_of_video_games_released_in_2026,New product entered the live dataset
2026-08-20,product,added,Suika Game Planet,presence,,added,wikipedia:List_of_video_games_released_in_2026,New product entered the live dataset
2026-08-20,product,added,Dystopicon,presence,,added,wikipedia:List_of_video_games_released_in_2026,New product entered the live dataset
2026-08-20,product,added,EverQuest,presence,,added,wikipedia:List_of_video_games_released_in_2026,New product entered the live dataset
2026-08-20,product,added,Gothic Classic,presence,,added,wikipedia:List_of_video_games_released_in_2026,New product entered the live dataset
2026-08-20,product,added,Halo: Campaign Evolved,presence,,added,wikipedia:List_of_video_games_released_in_2026,New product entered the live dataset
2026-08-20,product,added,Harvest Moon: The Lost Valley,presence,,added,wikipedia:List_of_video_games_released_in_2026,New product entered the live dataset
2026-08-20,product,added,Aretha,presence,,added,wikipedia:List_of_video_games_released_in_2026,New product entered the live dataset
2026-08-20,product,added,Culdcept The First,presence,,added,wikipedia:List_of_video_games_released_in_2026,New product entered the live dataset
2026-08-20,product,added,Fantasy Maiden Wars: Dream of the Stray Dreamer,presence,,added,wikipedia:List_of_video_games_released_in_2026,New product entered the live dataset
2026-08-20,product,added,Kinki Spiritual Affairs Bureau,presence,,added,wikipedia:List_of_video_games_released_in_2026,New product entered the live dataset
2026-08-20,product,added,Rose Guns Days Season 2,presence,,added,wikipedia:List_of_video_games_released_in_2026,New product entered the live dataset
2026-08-20,product,added,Signy & Mino: Against All Gods,presence,,added,wikipedia:List_of_video_games_released_in_2026,New product entered the live dataset
2026-08-20,product,added,Sponge Break,presence,,added,wikipedia:List_of_video_games_released_in_2026,New product entered the live dataset
2026-08-20,product,added,Turnip Mountain,presence,,added,wikipedia:List_of_video_games_released_in_2026,New product entered the live dataset
2026-08-20,product,added,Verho: Curse of Faces,presence,,added,wikipedia:List_of_video_games_released_in_2026,New product entered the live dataset
2026-08-20,product,added,Xenoblade Chronicles 2 – Nintendo Switch 2 Edition,presence,,added,wikipedia:List_of_video_games_released_in_2026,New product entered the live dataset
2026-08-20,product,added,Batman: Caped Crusader,presence,,added,wikipedia:List_of_video_games_released_in_2026,New product entered the live dataset
2026-08-20,product,added,Dragon Hopper,presence,,added,wikipedia:List_of_video_games_released_in_2026,New product entered the live dataset
2026-08-20,product,added,Final Fantasy XIV,presence,,added,wikipedia:List_of_video_games_released_in_2026,New product entered the live dataset
2026-08-20,product,added,Zero Racers,presence,,added,wikipedia:List_of_video_games_released_in_2026,New product entered the live dataset
2026-08-20,product,added,Lost & Found: A This Bed We Made Story,presence,,added,wikipedia:List_of_video_games_released_in_2026,New product entered the live dataset
2026-08-20,product,added,Ao Oni,presence,,added,wikipedia:List_of_video_games_released_in_2026,New product entered the live dataset
2026-08-20,product,added,Changeable Guardian Estique,presence,,added,wikipedia:List_of_video_games_released_in_2026,New product entered the live dataset
2026-08-20,product,added,Cotton Rock with You: Oriental Night Dreams,presence,,added,wikipedia:List_of_video_games_released_in_2026,New product entered the live dataset
2026-08-20,product,added,Iron Nest,presence,,added,wikipedia:List_of_video_games_released_in_2026,New product entered the live dataset
2026-08-20,product,added,Marvel Tokon: Fighting Souls,presence,,added,wikipedia:List_of_video_games_released_in_2026,New product entered the live dataset
2026-08-20,product,added,ReStory: Chill Electronics Repairs,presence,,added,wikipedia:List_of_video_games_released_in_2026,New product entered the live dataset
2026-08-20,product,added,Tensei Game: Karma x Cross,presence,,added,wikipedia:List_of_video_games_released_in_2026,New product entered the live dataset
2026-08-20,product,added,Expeditions: Samurai,presence,,added,wikipedia:List_of_video_games_released_in_2026,New product entered the live dataset
2026-08-20,product,added,Suikoden: Star Leap,presence,,added,wikipedia:List_of_video_games_released_in_2026,New product entered the live dataset
2026-08-20,product,added,1998: The Toll Keeper Story,presence,,added,wikipedia:List_of_video_games_released_in_2026,New product entered the live dataset
2026-08-20,product,added,Dungeon of Dragon Knight Remake,presence,,added,wikipedia:List_of_video_games_released_in_2026,New product entered the live dataset
2026-08-20,product,added,Knytt,presence,,added,wikipedia:List_of_video_games_released_in_2026,New product entered the live dataset
2026-08-20,product,added,Sacred 2: Fallen Angel Remaster,presence,,added,wikipedia:List_of_video_games_released_in_2026,New product entered the live dataset
2026-08-20,product,added,The Elder Scrolls IV: Oblivion Remastered,presence,,added,wikipedia:List_of_video_games_released_in_2026,New product entered the live dataset
2026-08-20,product,added,The Lord of the Rings: War in the North,presence,,added,wikipedia:List_of_video_games_released_in_2026,New product entered the live dataset
2026-08-20,product,added,Agefield High: Rock the School,presence,,added,wikipedia:List_of_video_games_released_in_2026,New product entered the live dataset
2026-08-20,product,added,Finding Polka,presence,,added,wikipedia:List_of_video_games_released_in_2026,New product entered the live dataset
2026-08-20,product,added,BlazBlue Entropy Effect X – Nintendo Switch 2 Edition,presence,,added,wikipedia:List_of_video_games_released_in_2026,New product entered the live dataset
2026-08-20,product,added,Dash'n'Drops,presence,,added,wikipedia:List_of_video_games_released_in_2026,New product entered the live dataset
2026-08-20,product,added,Defender of the Crown,presence,,added,wikipedia:List_of_video_games_released_in_2026,New product entered the live dataset
2026-08-20,product,added,Hell Let Loose: Vietnam,presence,,added,wikipedia:List_of_video_games_released_in_2026,New product entered the live dataset
2026-08-20,product,added,IGS,presence,,added,wikipedia:List_of_video_games_released_in_2026,New product entered the live dataset
2026-08-20,product,added,Panzer Knights: Commander’s Edition,presence,,added,wikipedia:List_of_video_games_released_in_2026,New product entered the live dataset
2026-08-20,product,added,Super Mario Sunshine,presence,,added,wikipedia:List_of_video_games_released_in_2026,New product entered the live dataset
2026-08-20,product,added,Mafia: The Old Country — Man of Honor,presence,,added,wikipedia:List_of_video_games_released_in_2026,New product entered the live dataset
2026-08-20,product,added,Platonica Space,presence,,added,wikipedia:List_of_video_games_released_in_2026,New product entered the live dataset
2026-08-20,product,added,Gobliiins,presence,,added,wikipedia:List_of_video_games_released_in_2026,New product entered the live dataset
2026-08-20,product,added,Dungeon Antiqua 2,presence,,added,wikipedia:List_of_video_games_released_in_2026,New product entered the live dataset
2026-08-20,product,added,Mexican Ninja,presence,,added,wikipedia:List_of_video_games_released_in_2026,New product entered the live dataset
2026-08-20,product,added,Mortal Shell II,presence,,added,wikipedia:List_of_video_games_released_in_2026,New product entered the live dataset
2026-08-20,product,added,Over Requiemz,presence,,added,wikipedia:List_of_video_games_released_in_2026,New product entered the live dataset
2026-08-20,product,added,Pipistrello and the Cursed Yoyo,presence,,added,wikipedia:List_of_video_games_released_in_2026,New product entered the live dataset
2026-08-20,product,added,S.T.A.L.K.E.R. 2: Cost of Hope,presence,,added,wikipedia:List_of_video_games_released_in_2026,New product entered the live dataset
2026-08-20,product,added,Aliens: Fireteam Elite 2,presence,,added,wikipedia:List_of_video_games_released_in_2026,New product entered the live dataset
2026-08-20,product,added,Apidya' Special,presence,,added,wikipedia:List_of_video_games_released_in_2026,New product entered the live dataset
2026-08-20,product,added,Blood Dungeon,presence,,added,wikipedia:List_of_video_games_released_in_2026,New product entered the live dataset
2026-08-20,product,added,Once Human,presence,,added,wikipedia:List_of_video_games_released_in_2026,New product entered the live dataset
2026-08-20,product,added,Aggelos II,presence,,added,wikipedia:List_of_video_games_released_in_2026,New product entered the live dataset
2026-08-20,product,added,Brigandine: Abyss,presence,,added,wikipedia:List_of_video_games_released_in_2026,New product entered the live dataset
2026-08-20,product,added,Hakuoki Ibun: Berezinskii no Majo,presence,,added,wikipedia:List_of_video_games_released_in_2026,New product entered the live dataset
2026-08-20,product,added,Kalanoro,presence,,added,wikipedia:List_of_video_games_released_in_2026,New product entered the live dataset
2026-08-20,product,added,Metal Gear Solid: Master Collection Vol. 2,presence,,added,wikipedia:List_of_video_games_released_in_2026,New product entered the live dataset
2026-08-20,product,added,Mind Diver,presence,,added,wikipedia:List_of_video_games_released_in_2026,New product entered the live dataset
2026-08-20,product,added,Model Debut4,presence,,added,wikipedia:List_of_video_games_released_in_2026,New product entered the live dataset
2026-08-20,product,added,Neptunia,presence,,added,wikipedia:List_of_video_games_released_in_2026,New product entered the live dataset
2026-08-20,product,added,Resonance: A Plague Tale Legacy,presence,,added,wikipedia:List_of_video_games_released_in_2026,New product entered the live dataset
2026-08-20,product,added,Captain Tsubasa,presence,,added,wikipedia:List_of_video_games_released_in_2026,New product entered the live dataset
2026-08-20,product,added,Serious Sam: Shatterverse,presence,,added,wikipedia:List_of_video_games_released_in_2026,New product entered the live dataset
2026-08-20,product,added,Aerial_Knight's MrFreezy,presence,,added,wikipedia:List_of_video_games_released_in_2026,New product entered the live dataset
2026-08-20,product,added,Aion,presence,,added,wikipedia:List_of_video_games_released_in_2026,New product entered the live dataset
2026-08-20,product,added,Path of Mystery,presence,,added,wikipedia:List_of_video_games_released_in_2026,New product entered the live dataset
2026-08-20,product,added,The Guild: Europe 1410,presence,,added,wikipedia:List_of_video_games_released_in_2026,New product entered the live dataset
2026-08-20,product,added,Emery Hearts,presence,,added,wikipedia:List_of_video_games_released_in_2026,New product entered the live dataset
2026-08-20,product,added,Moonlighter 2: The Endless Vault,presence,,added,wikipedia:List_of_video_games_released_in_2026,New product entered the live dataset
2026-08-20,product,added,Wo Long: Fallen Dynasty,presence,,added,wikipedia:List_of_video_games_released_in_2026,New product entered the live dataset
2026-08-20,product,added,Isle of Reveries,presence,,added,wikipedia:List_of_video_games_released_in_2026,New product entered the live dataset
2026-08-20,product,added,Onimusha: Way of the Sword,presence,,added,wikipedia:List_of_video_games_released_in_2026,New product entered the live dataset
2026-08-20,product,added,Phantom of Inferno,presence,,added,wikipedia:List_of_video_games_released_in_2026,New product entered the live dataset
2026-08-20,product,added,Culdcept The First Saturn Tribute,presence,,added,wikipedia:List_of_video_games_released_in_2026,New product entered the live dataset
2026-08-20,product,added,Halloween: The Game,presence,,added,wikipedia:List_of_video_games_released_in_2026,New product entered the live dataset
2026-08-20,product,added,Sprawl Zero,presence,,added,wikipedia:List_of_video_games_released_in_2026,New product entered the live dataset
2026-08-20,product,added,In Falsus,presence,,added,wikipedia:List_of_video_games_released_in_2026,New product entered the live dataset
2026-08-20,product,added,BrokenLore: Don't Lie,presence,,added,wikipedia:List_of_video_games_released_in_2026,New product entered the live dataset
2026-08-20,product,added,Dumb Ways to Build,presence,,added,wikipedia:List_of_video_games_released_in_2026,New product entered the live dataset
2026-08-20,product,added,Ex Sanguis,presence,,added,wikipedia:List_of_video_games_released_in_2026,New product entered the live dataset
2026-08-20,product,added,Gakkou de atta Kowai Hanashi,presence,,added,wikipedia:List_of_video_games_released_in_2026,New product entered the live dataset
2026-08-20,product,added,Hazard Pay,presence,,added,wikipedia:List_of_video_games_released_in_2026,New product entered the live dataset
2026-08-20,product,added,Hot Wheels,presence,,added,wikipedia:List_of_video_games_released_in_2026,New product entered the live dataset
2026-08-20,product,added,Takeover 2,presence,,added,wikipedia:List_of_video_games_released_in_2026,New product entered the live dataset
2026-08-20,product,added,The Alighieri Circle: Dante's Bloodline,presence,,added,wikipedia:List_of_video_games_released_in_2026,New product entered the live dataset
2026-08-20,product,added,Touhou Koumakyou: New Classic ~ The Embodiment of Scarlet Devil,presence,,added,wikipedia:List_of_video_games_released_in_2026,New product entered the live dataset
2026-08-20,product,added,Tsukikomori,presence,,added,wikipedia:List_of_video_games_released_in_2026,New product entered the live dataset
2026-08-20,product,added,Destroy All Humans! 2: Reprobed,presence,,added,wikipedia:List_of_video_games_released_in_2026,New product entered the live dataset
2026-08-20,product,added,Fright Train,presence,,added,wikipedia:List_of_video_games_released_in_2026,New product entered the live dataset
2026-08-20,product,added,RuneScape,presence,,added,wikipedia:List_of_video_games_released_in_2026,New product entered the live dataset
2026-08-20,product,added,Aniimo,presence,,added,wikipedia:List_of_video_games_released_in_2026,New product entered the live dataset
2026-08-20,product,added,Monowave,presence,,added,wikipedia:List_of_video_games_released_in_2026,New product entered the live dataset
2026-08-20,product,added,Roman Sands RE:Build,presence,,added,wikipedia:List_of_video_games_released_in_2026,New product entered the live dataset
2026-08-20,product,added,Two Point Hospital: Full Health Collection,presence,,added,wikipedia:List_of_video_games_released_in_2026,New product entered the live dataset
2026-08-20,product,added,Akiba Lost,presence,,added,wikipedia:List_of_video_games_released_in_2026,New product entered the live dataset
2026-08-20,product,added,Fire Emblem: Fortune's Weave,presence,,added,wikipedia:List_of_video_games_released_in_2026,New product entered the live dataset
2026-08-20,product,added,Granblue Fantasy Versus: Rising,presence,,added,wikipedia:List_of_video_games_released_in_2026,New product entered the live dataset
2026-08-20,product,added,Patlabor: The Case Files,presence,,added,wikipedia:List_of_video_games_released_in_2026,New product entered the live dataset
2026-08-20,product,added,Rizz Dungeon: Skeleton Key to My Heart,presence,,added,wikipedia:List_of_video_games_released_in_2026,New product entered the live dataset
2026-08-20,product,added,Tristia: Chronicles,presence,,added,wikipedia:List_of_video_games_released_in_2026,New product entered the live dataset
2026-08-20,product,added,The Grinch,presence,,added,wikipedia:List_of_video_games_released_in_2026,New product entered the live dataset
2026-08-20,product,added,The Walking Dead: Streets of Survival,presence,,added,wikipedia:List_of_video_games_released_in_2026,New product entered the live dataset
2026-08-20,product,added,Dune: Awakening,presence,,added,wikipedia:List_of_video_games_released_in_2026,New product entered the live dataset
2026-08-20,product,added,Derby Stallion,presence,,added,wikipedia:List_of_video_games_released_in_2026,New product entered the live dataset
2026-08-20,product,added,Dragon Quest XI S: Echoes of an Elusive Age,presence,,added,wikipedia:List_of_video_games_released_in_2026,New product entered the live dataset
2026-08-20,product,added,Farming Camp,presence,,added,wikipedia:List_of_video_games_released_in_2026,New product entered the live dataset
2026-08-20,product,advanced,Gobble,release_date,2027-01-01,2026-09-24,wikipedia:List_of_video_games_released_in_2026,Release moved 2027-01-01 → 2026-09-24
2026-08-20,product,added,Qliphah in Providence's Shadow,presence,,added,wikipedia:List_of_video_games_released_in_2026,New product entered the live dataset
2026-08-20,product,added,Shinobi: Art of Vengeance,presence,,added,wikipedia:List_of_video_games_released_in_2026,New product entered the live dataset
2026-08-20,product,added,SiN: Reloaded,presence,,added,wikipedia:List_of_video_games_released_in_2026,New product entered the live dataset
2026-08-20,product,added,Silent Hill: Townfall,presence,,added,wikipedia:List_of_video_games_released_in_2026,New product entered the live dataset
2026-08-20,product,added,Gothic II Complete Classic,presence,,added,wikipedia:List_of_video_games_released_in_2026,New product entered the live dataset
2026-08-20,product,added,TOEM 2,presence,,added,wikidata,New product entered the live dataset
2026-08-20,product,added,Songs of Glimmerwick,presence,,added,wikipedia:List_of_video_games_released_in_2026,New product entered the live dataset
2026-08-20,product,added,Augment Protocol,presence,,added,wikipedia:List_of_video_games_released_in_2026,New product entered the live dataset
2026-08-20,product,added,Colorbound,presence,,added,wikipedia:List_of_video_games_released_in_2026,New product entered the live dataset
2026-08-20,product,added,Don't Fret,presence,,added,wikipedia:List_of_video_games_released_in_2026,New product entered the live dataset
2026-08-20,product,added,Dynasty Warriors 3: Complete Edition Remastered,presence,,added,wikipedia:List_of_video_games_released_in_2026,New product entered the live dataset
2026-08-20,product,added,Hubert,presence,,added,wikipedia:List_of_video_games_released_in_2026,New product entered the live dataset
2026-08-20,product,added,MXGP,presence,,added,wikipedia:List_of_video_games_released_in_2026,New product entered the live dataset
2026-08-20,product,added,Muchi Muchi Pork!,presence,,added,wikipedia:List_of_video_games_released_in_2026,New product entered the live dataset
2026-08-20,product,added,Q4,presence,,added,wikipedia:List_of_video_games_released_in_2026,New product entered the live dataset
2026-08-20,product,added,RetroSpace,presence,,added,wikipedia:List_of_video_games_released_in_2026,New product entered the live dataset
2026-08-20,product,added,Ace Combat 8: Wings of Theve,presence,,added,wikipedia:List_of_video_games_released_in_2026,New product entered the live dataset
2026-08-20,product,added,Magical Craft: My Enchanted Dress Shop,presence,,added,wikipedia:List_of_video_games_released_in_2026,New product entered the live dataset
2026-08-20,product,added,Disney Epic Mickey: Rebrushed,presence,,added,wikipedia:List_of_video_games_released_in_2026,New product entered the live dataset
2026-08-20,product,added,Gears of War: E-Day,presence,,added,wikipedia:List_of_video_games_released_in_2026,New product entered the live dataset
2026-08-20,product,added,Star Wars: Galactic Racer,presence,,added,wikipedia:List_of_video_games_released_in_2026,New product entered the live dataset
2026-08-20,product,added,Boku to Tsuri Nikki,presence,,added,wikipedia:List_of_video_games_released_in_2026,New product entered the live dataset
2026-08-20,product,added,Clive Barker's Hellraiser: Revival,presence,,added,wikipedia:List_of_video_games_released_in_2026,New product entered the live dataset
2026-08-20,product,added,Kingdom Hearts Collection [I ~ III,presence,,added,wikipedia:List_of_video_games_released_in_2026,New product entered the live dataset
2026-08-20,product,added,Order of the Sinking Star,presence,,added,wikipedia:List_of_video_games_released_in_2026,New product entered the live dataset
2026-08-20,product,added,Sesame Street,presence,,added,wikipedia:List_of_video_games_released_in_2026,New product entered the live dataset
2026-08-20,product,added,SpongeBob SquarePants: Titans of the Tide,presence,,added,wikipedia:List_of_video_games_released_in_2026,New product entered the live dataset
2026-08-20,product,advanced,Over The Hill,release_date,2027-01-01,2026-10-14,wikipedia:List_of_video_games_released_in_2026,Release moved 2027-01-01 → 2026-10-14
2026-08-20,product,added,Castlevania: Belmont's Curse,presence,,added,wikipedia:List_of_video_games_released_in_2026,New product entered the live dataset
2026-08-20,product,added,Harvest Moon: Echoes of Teradea,presence,,added,wikipedia:List_of_video_games_released_in_2026,New product entered the live dataset
2026-08-20,product,added,Tormented Souls II,presence,,added,wikipedia:List_of_video_games_released_in_2026,New product entered the live dataset
2026-08-20,product,added,Toy Story 3: Complete Edition,presence,,added,wikipedia:List_of_video_games_released_in_2026,New product entered the live dataset
2026-08-20,product,added,Toy Story: Retro Roundup!,presence,,added,wikipedia:List_of_video_games_released_in_2026,New product entered the live dataset
2026-08-20,product,added,Blue Ridge Hunting,presence,,added,wikipedia:List_of_video_games_released_in_2026,New product entered the live dataset
2026-08-20,product,added,Azure Striker Gunvolt Trilogy Enhanced – Nintendo Switch 2 Edition,presence,,added,wikipedia:List_of_video_games_released_in_2026,New product entered the live dataset
2026-08-20,product,added,Demons' Night Fever,presence,,added,wikipedia:List_of_video_games_released_in_2026,New product entered the live dataset
2026-08-20,product,added,Nintendo Switch Sports Resort,presence,,added,wikipedia:List_of_video_games_released_in_2026,New product entered the live dataset
2026-08-20,product,added,Red Chat Ritual: TSUMIMI TIME,presence,,added,wikipedia:List_of_video_games_released_in_2026,New product entered the live dataset
2026-08-20,product,added,Call of Duty: Modern Warfare 4,presence,,added,wikipedia:List_of_video_games_released_in_2026,New product entered the live dataset
2026-08-20,product,added,One Piece: Grand Gourmet,presence,,added,wikipedia:List_of_video_games_released_in_2026,New product entered the live dataset
2026-08-20,product,added,9 R.I.P. sequel,presence,,added,wikipedia:List_of_video_games_released_in_2026,New product entered the live dataset
2026-08-20,product,added,Minecraft: Bedrock Edition,presence,,added,wikipedia:List_of_video_games_released_in_2026,New product entered the live dataset
2026-08-20,product,added,Remothered,presence,,added,wikipedia:List_of_video_games_released_in_2026,New product entered the live dataset
2026-08-20,product,added,Black Lily’s Tale,presence,,added,wikipedia:List_of_video_games_released_in_2026,New product entered the live dataset
2026-08-20,product,added,Danchi Days,presence,,added,wikipedia:List_of_video_games_released_in_2026,New product entered the live dataset
2026-08-20,product,added,Demon Slayer: Kimetsu no Yaiba – The Hinokami Chronicles 2 – Nintendo Switch 2 Edition,presence,,added,wikipedia:List_of_video_games_released_in_2026,New product entered the live dataset
2026-08-20,product,added,Hello Kitty Party Land,presence,,added,wikipedia:List_of_video_games_released_in_2026,New product entered the live dataset
2026-08-20,product,added,The Cat in the Hat,presence,,added,wikipedia:List_of_video_games_released_in_2026,New product entered the live dataset
2026-08-20,product,added,Godzilla: Destroy All Monsters Melee Remastered,presence,,added,wikipedia:List_of_video_games_released_in_2026,New product entered the live dataset
2026-08-20,product,added,Wilderdark,presence,,added,wikipedia:List_of_video_games_released_in_2026,New product entered the live dataset
2026-08-20,product,added,Crymelight,presence,,added,wikipedia:List_of_video_games_released_in_2026,New product entered the live dataset
2026-08-20,product,added,K-POP Rising: Dream to Shine,presence,,added,wikipedia:List_of_video_games_released_in_2026,New product entered the live dataset
2026-08-20,product,added,Wielders of the Essence,presence,,added,wikipedia:List_of_video_games_released_in_2026,New product entered the live dataset
2026-08-20,product,added,Hasbro,presence,,added,wikipedia:List_of_video_games_released_in_2026,New product entered the live dataset
2026-08-20,product,added,Barbie Rewind,presence,,added,wikipedia:List_of_video_games_released_in_2026,New product entered the live dataset
2026-08-20,product,added,Prinny,presence,,added,wikipedia:List_of_video_games_released_in_2026,New product entered the live dataset
2026-08-20,product,added,The Binding of Isaac: Repentance+,presence,,added,wikipedia:List_of_video_games_released_in_2026,New product entered the live dataset
2026-08-20,product,added,Gothic 3 Classic,presence,,added,wikipedia:List_of_video_games_released_in_2026,New product entered the live dataset
2026-08-20,product,added,Kimiiro Patra IF,presence,,added,wikipedia:List_of_video_games_released_in_2026,New product entered the live dataset
2026-08-20,product,added,Dragon Quest Monsters: The Withered World,presence,,added,wikipedia:List_of_video_games_released_in_2026,New product entered the live dataset
2026-08-20,product,added,SOMBRAS: negative frames,presence,,added,wikipedia:List_of_video_games_released_in_2026,New product entered the live dataset
2026-08-20,product,added,"Warhammer 40,000: Dawn of War IV",presence,,added,wikipedia:List_of_video_games_released_in_2026,New product entered the live dataset
2026-08-20,product,added,Xenoblade Chronicles 3 – Nintendo Switch 2 Edition,presence,,added,wikipedia:List_of_video_games_released_in_2026,New product entered the live dataset
2026-08-20,product,added,Feda: The Emblem of Justice,presence,,added,wikipedia:List_of_video_games_released_in_2026,New product entered the live dataset
2026-08-20,product,added,Ninja Baseball League-Man: Bases Loaded,presence,,added,wikipedia:List_of_video_games_released_in_2026,New product entered the live dataset
2026-08-20,product,added,Uta no Prince-sama,presence,,added,wikipedia:List_of_video_games_released_in_2026,New product entered the live dataset
2026-08-20,product,added,"WIN, PSVR, Quest",presence,,added,wikipedia:List_of_video_games_released_in_2026,New product entered the live dataset
2026-08-20,product,added,Artis Impact,presence,,added,wikipedia:List_of_video_games_released_in_2026,New product entered the live dataset
2026-08-20,product,added,Attack on Titan 3,presence,,added,wikipedia:List_of_video_games_released_in_2026,New product entered the live dataset
2026-08-20,product,confirmation_changed,BioEden,confirmation,1,announced,wikipedia:List_of_video_games_released_in_2026,Confirmation 1 → announced
2026-08-20,product,confirmation_changed,Cozy Marbles,confirmation,1,confirmed,wikipedia:List_of_video_games_released_in_2026,Confirmation 1 → confirmed
2026-08-20,product,added,Crimson Moon,presence,,added,wikipedia:List_of_video_games_released_in_2026,New product entered the live dataset
2026-08-20,product,added,Dragon's Dogma 2,presence,,added,wikipedia:List_of_video_games_released_in_2026,New product entered the live dataset
2026-08-20,product,confirmation_changed,ELDEN RING Tarnished Edition,confirmation,1,announced,wikipedia:List_of_video_games_released_in_2026,Confirmation 1 → announced
2026-08-20,product,added,ENDLESS Legend 2,presence,,added,wikipedia:List_of_video_games_released_in_2026,New product entered the live dataset
2026-08-20,product,added,Four Last Things,presence,,added,wikipedia:List_of_video_games_released_in_2026,New product entered the live dataset
2026-08-20,product,added,Hell is Us,presence,,added,wikipedia:List_of_video_games_released_in_2026,New product entered the live dataset
2026-08-20,product,added,iRacing Arcade,presence,,added,wikipedia:List_of_video_games_released_in_2026,New product entered the live dataset
2026-08-20,product,added,Mamon King,presence,,added,wikipedia:List_of_video_games_released_in_2026,New product entered the live dataset
2026-08-20,product,added,Neverway,presence,,added,wikipedia:List_of_video_games_released_in_2026,New product entered the live dataset
2026-08-20,product,added,No Rest for the Wicked,presence,,added,wikipedia:List_of_video_games_released_in_2026,New product entered the live dataset
2026-08-20,product,added,Once Upon a KATAMARI,presence,,added,wikipedia:List_of_video_games_released_in_2026,New product entered the live dataset
2026-08-20,product,confirmation_changed,Orbitals,confirmation,1,announced,wikipedia:List_of_video_games_released_in_2026,Confirmation 1 → announced
2026-08-20,product,added,Polylithic,presence,,added,wikidata,New product entered the live dataset
2026-08-20,product,added,Romance of the Three Kingdoms XIV,presence,,added,wikipedia:List_of_video_games_released_in_2026,New product entered the live dataset
2026-08-20,product,added,SpeedRunners,presence,,added,wikipedia:List_of_video_games_released_in_2026,New product entered the live dataset
2026-08-20,product,confirmation_changed,STEINS;GATE RE:BOOT,confirmation,1,announced,wikipedia:List_of_video_games_released_in_2026,Confirmation 1 → announced
2026-08-20,product,added,The Crew Motorfest,presence,,added,wikipedia:List_of_video_games_released_in_2026,New product entered the live dataset
2026-08-20,product,added,TOEM,presence,,added,wikipedia:List_of_video_games_released_in_2026,New product entered the live dataset
2026-08-20,product,added,Trine,presence,,added,wikipedia:List_of_video_games_released_in_2026,New product entered the live dataset
2026-08-20,product,added,Village in the Shade,presence,,added,wikipedia:List_of_video_games_released_in_2026,New product entered the live dataset
2026-08-20,product,added,Way of the Hunter 2,presence,,added,wikipedia:List_of_video_games_released_in_2026,New product entered the live dataset
2026-08-20,product,added,Whisper of the House,presence,,added,wikipedia:List_of_video_games_released_in_2026,New product entered the live dataset
2026-08-20,product,removed,GrimKeep,presence,present,removed,wikidata,Product left the live dataset
2026-08-20,product,removed,Monochrome Echoes: White,presence,present,removed,wikidata,Product left the live dataset
2026-08-20,product,removed,Rain98,presence,present,removed,wikidata,Product left the live dataset
2026-08-20,product,removed,Zaleste,presence,present,removed,wikidata,Product left the live dataset
2026-08-20,product,removed,The Weeping Swan: Ten Days of the City's Fall,presence,present,removed,wikidata,Product left the live dataset
2026-08-20,product,removed,Causal Loop,presence,present,removed,wikidata,Product left the live dataset
2026-08-20,product,removed,Dear Mirror Flower,presence,present,removed,wikidata,Product left the live dataset
2026-08-20,product,removed,Gravelord,presence,present,removed,wikidata,Product left the live dataset
2026-08-20,product,removed,Demeo x Dungeons & Dragons: Battlemarked,presence,present,removed,wikidata,Product left the live dataset
2026-08-20,product,removed,SpeedRunners 2: King of Speed,presence,present,removed,wikidata,Product left the live dataset
2026-08-20,product,removed,Endless Legend II,presence,present,removed,wikidata,Product left the live dataset
2026-08-20,product,removed,1000xRESIST,presence,present,removed,wikidata,Product left the live dataset
2026-08-20,product,removed,Hearth and Hamlet,presence,present,removed,catalog,Product left the live dataset
2026-08-20,product,removed,PRAGMATA,presence,present,removed,announced_registry,Product left the live dataset
2026-08-20,product,removed,Wobbly Life,presence,present,removed,wikidata,Product left the live dataset
2026-08-20,event,added,A Tiny Wander release window,presence,,added,announced_product_window,New event entered the live dataset
2026-08-20,event,added,Animal Use Protocol release window,presence,,added,announced_product_window,New event entered the live dataset
2026-08-20,event,added,EDEN.schemata(); release window,presence,,added,announced_product_window,New event entered the live dataset
2026-08-20,event,added,Golf With Your Friends 2 release window,presence,,added,announced_product_window,New event entered the live dataset
2026-08-20,event,added,Hunting Simulator 3 release window,presence,,added,announced_product_window,New event entered the live dataset
2026-08-20,event,added,Pararecords release window,presence,,added,announced_product_window,New event entered the live dataset
2026-08-20,event,added,Prolegomena To a Hyperdimensional Interface That Will Be Able to Manifest From Three-Minute Interchanges release window,presence,,added,announced_product_window,New event entered the live dataset
2026-08-20,event,added,Recur release window,presence,,added,announced_product_window,New event entered the live dataset
2026-08-20,event,added,Steampunk Shinobi release window,presence,,added,announced_product_window,New event entered the live dataset
2026-08-20,event,added,"WIN, PSVR, Quest release window",presence,,added,announced_product_window,New event entered the live dataset
2026-08-20,event,added,Fire Emblem: Path of Radiance release window,presence,,added,announced_product_window,New event entered the live dataset
2026-08-20,event,added,Big Hops release window,presence,,added,announced_product_window,New event entered the live dataset
2026-08-20,event,added,Quarantine Zone: The Last Check release window,presence,,added,announced_product_window,New event entered the live dataset
2026-08-20,event,added,Animal Crossing: New Horizons – Nintendo Switch 2 Edition release window,presence,,added,announced_product_window,New event entered the live dataset
2026-08-20,event,added,Oh Demon! Fix My TV release window,presence,,added,announced_product_window,New event entered the live dataset
2026-08-20,event,added,BrokenLore: Unfollow release window,presence,,added,announced_product_window,New event entered the live dataset
2026-08-20,event,added,2XKO release window,presence,,added,announced_product_window,New event entered the live dataset
2026-08-20,event,added,DragonSword (KR) release window,presence,,added,announced_product_window,New event entered the live dataset
2026-08-20,event,added,Cult of the Lamb: Woolhaven release window,presence,,added,announced_product_window,New event entered the live dataset
2026-08-20,event,added,SEGA Football Club Champions release window,presence,,added,announced_product_window,New event entered the live dataset
2026-08-20,event,added,Telenet release window,presence,,added,announced_product_window,New event entered the live dataset
2026-08-20,event,added,The Rumble Fish 2 – Nintendo Switch 2 Edition release window,presence,,added,announced_product_window,New event entered the live dataset
2026-08-20,event,added,Un:Logical release window,presence,,added,announced_product_window,New event entered the live dataset
2026-08-20,event,added,Fighting Force release window,presence,,added,announced_product_window,New event entered the live dataset
2026-08-20,event,added,Pathologic release window,presence,,added,announced_product_window,New event entered the live dataset
2026-08-20,event,added,Highguard release window,presence,,added,announced_product_window,New event entered the live dataset
2026-08-20,event,added,Viractal release window,presence,,added,announced_product_window,New event entered the live dataset
2026-08-20,event,added,Speedball release window,presence,,added,announced_product_window,New event entered the live dataset
2026-08-20,event,added,Core Keeper – Nintendo Switch 2 Edition release window,presence,,added,announced_product_window,New event entered the live dataset
2026-08-20,event,added,Steel Century Groove release window,presence,,added,announced_product_window,New event entered the live dataset
2026-08-20,event,added,Card-en-Ciel – Nintendo Switch 2 Edition release window,presence,,added,announced_product_window,New event entered the live dataset
2026-08-20,event,added,Chrono Ark Deluxe Edition release window,presence,,added,announced_product_window,New event entered the live dataset
2026-08-20,event,added,City Tales: Medieval Era release window,presence,,added,announced_product_window,New event entered the live dataset
2026-08-20,event,added,Kigetsu no Yoru release window,presence,,added,announced_product_window,New event entered the live dataset
2026-08-20,event,added,Run for Money release window,presence,,added,announced_product_window,New event entered the live dataset
2026-08-20,event,added,Balloon Kid release window,presence,,added,announced_product_window,New event entered the live dataset
2026-08-20,event,added,Opus: Echo of Starsong release window,presence,,added,announced_product_window,New event entered the live dataset
2026-08-20,event,added,Shiren the Wanderer: The Mystery Dungeon of Serpentcoil Island release window,presence,,added,announced_product_window,New event entered the live dataset
2026-08-20,event,added,Yoshi/Mario & Yoshi (Game Boy) release window,presence,,added,announced_product_window,New event entered the live dataset
2026-08-20,event,added,Super Bomberman Collection release window,presence,,added,announced_product_window,New event entered the live dataset
2026-08-20,event,added,Carmageddon release window,presence,,added,announced_product_window,New event entered the live dataset
2026-08-20,event,added,My Hero Academia: All's Justice release window,presence,,added,announced_product_window,New event entered the live dataset
2026-08-20,event,added,World's End Club release window,presence,,added,announced_product_window,New event entered the live dataset
2026-08-20,event,added,Crisol: Theater of Idols release window,presence,,added,announced_product_window,New event entered the live dataset
2026-08-20,event,added,Tokyo Scramble release window,presence,,added,announced_product_window,New event entered the live dataset
2026-08-20,event,added,ChromaGun 2: Dye Hard release window,presence,,added,announced_product_window,New event entered the live dataset
2026-08-20,event,added,Disciples: Domination release window,presence,,added,announced_product_window,New event entered the live dataset
2026-08-20,event,added,God of War: Sons of Sparta release window,presence,,added,announced_product_window,New event entered the live dataset
2026-08-20,event,added,Hakuoki SSL: Sweet School Life release window,presence,,added,announced_product_window,New event entered the live dataset
2026-08-20,event,added,Rayman: 30th Anniversary Edition release window,presence,,added,announced_product_window,New event entered the live dataset
2026-08-20,event,added,Rune Factory: Guardians of Azuma release window,presence,,added,announced_product_window,New event entered the live dataset
2026-08-20,event,added,3D Tetris release window,presence,,added,announced_product_window,New event entered the live dataset
2026-08-20,event,added,Galactic Pinball release window,presence,,added,announced_product_window,New event entered the live dataset
2026-08-20,event,added,Golf (Virtual Boy) release window,presence,,added,announced_product_window,New event entered the live dataset
2026-08-20,event,added,Red Alarm release window,presence,,added,announced_product_window,New event entered the live dataset
2026-08-20,event,added,Teleroboxer release window,presence,,added,announced_product_window,New event entered the live dataset
2026-08-20,event,added,The Mansion of Innsmouth release window,presence,,added,announced_product_window,New event entered the live dataset
2026-08-20,event,added,Virtual Boy Wario Land release window,presence,,added,announced_product_window,New event entered the live dataset
2026-08-20,event,added,Hunter × Hunter: Nen × Survivor release window,presence,,added,announced_product_window,New event entered the live dataset
2026-08-20,event,added,Star Trek: Voyager – Across the Unknown release window,presence,,added,announced_product_window,New event entered the live dataset
2026-08-20,event,added,Earnest Evans release window,presence,,added,announced_product_window,New event entered the live dataset
2026-08-20,event,added,Earnest Evans Collection release window,presence,,added,announced_product_window,New event entered the live dataset
2026-08-20,event,added,Gear.Club Unlimited release window,presence,,added,announced_product_window,New event entered the live dataset
2026-08-20,event,added,Paranormasight: The Mermaid's Curse release window,presence,,added,announced_product_window,New event entered the live dataset
2026-08-20,event,added,Styx: Blades of Greed release window,presence,,added,announced_product_window,New event entered the live dataset
2026-08-20,event,added,WiZmans World release window,presence,,added,announced_product_window,New event entered the live dataset
2026-08-20,event,added,Xenoblade Chronicles X: Definitive Edition – Nintendo Switch 2 Edition release window,presence,,added,announced_product_window,New event entered the live dataset
2026-08-20,event,added,Prize Fighter: Heavyweight Edition release window,presence,,added,announced_product_window,New event entered the live dataset
2026-08-20,event,added,Ys X: Proud Nordics release window,presence,,added,announced_product_window,New event entered the live dataset
2026-08-20,event,added,Tom Clancy's Rainbow Six Mobile release window,presence,,added,announced_product_window,New event entered the live dataset
2026-08-20,event,added,Fallout 4: Anniversary Edition release window,presence,,added,announced_product_window,New event entered the live dataset
2026-08-20,event,added,Daisenryaku release window,presence,,added,announced_product_window,New event entered the live dataset
2026-08-20,event,added,Icarus: Console Edition release window,presence,,added,announced_product_window,New event entered the live dataset
2026-08-20,event,added,Path of Mystery: A Brush with Death release window,presence,,added,announced_product_window,New event entered the live dataset
2026-08-20,event,added,Raiden Fighters release window,presence,,added,announced_product_window,New event entered the live dataset
2026-08-20,event,added,Spellcasters Chronicles release window,presence,,added,announced_product_window,New event entered the live dataset
2026-08-20,event,added,The Fox's Way Home release window,presence,,added,announced_product_window,New event entered the live dataset
2026-08-20,event,added,Fear Effect 2: Retro Helix release window,presence,,added,announced_product_window,New event entered the live dataset
2026-08-20,event,added,Pokémon FireRed and LeafGreen release window,presence,,added,announced_product_window,New event entered the live dataset
2026-08-20,event,added,Resident Evil 7: Biohazard release window,presence,,added,announced_product_window,New event entered the live dataset
2026-08-20,event,added,Resident Evil Village release window,presence,,added,announced_product_window,New event entered the live dataset
2026-08-20,event,added,World of Warcraft: Midnight release window,presence,,added,announced_product_window,New event entered the live dataset
2026-08-20,event,added,Legacy of Kain: Defiance Remastered release window,presence,,added,announced_product_window,New event entered the live dataset
2026-08-20,event,added,BLOKES on BLOCKS! release window,presence,,added,announced_product_window,New event entered the live dataset
2026-08-20,event,added,Oceanhorn release window,presence,,added,announced_product_window,New event entered the live dataset
2026-08-20,event,added,Planet of Lana II: Children of the Leaf release window,presence,,added,announced_product_window,New event entered the live dataset
2026-08-20,event,added,Pokémon Pokopia release window,presence,,added,announced_product_window,New event entered the live dataset
2026-08-20,event,added,Slay the Spire II release window,presence,,added,announced_product_window,New event entered the live dataset
2026-08-20,event,added,Lost & Found Co. release window,presence,,added,announced_product_window,New event entered the live dataset
2026-08-20,event,added,Mario Clash release window,presence,,added,announced_product_window,New event entered the live dataset
2026-08-20,event,added,Mario vs. Donkey Kong release window,presence,,added,announced_product_window,New event entered the live dataset
2026-08-20,event,added,Mario's Tennis release window,presence,,added,announced_product_window,New event entered the live dataset
2026-08-20,event,added,Piece by Piece release window,presence,,added,announced_product_window,New event entered the live dataset
2026-08-20,event,added,Bravely Default: Flying Fairy HD Remaster release window,presence,,added,announced_product_window,New event entered the live dataset
2026-08-20,event,added,Bubblegum Galaxy release window,presence,,added,announced_product_window,New event entered the live dataset
2026-08-20,event,added,Fatal Frame II: Crimson Butterfly Remake release window,presence,,added,announced_product_window,New event entered the live dataset
2026-08-20,event,added,GreedFall 2: The Dying World release window,presence,,added,announced_product_window,New event entered the live dataset
2026-08-20,event,added,RoadOut release window,presence,,added,announced_product_window,New event entered the live dataset
2026-08-20,event,added,Tomb Raider I–III Remastered release window,presence,,added,announced_product_window,New event entered the live dataset
2026-08-20,event,added,Monster Hunter Stories 3: Twisted Reflection release window,presence,,added,announced_product_window,New event entered the live dataset
2026-08-20,event,added,Gnosia release window,presence,,added,announced_product_window,New event entered the live dataset
2026-08-20,event,added,Starship Troopers: Ultimate Bug War! release window,presence,,added,announced_product_window,New event entered the live dataset
2026-08-20,event,added,Fallen Tear: The Ascension release window,presence,,added,announced_product_window,New event entered the live dataset
2026-08-20,event,added,Pokémon XD: Gale of Darkness release window,presence,,added,announced_product_window,New event entered the live dataset
2026-08-20,event,added,Öoo release window,presence,,added,announced_product_window,New event entered the live dataset
2026-08-20,event,added,Human: Fall Flat – Nintendo Switch 2 Edition release window,presence,,added,announced_product_window,New event entered the live dataset
2026-08-20,event,added,Rushing Beat X: Return of Brawl Brothers release window,presence,,added,announced_product_window,New event entered the live dataset
2026-08-20,event,added,Star Savior release window,presence,,added,announced_product_window,New event entered the live dataset
2026-08-20,event,added,The Little Tomb: The Maholova Club and the Search for a Dead Body release window,presence,,added,announced_product_window,New event entered the live dataset
2026-08-20,event,added,Virtual Ties: Isekaijoucho Musoukyoku release window,presence,,added,announced_product_window,New event entered the live dataset
2026-08-20,event,added,The Seven Deadly Sins: Origin release window,presence,,added,announced_product_window,New event entered the live dataset
2026-08-20,event,added,Dissidia Duellum Final Fantasy release window,presence,,added,announced_product_window,New event entered the live dataset
2026-08-20,event,added,Damon and Baby release window,presence,,added,announced_product_window,New event entered the live dataset
2026-08-20,event,added,Cookie Run: OvenSmash release window,presence,,added,announced_product_window,New event entered the live dataset
2026-08-20,event,added,Curse Warrior release window,presence,,added,announced_product_window,New event entered the live dataset
2026-08-20,event,added,Etrange Overlord release window,presence,,added,announced_product_window,New event entered the live dataset
2026-08-20,event,added,Hyperdevotion Noire: Goddess Black Heart release window,presence,,added,announced_product_window,New event entered the live dataset
2026-08-20,event,added,Kena: Bridge of Spirits release window,presence,,added,announced_product_window,New event entered the live dataset
2026-08-20,event,added,Life Is Strange: Reunion release window,presence,,added,announced_product_window,New event entered the live dataset
2026-08-20,event,added,Neopets release window,presence,,added,announced_product_window,New event entered the live dataset
2026-08-20,event,added,Nutmeg! release window,presence,,added,announced_product_window,New event entered the live dataset
2026-08-20,event,added,Okayu release window,presence,,added,announced_product_window,New event entered the live dataset
2026-08-20,event,added,Otome Daoshi: Fighting for Love release window,presence,,added,announced_product_window,New event entered the live dataset
2026-08-20,event,added,Super Mario Bros. Wonder – Nintendo Switch 2 Edition + Meetup in Bellabel Park release window,presence,,added,announced_product_window,New event entered the live dataset
2026-08-20,event,added,Taito Milestones release window,presence,,added,announced_product_window,New event entered the live dataset
2026-08-20,event,added,Virtua Fighter 5 R.E.V.O. World Stage release window,presence,,added,announced_product_window,New event entered the live dataset
2026-08-20,event,added,Winning Post release window,presence,,added,announced_product_window,New event entered the live dataset
2026-08-20,event,added,goHELLgo Gou: Tsukiotoshitego release window,presence,,added,announced_product_window,New event entered the live dataset
2026-08-20,event,added,Legacy of Kain: Ascendance release window,presence,,added,announced_product_window,New event entered the live dataset
2026-08-20,event,added,Raccoin: Coin Pusher Roguelike release window,presence,,added,announced_product_window,New event entered the live dataset
2026-08-20,event,added,Sprint City release window,presence,,added,announced_product_window,New event entered the live dataset
2026-08-20,event,added,Morkull Ascend to the Gods release window,presence,,added,announced_product_window,New event entered the live dataset
2026-08-20,event,added,Motionrec release window,presence,,added,announced_product_window,New event entered the live dataset
2026-08-20,event,added,Temtem: Swarm release window,presence,,added,announced_product_window,New event entered the live dataset
2026-08-20,event,added,Sigma Star Saga DX release window,presence,,added,announced_product_window,New event entered the live dataset
2026-08-20,event,added,Samson: A Tyndalston Story release window,presence,,added,announced_product_window,New event entered the live dataset
2026-08-20,event,added,Beyond Words release window,presence,,added,announced_product_window,New event entered the live dataset
2026-08-20,event,added,Memories Off Sousou: Break out of my shell release window,presence,,added,announced_product_window,New event entered the live dataset
2026-08-20,event,added,Rose Guns Days Season 1 release window,presence,,added,announced_product_window,New event entered the live dataset
2026-08-20,event,added,Dosa Divas: One Last Meal release window,presence,,added,announced_product_window,New event entered the live dataset
2026-08-20,event,added,Bunny Garden 2 release window,presence,,added,announced_product_window,New event entered the live dataset
2026-08-20,event,added,Cthulhu: The Cosmic Abyss release window,presence,,added,announced_product_window,New event entered the live dataset
2026-08-20,event,added,Mouse: P.I. for Hire release window,presence,,added,announced_product_window,New event entered the live dataset
2026-08-20,event,added,Opus release window,presence,,added,announced_product_window,New event entered the live dataset
2026-08-20,event,added,Smash It Wild release window,presence,,added,announced_product_window,New event entered the live dataset
2026-08-20,event,added,Honor of Kings: World release window,presence,,added,announced_product_window,New event entered the live dataset
2026-08-20,event,added,Albion Online release window,presence,,added,announced_product_window,New event entered the live dataset
2026-08-20,event,added,Dragon Quest Smash/Grow release window,presence,,added,announced_product_window,New event entered the live dataset
2026-08-20,event,added,Vampire Crawlers: The Turbo Wildcard from Vampire Survivors release window,presence,,added,announced_product_window,New event entered the live dataset
2026-08-20,event,added,Aquanaut's Holiday release window,presence,,added,announced_product_window,New event entered the live dataset
2026-08-20,event,added,Card & Casino release window,presence,,added,announced_product_window,New event entered the live dataset
2026-08-20,event,added,Castle of Shikigami 3 release window,presence,,added,announced_product_window,New event entered the live dataset
2026-08-20,event,added,Elminage ORIGINAL: Priestess of Darkness and The Ring of the Gods release window,presence,,added,announced_product_window,New event entered the live dataset
2026-08-20,event,added,Kingdom's Return: Time-Eating Fruit and the Ancient Monster release window,presence,,added,announced_product_window,New event entered the live dataset
2026-08-20,event,added,Lorelei and the Laser Eyes – Nintendo Switch 2 Edition release window,presence,,added,announced_product_window,New event entered the live dataset
2026-08-20,event,added,Matsurika no Kei -kEi- Tenmei Kashokuden release window,presence,,added,announced_product_window,New event entered the live dataset
2026-08-20,event,added,Nagi no Koi release window,presence,,added,announced_product_window,New event entered the live dataset
2026-08-20,event,added,Sayonara Wild Hearts – Nintendo Switch 2 Edition release window,presence,,added,announced_product_window,New event entered the live dataset
2026-08-20,event,added,Sudden Strike release window,presence,,added,announced_product_window,New event entered the live dataset
2026-08-20,event,added,Titanium Court release window,presence,,added,announced_product_window,New event entered the live dataset
2026-08-20,event,added,Snap & Grab release window,presence,,added,announced_product_window,New event entered the live dataset
2026-08-20,event,added,Traysia release window,presence,,added,announced_product_window,New event entered the live dataset
2026-08-20,event,added,Flock Around release window,presence,,added,announced_product_window,New event entered the live dataset
2026-08-20,event,added,Moomintroll: Winter's Warmth release window,presence,,added,announced_product_window,New event entered the live dataset
2026-08-20,event,added,Diablo IV: Lord of Hatred release window,presence,,added,announced_product_window,New event entered the live dataset
2026-08-20,event,added,Ys Memoire: Revelations in Celceta release window,presence,,added,announced_product_window,New event entered the live dataset
2026-08-20,event,added,Perennial Dusk: Kinsenka release window,presence,,added,announced_product_window,New event entered the live dataset
2026-08-20,event,added,R-Type DX release window,presence,,added,announced_product_window,New event entered the live dataset
2026-08-20,event,added,Shinigami Hime to Ishokan no Kaibutsu release window,presence,,added,announced_product_window,New event entered the live dataset
2026-08-20,event,added,The Coma release window,presence,,added,announced_product_window,New event entered the live dataset
2026-08-20,event,added,inKONBINI: One Store. Many Stories release window,presence,,added,announced_product_window,New event entered the live dataset
2026-08-20,event,added,Bow-wow Battle release window,presence,,added,announced_product_window,New event entered the live dataset
2026-08-20,event,added,Haneda Girl release window,presence,,added,announced_product_window,New event entered the live dataset
2026-08-20,event,added,Battlestar Galactica release window,presence,,added,announced_product_window,New event entered the live dataset
2026-08-20,event,added,OCTOPinbs release window,presence,,added,announced_product_window,New event entered the live dataset
2026-08-20,event,added,Call of the Elder Gods release window,presence,,added,announced_product_window,New event entered the live dataset
2026-08-20,event,added,Jack Bros. release window,presence,,added,announced_product_window,New event entered the live dataset
2026-08-20,event,added,Perfect Tides: Station to Station release window,presence,,added,announced_product_window,New event entered the live dataset
2026-08-20,event,added,Space Invaders Virtual Collection release window,presence,,added,announced_product_window,New event entered the live dataset
2026-08-20,event,added,Söldner-X 2: Final Prototype Definitive Edition release window,presence,,added,announced_product_window,New event entered the live dataset
2026-08-20,event,added,V-Tetris release window,presence,,added,announced_product_window,New event entered the live dataset
2026-08-20,event,added,Vertical Force release window,presence,,added,announced_product_window,New event entered the live dataset
2026-08-20,event,added,Virtual Bowling release window,presence,,added,announced_product_window,New event entered the live dataset
2026-08-20,event,added,Virtual Fishing release window,presence,,added,announced_product_window,New event entered the live dataset
2026-08-20,event,added,Darksiders: Warmastered Edition release window,presence,,added,announced_product_window,New event entered the live dataset
2026-08-20,event,added,R-Type Dimensions III release window,presence,,added,announced_product_window,New event entered the live dataset
2026-08-20,event,added,FZ: Formation Z release window,presence,,added,announced_product_window,New event entered the live dataset
2026-08-20,event,added,King of Tokyo release window,presence,,added,announced_product_window,New event entered the live dataset
2026-08-20,event,added,Psyvariar 3 release window,presence,,added,announced_product_window,New event entered the live dataset
2026-08-20,event,added,Q Collection release window,presence,,added,announced_product_window,New event entered the live dataset
2026-08-20,event,added,Zero Parades: For Dead Spies release window,presence,,added,announced_product_window,New event entered the live dataset
2026-08-20,event,added,Lego Batman: Legacy of the Dark Knight release window,presence,,added,announced_product_window,New event entered the live dataset
2026-08-20,event,added,Rugrats: Retro Rewind Collection release window,presence,,added,announced_product_window,New event entered the live dataset
2026-08-20,event,added,Tales of Arise: Beyond the Dawn Edition release window,presence,,added,announced_product_window,New event entered the live dataset
2026-08-20,event,added,LumenTale: Memories of Trey release window,presence,,added,announced_product_window,New event entered the live dataset
2026-08-20,event,added,MLB The Show release window,presence,,added,announced_product_window,New event entered the live dataset
2026-08-20,event,added,World of Tanks release window,presence,,added,announced_product_window,New event entered the live dataset
2026-08-20,event,added,Poppy Playtime: Chapter 5 release window,presence,,added,announced_product_window,New event entered the live dataset
2026-08-20,event,added,Bluey's Quest for the Gold Pen release window,presence,,added,announced_product_window,New event entered the live dataset
2026-08-20,event,added,Clockfall release window,presence,,added,announced_product_window,New event entered the live dataset
2026-08-20,event,added,Demon Kill Demon: Yomi 1984 release window,presence,,added,announced_product_window,New event entered the live dataset
2026-08-20,event,added,Lollipop Chainsaw RePOP – Nintendo Switch 2 Edition release window,presence,,added,announced_product_window,New event entered the live dataset
2026-08-20,event,added,Monochrome Mobius: Rights and Wrongs Forgotten release window,presence,,added,announced_product_window,New event entered the live dataset
2026-08-20,event,added,Schrödinger's Call release window,presence,,added,announced_product_window,New event entered the live dataset
2026-08-20,event,added,Stardust: Wish of Witch release window,presence,,added,announced_product_window,New event entered the live dataset
2026-08-20,event,added,Touhou Yukkuri Mountain release window,presence,,added,announced_product_window,New event entered the live dataset
2026-08-20,event,added,Utawarerumono release window,presence,,added,announced_product_window,New event entered the live dataset
2026-08-20,event,added,System Shock 2: 25th Anniversary Remaster release window,presence,,added,announced_product_window,New event entered the live dataset
2026-08-20,event,added,A-Train 9 Evolution release window,presence,,added,announced_product_window,New event entered the live dataset
2026-08-20,event,added,Crazy Cha!n: Elpis no Kusari release window,presence,,added,announced_product_window,New event entered the live dataset
2026-08-20,event,added,Donkey Kong 64 release window,presence,,added,announced_product_window,New event entered the live dataset
2026-08-20,event,added,Goals release window,presence,,added,announced_product_window,New event entered the live dataset
2026-08-20,event,added,River City Saga release window,presence,,added,announced_product_window,New event entered the live dataset
2026-08-20,event,added,Tetris the Grandmaster 4: Absolute Eye release window,presence,,added,announced_product_window,New event entered the live dataset
2026-08-20,event,added,Tetris: The Grand Master 4 – Absolute Eye release window,presence,,added,announced_product_window,New event entered the live dataset
2026-08-20,event,added,2 Fights in 2 Tight Spaces release window,presence,,added,announced_product_window,New event entered the live dataset
2026-08-20,event,added,Descent release window,presence,,added,announced_product_window,New event entered the live dataset
2026-08-20,event,added,Where Winds Meet release window,presence,,added,announced_product_window,New event entered the live dataset
2026-08-20,event,added,Inazuma Eleven release window,presence,,added,announced_product_window,New event entered the live dataset
2026-08-20,event,added,Rise of the Tomb Raider: 20 Year Celebration release window,presence,,added,announced_product_window,New event entered the live dataset
2026-08-20,event,added,Thomas & Friends: Wonders of Sodor release window,presence,,added,announced_product_window,New event entered the live dataset
2026-08-20,event,added,Xenoblade Chronicles: Definitive Edition – Nintendo Switch 2 Edition release window,presence,,added,announced_product_window,New event entered the live dataset
2026-08-20,event,added,Beatdown City Survivors release window,presence,,added,announced_product_window,New event entered the live dataset
2026-08-20,event,added,FIFA World Cup: Launch Edition release window,presence,,added,announced_product_window,New event entered the live dataset
2026-08-20,event,added,Powerful Pro Baseball 2026-2027 release window,presence,,added,announced_product_window,New event entered the live dataset
2026-08-20,event,added,Unrailed 2: Back on Track release window,presence,,added,announced_product_window,New event entered the live dataset
2026-08-20,event,added,Pokémon Champions release window,presence,,added,announced_product_window,New event entered the live dataset
2026-08-20,event,added,Observer: System Redux release window,presence,,added,announced_product_window,New event entered the live dataset
2026-08-20,event,added,Soccer Kid release window,presence,,added,announced_product_window,New event entered the live dataset
2026-08-20,event,added,The Adventures of Elliot: The Millennium Tales release window,presence,,added,announced_product_window,New event entered the live dataset
2026-08-20,event,added,UsoNatsu: The Summer Romance Bloomed From A Lie release window,presence,,added,announced_product_window,New event entered the live dataset
2026-08-20,event,added,and Roger release window,presence,,added,announced_product_window,New event entered the live dataset
2026-08-20,event,added,EA Sports UFC 6 release window,presence,,added,announced_product_window,New event entered the live dataset
2026-08-20,event,added,Maseylia: Echoes of the Past release window,presence,,added,announced_product_window,New event entered the live dataset
2026-08-20,event,added,SAND: Raiders of Sophie release window,presence,,added,announced_product_window,New event entered the live dataset
2026-08-20,event,added,Devil May Cry 5: Devil Hunter Edition release window,presence,,added,announced_product_window,New event entered the live dataset
2026-08-20,event,added,Sonic Frontiers: Definitive Edition release window,presence,,added,announced_product_window,New event entered the live dataset
2026-08-20,event,added,Deltarune: Chapter 5 release window,presence,,added,announced_product_window,New event entered the live dataset
2026-08-20,event,added,Catto's Post Office release window,presence,,added,announced_product_window,New event entered the live dataset
2026-08-20,event,added,Namco release window,presence,,added,announced_product_window,New event entered the live dataset
2026-08-20,event,added,Villion: Code release window,presence,,added,announced_product_window,New event entered the live dataset
2026-08-20,event,added,Ninja Master's release window,presence,,added,announced_product_window,New event entered the live dataset
2026-08-20,event,added,Dokapon 3-2-1 release window,presence,,added,announced_product_window,New event entered the live dataset
2026-08-20,event,added,Q3 release window,presence,,added,announced_product_window,New event entered the live dataset
2026-08-20,event,added,Q3/Q4 release window,presence,,added,announced_product_window,New event entered the live dataset
2026-08-20,event,added,Ganbare Goemon release window,presence,,added,announced_product_window,New event entered the live dataset
2026-08-20,event,added,XeGrader plus release window,presence,,added,announced_product_window,New event entered the live dataset
2026-08-20,event,added,Dr. Mario & Puzzle League release window,presence,,added,announced_product_window,New event entered the live dataset
2026-08-20,event,added,Fortified Zone release window,presence,,added,announced_product_window,New event entered the live dataset
2026-08-20,event,added,The Sword of Hope release window,presence,,added,announced_product_window,New event entered the live dataset
2026-08-20,event,added,Wario Land: Super Mario Land 3 release window,presence,,added,announced_product_window,New event entered the live dataset
2026-08-20,event,added,Call of Duty: Black Ops release window,presence,,added,announced_product_window,New event entered the live dataset
2026-08-20,event,added,Call of Duty: Black Ops II release window,presence,,added,announced_product_window,New event entered the live dataset
2026-08-20,event,added,EA Sports College Football release window,presence,,added,announced_product_window,New event entered the live dataset
2026-08-20,event,added,Granblue Fantasy: Relink release window,presence,,added,announced_product_window,New event entered the live dataset
2026-08-20,event,added,Gunvolt Chronicles: Luminous Avenger iX release window,presence,,added,announced_product_window,New event entered the live dataset
2026-08-20,event,added,Magical Girl Witch Trials release window,presence,,added,announced_product_window,New event entered the live dataset
2026-08-20,event,added,Tokyo Valkyries release window,presence,,added,announced_product_window,New event entered the live dataset
2026-08-20,event,added,Digimon Story: Time Stranger release window,presence,,added,announced_product_window,New event entered the live dataset
2026-08-20,event,added,Wuthering Waves release window,presence,,added,announced_product_window,New event entered the live dataset
2026-08-20,event,added,Octopath Traveler II release window,presence,,added,announced_product_window,New event entered the live dataset
2026-08-20,event,added,Digimon UP release window,presence,,added,announced_product_window,New event entered the live dataset
2026-08-20,event,added,Full Stride release window,presence,,added,announced_product_window,New event entered the live dataset
2026-08-20,event,added,K-pop Idol Stories: Road to Debut release window,presence,,added,announced_product_window,New event entered the live dataset
2026-08-20,event,added,Kyoto Xanadu release window,presence,,added,announced_product_window,New event entered the live dataset
2026-08-20,event,added,Moss: The Forgotten Relic release window,presence,,added,announced_product_window,New event entered the live dataset
2026-08-20,event,added,eBaseball: Pro Spirit 2026 release window,presence,,added,announced_product_window,New event entered the live dataset
2026-08-20,event,added,Avatar Legends: The Fighting Game release window,presence,,added,announced_product_window,New event entered the live dataset
2026-08-20,event,added,Dodo Duckie! release window,presence,,added,announced_product_window,New event entered the live dataset
2026-08-20,event,added,DragonSword: Awakening release window,presence,,added,announced_product_window,New event entered the live dataset
2026-08-20,event,added,Hard Edge release window,presence,,added,announced_product_window,New event entered the live dataset
2026-08-20,event,added,Hololive Dreams release window,presence,,added,announced_product_window,New event entered the live dataset
2026-08-20,event,added,Staffer Retro: A Supernatural Mystery Quest release window,presence,,added,announced_product_window,New event entered the live dataset
2026-08-20,event,added,The Angel Next Door Spoils Me Rotten release window,presence,,added,announced_product_window,New event entered the live dataset
2026-08-20,event,added,Valkyrie Tune: Synthesis of Souls release window,presence,,added,announced_product_window,New event entered the live dataset
2026-08-20,event,added,An Eggstremely Hard Game release window,presence,,added,announced_product_window,New event entered the live dataset
2026-08-20,event,added,Kazuma Kaneko's Tsukuyomi release window,presence,,added,announced_product_window,New event entered the live dataset
2026-08-20,event,added,Suika Game Planet release window,presence,,added,announced_product_window,New event entered the live dataset
2026-08-20,event,added,Dystopicon release window,presence,,added,announced_product_window,New event entered the live dataset
2026-08-20,event,added,EverQuest release window,presence,,added,announced_product_window,New event entered the live dataset
2026-08-20,event,added,Gothic Classic release window,presence,,added,announced_product_window,New event entered the live dataset
2026-08-20,event,added,Halo: Campaign Evolved release window,presence,,added,announced_product_window,New event entered the live dataset
2026-08-20,event,added,Harvest Moon: The Lost Valley release window,presence,,added,announced_product_window,New event entered the live dataset
2026-08-20,event,added,Aretha release window,presence,,added,announced_product_window,New event entered the live dataset
2026-08-20,event,added,Culdcept The First release window,presence,,added,announced_product_window,New event entered the live dataset
2026-08-20,event,added,Fantasy Maiden Wars: Dream of the Stray Dreamer release window,presence,,added,announced_product_window,New event entered the live dataset
2026-08-20,event,added,Kinki Spiritual Affairs Bureau release window,presence,,added,announced_product_window,New event entered the live dataset
2026-08-20,event,added,Rose Guns Days Season 2 release window,presence,,added,announced_product_window,New event entered the live dataset
2026-08-20,event,added,Signy & Mino: Against All Gods release window,presence,,added,announced_product_window,New event entered the live dataset
2026-08-20,event,added,Sponge Break release window,presence,,added,announced_product_window,New event entered the live dataset
2026-08-20,event,added,Turnip Mountain release window,presence,,added,announced_product_window,New event entered the live dataset
2026-08-20,event,added,Verho: Curse of Faces release window,presence,,added,announced_product_window,New event entered the live dataset
2026-08-20,event,added,Xenoblade Chronicles 2 – Nintendo Switch 2 Edition release window,presence,,added,announced_product_window,New event entered the live dataset
2026-08-20,event,added,Batman: Caped Crusader release window,presence,,added,announced_product_window,New event entered the live dataset
2026-08-20,event,added,Dragon Hopper release window,presence,,added,announced_product_window,New event entered the live dataset
2026-08-20,event,added,Final Fantasy XIV release window,presence,,added,announced_product_window,New event entered the live dataset
2026-08-20,event,added,Zero Racers release window,presence,,added,announced_product_window,New event entered the live dataset
2026-08-20,event,added,Lost & Found: A This Bed We Made Story release window,presence,,added,announced_product_window,New event entered the live dataset
2026-08-20,event,added,Ao Oni release window,presence,,added,announced_product_window,New event entered the live dataset
2026-08-20,event,added,Changeable Guardian Estique release window,presence,,added,announced_product_window,New event entered the live dataset
2026-08-20,event,added,Cotton Rock with You: Oriental Night Dreams release window,presence,,added,announced_product_window,New event entered the live dataset
2026-08-20,event,added,Iron Nest release window,presence,,added,announced_product_window,New event entered the live dataset
2026-08-20,event,added,Marvel Tokon: Fighting Souls release window,presence,,added,announced_product_window,New event entered the live dataset
2026-08-20,event,added,ReStory: Chill Electronics Repairs release window,presence,,added,announced_product_window,New event entered the live dataset
2026-08-20,event,added,Tensei Game: Karma x Cross release window,presence,,added,announced_product_window,New event entered the live dataset
2026-08-20,event,added,Expeditions: Samurai release window,presence,,added,announced_product_window,New event entered the live dataset
2026-08-20,event,added,Suikoden: Star Leap release window,presence,,added,announced_product_window,New event entered the live dataset
2026-08-20,event,added,1998: The Toll Keeper Story release window,presence,,added,announced_product_window,New event entered the live dataset
2026-08-20,event,added,Dungeon of Dragon Knight Remake release window,presence,,added,announced_product_window,New event entered the live dataset
2026-08-20,event,added,Knytt release window,presence,,added,announced_product_window,New event entered the live dataset
2026-08-20,event,added,Sacred 2: Fallen Angel Remaster release window,presence,,added,announced_product_window,New event entered the live dataset
2026-08-20,event,added,The Elder Scrolls IV: Oblivion Remastered release window,presence,,added,announced_product_window,New event entered the live dataset
2026-08-20,event,added,The Lord of the Rings: War in the North release window,presence,,added,announced_product_window,New event entered the live dataset
2026-08-20,event,added,Agefield High: Rock the School release window,presence,,added,announced_product_window,New event entered the live dataset
2026-08-20,event,added,Finding Polka release window,presence,,added,announced_product_window,New event entered the live dataset
2026-08-20,event,added,BlazBlue Entropy Effect X – Nintendo Switch 2 Edition release window,presence,,added,announced_product_window,New event entered the live dataset
2026-08-20,event,added,Dash'n'Drops release window,presence,,added,announced_product_window,New event entered the live dataset
2026-08-20,event,added,Defender of the Crown release window,presence,,added,announced_product_window,New event entered the live dataset
2026-08-20,event,added,Hell Let Loose: Vietnam release window,presence,,added,announced_product_window,New event entered the live dataset
2026-08-20,event,added,IGS release window,presence,,added,announced_product_window,New event entered the live dataset
2026-08-20,event,added,Panzer Knights: Commander’s Edition release window,presence,,added,announced_product_window,New event entered the live dataset
2026-08-20,event,added,Super Mario Sunshine release window,presence,,added,announced_product_window,New event entered the live dataset
2026-08-20,event,added,Mafia: The Old Country — Man of Honor release window,presence,,added,announced_product_window,New event entered the live dataset
2026-08-20,event,added,Platonica Space release window,presence,,added,announced_product_window,New event entered the live dataset
2026-08-20,event,added,Gobliiins release window,presence,,added,announced_product_window,New event entered the live dataset
2026-08-20,event,added,Dungeon Antiqua 2 release window,presence,,added,announced_product_window,New event entered the live dataset
2026-08-20,event,added,Mexican Ninja release window,presence,,added,announced_product_window,New event entered the live dataset
2026-08-20,event,added,Mortal Shell II release window,presence,,added,announced_product_window,New event entered the live dataset
2026-08-20,event,added,Over Requiemz release window,presence,,added,announced_product_window,New event entered the live dataset
2026-08-20,event,added,Pipistrello and the Cursed Yoyo release window,presence,,added,announced_product_window,New event entered the live dataset
2026-08-20,event,added,S.T.A.L.K.E.R. 2: Cost of Hope release window,presence,,added,announced_product_window,New event entered the live dataset
2026-08-20,event,added,Cozy Marbles release window,presence,,added,announced_product_window,New event entered the live dataset
2026-08-20,event,added,Gallipoli release window,presence,,added,announced_product_window,New event entered the live dataset
2026-08-20,event,added,Aliens: Fireteam Elite 2 release window,presence,,added,announced_product_window,New event entered the live dataset
2026-08-20,event,added,Apidya' Special release window,presence,,added,announced_product_window,New event entered the live dataset
2026-08-20,event,added,Blood Dungeon release window,presence,,added,announced_product_window,New event entered the live dataset
2026-08-20,event,added,Once Human release window,presence,,added,announced_product_window,New event entered the live dataset
2026-08-20,event,added,Aggelos II release window,presence,,added,announced_product_window,New event entered the live dataset
2026-08-20,event,added,Brigandine: Abyss release window,presence,,added,announced_product_window,New event entered the live dataset
2026-08-20,event,added,Hakuoki Ibun: Berezinskii no Majo release window,presence,,added,announced_product_window,New event entered the live dataset
2026-08-20,event,added,Kalanoro release window,presence,,added,announced_product_window,New event entered the live dataset
2026-08-20,event,added,Metal Gear Solid: Master Collection Vol. 2 release window,presence,,added,announced_product_window,New event entered the live dataset
2026-08-20,event,added,Mind Diver release window,presence,,added,announced_product_window,New event entered the live dataset
2026-08-20,event,added,Model Debut4 release window,presence,,added,announced_product_window,New event entered the live dataset
2026-08-20,event,added,Neptunia release window,presence,,added,announced_product_window,New event entered the live dataset
2026-08-20,event,added,Resonance: A Plague Tale Legacy release window,presence,,added,announced_product_window,New event entered the live dataset
2026-08-20,event,added,Lou's Lagoon release window,presence,,added,announced_product_window,New event entered the live dataset
2026-08-20,event,added,STAR WARS Zero Company release window,presence,,added,announced_product_window,New event entered the live dataset
2026-08-20,event,added,Captain Tsubasa release window,presence,,added,announced_product_window,New event entered the live dataset
2026-08-20,event,added,ELDEN RING Tarnished Edition release window,presence,,added,announced_product_window,New event entered the live dataset
2026-08-20,event,added,Serious Sam: Shatterverse release window,presence,,added,announced_product_window,New event entered the live dataset
2026-08-20,event,added,Aerial_Knight's MrFreezy release window,presence,,added,announced_product_window,New event entered the live dataset
2026-08-20,event,added,Aion release window,presence,,added,announced_product_window,New event entered the live dataset
2026-08-20,event,added,Path of Mystery release window,presence,,added,announced_product_window,New event entered the live dataset
2026-08-20,event,added,The Guild: Europe 1410 release window,presence,,added,announced_product_window,New event entered the live dataset
2026-08-20,event,added,Magical Blush release window,presence,,added,announced_product_window,New event entered the live dataset
2026-08-20,event,added,Emery Hearts release window,presence,,added,announced_product_window,New event entered the live dataset
2026-08-20,event,added,Moonlighter 2: The Endless Vault release window,presence,,added,announced_product_window,New event entered the live dataset
2026-08-20,event,added,Wo Long: Fallen Dynasty release window,presence,,added,announced_product_window,New event entered the live dataset
2026-08-20,event,added,BioEden release window,presence,,added,announced_product_window,New event entered the live dataset
2026-08-20,event,added,Orbitals release window,presence,,added,announced_product_window,New event entered the live dataset
2026-08-20,event,added,The Blood of Dawnwalker release window,presence,,added,announced_product_window,New event entered the live dataset
2026-08-20,event,added,Isle of Reveries release window,presence,,added,announced_product_window,New event entered the live dataset
2026-08-20,event,added,Onimusha: Way of the Sword release window,presence,,added,announced_product_window,New event entered the live dataset
2026-08-20,event,added,Phantom of Inferno release window,presence,,added,announced_product_window,New event entered the live dataset
2026-08-20,event,added,WheelMates release window,presence,,added,announced_product_window,New event entered the live dataset
2026-08-20,event,added,Culdcept The First Saturn Tribute release window,presence,,added,announced_product_window,New event entered the live dataset
2026-08-20,event,added,Halloween: The Game release window,presence,,added,announced_product_window,New event entered the live dataset
2026-08-20,event,added,Sprawl Zero release window,presence,,added,announced_product_window,New event entered the live dataset
2026-08-20,event,added,In Falsus release window,presence,,added,announced_product_window,New event entered the live dataset
2026-08-20,event,added,BrokenLore: Don't Lie release window,presence,,added,announced_product_window,New event entered the live dataset
2026-08-20,event,added,Dumb Ways to Build release window,presence,,added,announced_product_window,New event entered the live dataset
2026-08-20,event,added,Ex Sanguis release window,presence,,added,announced_product_window,New event entered the live dataset
2026-08-20,event,added,Gakkou de atta Kowai Hanashi release window,presence,,added,announced_product_window,New event entered the live dataset
2026-08-20,event,added,Hazard Pay release window,presence,,added,announced_product_window,New event entered the live dataset
2026-08-20,event,added,Hot Wheels release window,presence,,added,announced_product_window,New event entered the live dataset
2026-08-20,event,added,Takeover 2 release window,presence,,added,announced_product_window,New event entered the live dataset
2026-08-20,event,added,The Alighieri Circle: Dante's Bloodline release window,presence,,added,announced_product_window,New event entered the live dataset
2026-08-20,event,added,Touhou Koumakyou: New Classic ~ The Embodiment of Scarlet Devil release window,presence,,added,announced_product_window,New event entered the live dataset
2026-08-20,event,added,Tsukikomori release window,presence,,added,announced_product_window,New event entered the live dataset
2026-08-20,event,added,Screenbound release window,presence,,added,announced_product_window,New event entered the live dataset
2026-08-20,event,added,Destroy All Humans! 2: Reprobed release window,presence,,added,announced_product_window,New event entered the live dataset
2026-08-20,event,added,Fright Train release window,presence,,added,announced_product_window,New event entered the live dataset
2026-08-20,event,added,RuneScape release window,presence,,added,announced_product_window,New event entered the live dataset
2026-08-20,event,added,Aniimo release window,presence,,added,announced_product_window,New event entered the live dataset
2026-08-20,event,added,Monowave release window,presence,,added,announced_product_window,New event entered the live dataset
2026-08-20,event,added,Roman Sands RE:Build release window,presence,,added,announced_product_window,New event entered the live dataset
2026-08-20,event,added,Two Point Hospital: Full Health Collection release window,presence,,added,announced_product_window,New event entered the live dataset
2026-08-20,event,added,Another Eden Begins release window,presence,,added,announced_product_window,New event entered the live dataset
2026-08-20,event,added,Akiba Lost release window,presence,,added,announced_product_window,New event entered the live dataset
2026-08-20,event,added,Fire Emblem: Fortune's Weave release window,presence,,added,announced_product_window,New event entered the live dataset
2026-08-20,event,added,Granblue Fantasy Versus: Rising release window,presence,,added,announced_product_window,New event entered the live dataset
2026-08-20,event,added,Patlabor: The Case Files release window,presence,,added,announced_product_window,New event entered the live dataset
2026-08-20,event,added,Rizz Dungeon: Skeleton Key to My Heart release window,presence,,added,announced_product_window,New event entered the live dataset
2026-08-20,event,added,Tristia: Chronicles release window,presence,,added,announced_product_window,New event entered the live dataset
2026-08-20,event,added,Sniper Dan release window,presence,,added,announced_product_window,New event entered the live dataset
2026-08-20,event,added,Trails in the Sky 2nd Chapter release window,presence,,added,announced_product_window,New event entered the live dataset
2026-08-20,event,added,The Grinch release window,presence,,added,announced_product_window,New event entered the live dataset
2026-08-20,event,added,The Walking Dead: Streets of Survival release window,presence,,added,announced_product_window,New event entered the live dataset
2026-08-20,event,added,PAPERHEAD release window,presence,,added,announced_product_window,New event entered the live dataset
2026-08-20,event,added,Dune: Awakening release window,presence,,added,announced_product_window,New event entered the live dataset
2026-08-20,event,added,Rivage release window,presence,,added,announced_product_window,New event entered the live dataset
2026-08-20,event,added,Wind Runners release window,presence,,added,announced_product_window,New event entered the live dataset
2026-08-20,event,added,Derby Stallion release window,presence,,added,announced_product_window,New event entered the live dataset
2026-08-20,event,added,Dragon Quest XI S: Echoes of an Elusive Age release window,presence,,added,announced_product_window,New event entered the live dataset
2026-08-20,event,added,Farming Camp release window,presence,,added,announced_product_window,New event entered the live dataset
2026-08-20,event,advanced,Gobble release window,runtime,2027-01-01 → 2027-03-31,2026-09-24 → 2026-10-08,announced_product_window,Event window moved 2027-01-01/2027-03-31 → 2026-09-24/2026-10-08
2026-08-20,event,added,Qliphah in Providence's Shadow release window,presence,,added,announced_product_window,New event entered the live dataset
2026-08-20,event,added,Shinobi: Art of Vengeance release window,presence,,added,announced_product_window,New event entered the live dataset
2026-08-20,event,added,SiN: Reloaded release window,presence,,added,announced_product_window,New event entered the live dataset
2026-08-20,event,added,Silent Hill: Townfall release window,presence,,added,announced_product_window,New event entered the live dataset
2026-08-20,event,added,CONTROL Resonant release window,presence,,added,announced_product_window,New event entered the live dataset
2026-08-20,event,added,Dragon Shelter release window,presence,,added,announced_product_window,New event entered the live dataset
2026-08-20,event,added,Gothic II Complete Classic release window,presence,,added,announced_product_window,New event entered the live dataset
2026-08-20,event,added,TOEM 2 release window,presence,,added,announced_product_window,New event entered the live dataset
2026-08-20,event,added,Nivalis Nights release window,presence,,added,announced_product_window,New event entered the live dataset
2026-08-20,event,added,Songs of Glimmerwick release window,presence,,added,announced_product_window,New event entered the live dataset
2026-08-20,event,added,Minecraft Dungeons II release window,presence,,added,announced_product_window,New event entered the live dataset
2026-08-20,event,added,Augment Protocol release window,presence,,added,announced_product_window,New event entered the live dataset
2026-08-20,event,added,Colorbound release window,presence,,added,announced_product_window,New event entered the live dataset
2026-08-20,event,added,Don't Fret release window,presence,,added,announced_product_window,New event entered the live dataset
2026-08-20,event,added,Dynasty Warriors 3: Complete Edition Remastered release window,presence,,added,announced_product_window,New event entered the live dataset
2026-08-20,event,added,Hubert release window,presence,,added,announced_product_window,New event entered the live dataset
2026-08-20,event,added,MXGP release window,presence,,added,announced_product_window,New event entered the live dataset
2026-08-20,event,added,Muchi Muchi Pork! release window,presence,,added,announced_product_window,New event entered the live dataset
2026-08-20,event,added,Q4 release window,presence,,added,announced_product_window,New event entered the live dataset
2026-08-20,event,added,RetroSpace release window,presence,,added,announced_product_window,New event entered the live dataset
2026-08-20,event,added,End of Abyss release window,presence,,added,announced_product_window,New event entered the live dataset
2026-08-20,event,added,Rayman Legends Retold release window,presence,,added,announced_product_window,New event entered the live dataset
2026-08-20,event,added,Ace Combat 8: Wings of Theve release window,presence,,added,announced_product_window,New event entered the live dataset
2026-08-20,event,added,Magical Craft: My Enchanted Dress Shop release window,presence,,added,announced_product_window,New event entered the live dataset
2026-08-20,event,added,Disney Epic Mickey: Rebrushed release window,presence,,added,announced_product_window,New event entered the live dataset
2026-08-20,event,added,Gears of War: E-Day release window,presence,,added,announced_product_window,New event entered the live dataset
2026-08-20,event,added,Star Wars: Galactic Racer release window,presence,,added,announced_product_window,New event entered the live dataset
2026-08-20,event,added,Boku to Tsuri Nikki release window,presence,,added,announced_product_window,New event entered the live dataset
2026-08-20,event,added,Clive Barker's Hellraiser: Revival release window,presence,,added,announced_product_window,New event entered the live dataset
2026-08-20,event,added,Kingdom Hearts Collection [I ~ III release window,presence,,added,announced_product_window,New event entered the live dataset
2026-08-20,event,added,Order of the Sinking Star release window,presence,,added,announced_product_window,New event entered the live dataset
2026-08-20,event,added,Forever Ago release window,presence,,added,announced_product_window,New event entered the live dataset
2026-08-20,event,added,Silver Pines release window,presence,,added,announced_product_window,New event entered the live dataset
2026-08-20,event,added,Sesame Street release window,presence,,added,announced_product_window,New event entered the live dataset
2026-08-20,event,added,SpongeBob SquarePants: Titans of the Tide release window,presence,,added,announced_product_window,New event entered the live dataset
2026-08-20,event,added,Planet Zoo 2 release window,presence,,added,announced_product_window,New event entered the live dataset
2026-08-20,event,added,Valor Mortis release window,presence,,added,announced_product_window,New event entered the live dataset
2026-08-20,event,advanced,Over The Hill release window,runtime,2027-01-01 → 2027-03-31,2026-10-14 → 2026-10-28,announced_product_window,Event window moved 2027-01-01/2027-03-31 → 2026-10-14/2026-10-28
2026-08-20,event,added,Castlevania: Belmont's Curse release window,presence,,added,announced_product_window,New event entered the live dataset
2026-08-20,event,added,Harvest Moon: Echoes of Teradea release window,presence,,added,announced_product_window,New event entered the live dataset
2026-08-20,event,added,Tormented Souls II release window,presence,,added,announced_product_window,New event entered the live dataset
2026-08-20,event,added,Toy Story 3: Complete Edition release window,presence,,added,announced_product_window,New event entered the live dataset
2026-08-20,event,added,Toy Story: Retro Roundup! release window,presence,,added,announced_product_window,New event entered the live dataset
2026-08-20,event,added,Tales of Eternia Remastered release window,presence,,added,announced_product_window,New event entered the live dataset
2026-08-20,event,added,Tenebris Somnia release window,presence,,added,announced_product_window,New event entered the live dataset
2026-08-20,event,added,Blue Ridge Hunting release window,presence,,added,announced_product_window,New event entered the live dataset
2026-08-20,event,added,Stupid Never Dies release window,presence,,added,announced_product_window,New event entered the live dataset
2026-08-20,event,added,Azure Striker Gunvolt Trilogy Enhanced – Nintendo Switch 2 Edition release window,presence,,added,announced_product_window,New event entered the live dataset
2026-08-20,event,added,Demons' Night Fever release window,presence,,added,announced_product_window,New event entered the live dataset
2026-08-20,event,added,Nintendo Switch Sports Resort release window,presence,,added,announced_product_window,New event entered the live dataset
2026-08-20,event,added,Red Chat Ritual: TSUMIMI TIME release window,presence,,added,announced_product_window,New event entered the live dataset
2026-08-20,event,added,FINAL FANTASY RESONANCE release window,presence,,added,announced_product_window,New event entered the live dataset
2026-08-20,event,added,Call of Duty: Modern Warfare 4 release window,presence,,added,announced_product_window,New event entered the live dataset
2026-08-20,event,added,One Piece: Grand Gourmet release window,presence,,added,announced_product_window,New event entered the live dataset
2026-08-20,event,added,9 R.I.P. sequel release window,presence,,added,announced_product_window,New event entered the live dataset
2026-08-20,event,added,Minecraft: Bedrock Edition release window,presence,,added,announced_product_window,New event entered the live dataset
2026-08-20,event,added,Remothered release window,presence,,added,announced_product_window,New event entered the live dataset
2026-08-20,event,added,Emberville release window,presence,,added,announced_product_window,New event entered the live dataset
2026-08-20,event,added,ANOMALITH release window,presence,,added,announced_product_window,New event entered the live dataset
2026-08-20,event,added,Black Lily’s Tale release window,presence,,added,announced_product_window,New event entered the live dataset
2026-08-20,event,added,Danchi Days release window,presence,,added,announced_product_window,New event entered the live dataset
2026-08-20,event,added,Demon Slayer: Kimetsu no Yaiba – The Hinokami Chronicles 2 – Nintendo Switch 2 Edition release window,presence,,added,announced_product_window,New event entered the live dataset
2026-08-20,event,added,Hello Kitty Party Land release window,presence,,added,announced_product_window,New event entered the live dataset
2026-08-20,event,added,Phantom Blade Zero release window,presence,,added,announced_product_window,New event entered the live dataset
2026-08-20,event,added,The Cat in the Hat release window,presence,,added,announced_product_window,New event entered the live dataset
2026-08-20,event,added,Godzilla: Destroy All Monsters Melee Remastered release window,presence,,added,announced_product_window,New event entered the live dataset
2026-08-20,event,added,Wilderdark release window,presence,,added,announced_product_window,New event entered the live dataset
2026-08-20,event,added,Crymelight release window,presence,,added,announced_product_window,New event entered the live dataset
2026-08-20,event,added,K-POP Rising: Dream to Shine release window,presence,,added,announced_product_window,New event entered the live dataset
2026-08-20,event,added,Wielders of the Essence release window,presence,,added,announced_product_window,New event entered the live dataset
2026-08-20,event,added,Hasbro release window,presence,,added,announced_product_window,New event entered the live dataset
2026-08-20,event,added,Barbie Rewind release window,presence,,added,announced_product_window,New event entered the live dataset
2026-08-20,event,added,Prinny release window,presence,,added,announced_product_window,New event entered the live dataset
2026-08-20,event,added,The Binding of Isaac: Repentance+ release window,presence,,added,announced_product_window,New event entered the live dataset
2026-08-20,event,added,Gothic 3 Classic release window,presence,,added,announced_product_window,New event entered the live dataset
2026-08-20,event,added,Kimiiro Patra IF release window,presence,,added,announced_product_window,New event entered the live dataset
2026-08-20,event,added,Dragon Quest Monsters: The Withered World release window,presence,,added,announced_product_window,New event entered the live dataset
2026-08-20,event,added,SOMBRAS: negative frames release window,presence,,added,announced_product_window,New event entered the live dataset
2026-08-20,event,added,"Warhammer 40,000: Dawn of War IV release window",presence,,added,announced_product_window,New event entered the live dataset
2026-08-20,event,added,Xenoblade Chronicles 3 – Nintendo Switch 2 Edition release window,presence,,added,announced_product_window,New event entered the live dataset
2026-08-20,event,added,Feda: The Emblem of Justice release window,presence,,added,announced_product_window,New event entered the live dataset
2026-08-20,event,added,Ninja Baseball League-Man: Bases Loaded release window,presence,,added,announced_product_window,New event entered the live dataset
2026-08-20,event,added,Uta no Prince-sama release window,presence,,added,announced_product_window,New event entered the live dataset
2026-08-20,event,delayed,Pou 3D,runtime,2025-12-03 → 2025-12-03,2025-12-08 → 2025-12-08,wikidata:video-game-adaptation,Event window moved 2025-12-03/2025-12-03 → 2025-12-08/2025-12-08
2026-08-20,event,removed,GrimKeep release window,presence,present,removed,announced_product_window,Event left the live dataset
2026-08-20,event,removed,Monochrome Echoes: White release window,presence,present,removed,announced_product_window,Event left the live dataset
2026-08-20,event,removed,Rain98 release window,presence,present,removed,announced_product_window,Event left the live dataset
2026-08-20,event,removed,Zaleste release window,presence,present,removed,announced_product_window,Event left the live dataset
2026-08-20,event,removed,The Weeping Swan: Ten Days of the City's Fall release window,presence,present,removed,announced_product_window,Event left the live dataset
2026-08-20,event,removed,Causal Loop release window,presence,present,removed,announced_product_window,Event left the live dataset
2026-08-20,event,removed,Dear Mirror Flower release window,presence,present,removed,announced_product_window,Event left the live dataset
2026-08-20,event,removed,Gravelord release window,presence,present,removed,announced_product_window,Event left the live dataset
2026-08-20,event,removed,Demeo x Dungeons & Dragons: Battlemarked release window,presence,present,removed,announced_product_window,Event left the live dataset
2026-08-20,event,removed,STEINS;GATE RE:BOOT release window,presence,present,removed,announced_product_window,Event left the live dataset
2026-08-20,event,removed,SpeedRunners 2: King of Speed release window,presence,present,removed,announced_product_window,Event left the live dataset
2026-08-20,event,removed,Endless Legend II release window,presence,present,removed,announced_product_window,Event left the live dataset
2026-08-20,event,removed,Backyard Sports: The Animated Special,presence,present,removed,wikipedia:2026_in_video_games,Event left the live dataset
2026-08-20,event,removed,Needy Girl Overdose,presence,present,removed,wikipedia:2026_in_video_games,Event left the live dataset
2026-08-20,event,removed,1999! Arcane Incident Department,presence,present,removed,wikipedia:2026_in_video_games,Event left the live dataset
2026-08-20,event,removed,Suikoden: The Anime,presence,present,removed,wikipedia:2026_in_video_games,Event left the live dataset
2026-08-20,event,removed,Witch on the Holy Night,presence,present,removed,wikipedia:2026_in_video_games,Event left the live dataset
2026-08-20,event,removed,Free Fire Daybreak,presence,present,removed,wikipedia:2027_in_video_games,Event left the live dataset
2026-08-20,event,removed,A Minecraft Movie Squared,presence,present,removed,wikipedia:2027_in_video_games,Event left the live dataset
