as_of,kind,change_type,title,field,before,after,source,detail
2026-09-02,product,added,A Tiny Wander,presence,,added,wikidata,New product entered the live dataset
2026-09-02,product,added,EDEN.schemata();,presence,,added,wikidata,New product entered the live dataset
2026-09-02,product,added,Golf With Your Friends 2,presence,,added,wikidata,New product entered the live dataset
2026-09-02,product,added,Pararecords,presence,,added,wikidata,New product entered the live dataset
2026-09-02,product,added,Prolegomena To a Hyperdimensional Interface That Will Be Able to Manifest From Three-Minute Interchanges,presence,,added,wikidata,New product entered the live dataset
2026-09-02,product,added,Recur,presence,,added,wikidata,New product entered the live dataset
2026-09-02,product,added,Steampunk Shinobi,presence,,added,wikidata,New product entered the live dataset
2026-09-02,product,added,The Fox's Way Home,presence,,added,wikidata,New product entered the live dataset
2026-09-02,product,added,Piece by Piece,presence,,added,wikidata,New product entered the live dataset
2026-09-02,product,added,The Little Tomb: The Maholova Club and the Search for a Dead Body,presence,,added,wikidata,New product entered the live dataset
2026-09-02,product,added,Tetris the Grandmaster 4: Absolute Eye,presence,,added,wikidata,New product entered the live dataset
2026-09-02,product,confirmed,Angeline Era,confirmation,announced,confirmed,wikidata,Confirmation announced → confirmed
2026-09-02,product,confirmed,Withering Realms,confirmation,announced,confirmed,wikidata,Confirmation announced → confirmed
2026-09-02,product,added,TOEM 2,presence,,added,wikidata,New product entered the live dataset
2026-09-02,product,delayed,Gobble,release_date,2026-09-24,2027-01-01,wikidata,Release moved 2026-09-24 → 2027-01-01
2026-09-02,product,delayed,over the hill,release_date,2026-10-14,2027-01-01,wikidata,Release moved 2026-10-14 → 2027-01-01
2026-09-02,product,added,Akatori,presence,,added,wikidata,New product entered the live dataset
2026-09-02,product,added,Back to the Dawn,presence,,added,wikidata,New product entered the live dataset
2026-09-02,product,added,DAVE THE DIVER,presence,,added,wikidata,New product entered the live dataset
2026-09-02,product,added,Deep Russian Depression,presence,,added,wikidata,New product entered the live dataset
2026-09-02,product,added,DRAPLINE,presence,,added,wikidata,New product entered the live dataset
2026-09-02,product,added,EARTH DEFENSE FORCE 5,presence,,added,wikidata,New product entered the live dataset
2026-09-02,product,added,Enshrouded,presence,,added,wikidata,New product entered the live dataset
2026-09-02,product,added,Exstetra,presence,,added,wikidata,New product entered the live dataset
2026-09-02,product,added,Gladio Mori,presence,,added,wikidata,New product entered the live dataset
2026-09-02,product,added,Goblin Cleanup,presence,,added,wikidata,New product entered the live dataset
2026-09-02,product,added,Holstin,presence,,added,wikidata,New product entered the live dataset
2026-09-02,product,added,Little Witch in the Woods,presence,,added,wikidata,New product entered the live dataset
2026-09-02,product,added,Mariachi Legends,presence,,added,wikidata,New product entered the live dataset
2026-09-02,product,added,Octopath Traveler,presence,,added,wikidata,New product entered the live dataset
2026-09-02,product,confirmation_changed,Primitive Environment Survival,confirmation,0,announced,wikidata,Confirmation 0 → announced
2026-09-02,product,added,Ratatan,presence,,added,wikidata,New product entered the live dataset
2026-09-02,product,added,Spine,presence,,added,wikidata,New product entered the live dataset
2026-09-02,product,added,STEINS;GATE RE:BOOT,presence,,added,wikidata,New product entered the live dataset
2026-09-02,product,added,Stick It to the Stickman,presence,,added,wikidata,New product entered the live dataset
2026-09-02,product,added,Valheim,presence,,added,wikidata,New product entered the live dataset
2026-09-02,product,added,Voyagers of Nera,presence,,added,wikidata,New product entered the live dataset
2026-09-02,product,added,Wandering Sword,presence,,added,wikidata,New product entered the live dataset
2026-09-02,product,added,Woodo,presence,,added,wikidata,New product entered the live dataset
2026-09-02,product,removed,13,presence,present,removed,wikipedia:2026_in_video_games,Product left the live dataset
2026-09-02,product,removed,GrimKeep,presence,present,removed,wikidata,Product left the live dataset
2026-09-02,product,removed,Raev: Kingdom on the Distant Shores,presence,present,removed,wikidata,Product left the live dataset
2026-09-02,product,removed,Rain98,presence,present,removed,wikidata,Product left the live dataset
2026-09-02,product,removed,Fire Emblem: Path of Radiance,presence,present,removed,wikipedia:List_of_video_games_released_in_2026,Product left the live dataset
2026-09-02,product,removed,Big Hops,presence,present,removed,wikipedia:List_of_video_games_released_in_2026,Product left the live dataset
2026-09-02,product,removed,Quarantine Zone: The Last Check,presence,present,removed,wikipedia:List_of_video_games_released_in_2026,Product left the live dataset
2026-09-02,product,removed,Animal Crossing: New Horizons – Nintendo Switch 2 Edition,presence,present,removed,wikipedia:List_of_video_games_released_in_2026,Product left the live dataset
2026-09-02,product,removed,Oh Demon! Fix My TV,presence,present,removed,wikipedia:List_of_video_games_released_in_2026,Product left the live dataset
2026-09-02,product,removed,BrokenLore: Unfollow,presence,present,removed,wikipedia:List_of_video_games_released_in_2026,Product left the live dataset
2026-09-02,product,removed,2XKO,presence,present,removed,wikipedia:List_of_video_games_released_in_2026,Product left the live dataset
2026-09-02,product,removed,DragonSword (KR),presence,present,removed,wikipedia:List_of_video_games_released_in_2026,Product left the live dataset
2026-09-02,product,removed,Cult of the Lamb: Woolhaven,presence,present,removed,wikipedia:List_of_video_games_released_in_2026,Product left the live dataset
2026-09-02,product,removed,SEGA Football Club Champions,presence,present,removed,wikipedia:List_of_video_games_released_in_2026,Product left the live dataset
2026-09-02,product,removed,Telenet,presence,present,removed,wikipedia:List_of_video_games_released_in_2026,Product left the live dataset
2026-09-02,product,removed,The Rumble Fish 2 – Nintendo Switch 2 Edition,presence,present,removed,wikipedia:List_of_video_games_released_in_2026,Product left the live dataset
2026-09-02,product,removed,Un:Logical,presence,present,removed,wikipedia:List_of_video_games_released_in_2026,Product left the live dataset
2026-09-02,product,removed,Fighting Force,presence,present,removed,wikipedia:List_of_video_games_released_in_2026,Product left the live dataset
2026-09-02,product,removed,Pathologic,presence,present,removed,wikipedia:List_of_video_games_released_in_2026,Product left the live dataset
2026-09-02,product,removed,Highguard,presence,present,removed,wikipedia:List_of_video_games_released_in_2026,Product left the live dataset
2026-09-02,product,removed,Viractal,presence,present,removed,wikipedia:List_of_video_games_released_in_2026,Product left the live dataset
2026-09-02,product,removed,Core Keeper – Nintendo Switch 2 Edition,presence,present,removed,wikipedia:List_of_video_games_released_in_2026,Product left the live dataset
2026-09-02,product,removed,Card-en-Ciel – Nintendo Switch 2 Edition,presence,present,removed,wikipedia:List_of_video_games_released_in_2026,Product left the live dataset
2026-09-02,product,removed,Chrono Ark Deluxe Edition,presence,present,removed,wikipedia:List_of_video_games_released_in_2026,Product left the live dataset
2026-09-02,product,removed,Kigetsu no Yoru,presence,present,removed,wikipedia:List_of_video_games_released_in_2026,Product left the live dataset
2026-09-02,product,removed,Run for Money,presence,present,removed,wikipedia:List_of_video_games_released_in_2026,Product left the live dataset
2026-09-02,product,removed,10–12,presence,present,removed,wikipedia:2026_in_video_games,Product left the live dataset
2026-09-02,product,removed,Balloon Kid,presence,present,removed,wikipedia:List_of_video_games_released_in_2026,Product left the live dataset
2026-09-02,product,removed,Opus: Echo of Starsong,presence,present,removed,wikipedia:List_of_video_games_released_in_2026,Product left the live dataset
2026-09-02,product,removed,Shiren the Wanderer: The Mystery Dungeon of Serpentcoil Island,presence,present,removed,wikipedia:List_of_video_games_released_in_2026,Product left the live dataset
2026-09-02,product,removed,Yoshi/Mario & Yoshi (Game Boy),presence,present,removed,wikipedia:List_of_video_games_released_in_2026,Product left the live dataset
2026-09-02,product,removed,Super Bomberman Collection,presence,present,removed,wikipedia:List_of_video_games_released_in_2026,Product left the live dataset
2026-09-02,product,removed,Carmageddon,presence,present,removed,wikipedia:List_of_video_games_released_in_2026,Product left the live dataset
2026-09-02,product,removed,My Hero Academia: All's Justice,presence,present,removed,wikipedia:List_of_video_games_released_in_2026,Product left the live dataset
2026-09-02,product,removed,World's End Club,presence,present,removed,wikipedia:List_of_video_games_released_in_2026,Product left the live dataset
2026-09-02,product,removed,Crisol: Theater of Idols,presence,present,removed,wikipedia:List_of_video_games_released_in_2026,Product left the live dataset
2026-09-02,product,removed,Tokyo Scramble,presence,present,removed,wikipedia:List_of_video_games_released_in_2026,Product left the live dataset
2026-09-02,product,removed,ChromaGun 2: Dye Hard,presence,present,removed,wikipedia:List_of_video_games_released_in_2026,Product left the live dataset
2026-09-02,product,removed,Disciples: Domination,presence,present,removed,wikipedia:List_of_video_games_released_in_2026,Product left the live dataset
2026-09-02,product,removed,God of War: Sons of Sparta,presence,present,removed,wikipedia:List_of_video_games_released_in_2026,Product left the live dataset
2026-09-02,product,removed,Hakuoki SSL: Sweet School Life,presence,present,removed,wikipedia:List_of_video_games_released_in_2026,Product left the live dataset
2026-09-02,product,removed,Panty Party Perfect,presence,present,removed,wikidata,Product left the live dataset
2026-09-02,product,removed,Rayman: 30th Anniversary Edition,presence,present,removed,wikipedia:List_of_video_games_released_in_2026,Product left the live dataset
2026-09-02,product,removed,Rune Factory: Guardians of Azuma,presence,present,removed,wikipedia:List_of_video_games_released_in_2026,Product left the live dataset
2026-09-02,product,removed,3D Tetris,presence,present,removed,wikipedia:List_of_video_games_released_in_2026,Product left the live dataset
2026-09-02,product,removed,Galactic Pinball,presence,present,removed,wikipedia:List_of_video_games_released_in_2026,Product left the live dataset
2026-09-02,product,removed,Golf (Virtual Boy),presence,present,removed,wikipedia:List_of_video_games_released_in_2026,Product left the live dataset
2026-09-02,product,removed,Red Alarm,presence,present,removed,wikipedia:List_of_video_games_released_in_2026,Product left the live dataset
2026-09-02,product,removed,Teleroboxer,presence,present,removed,wikipedia:List_of_video_games_released_in_2026,Product left the live dataset
2026-09-02,product,removed,The Mansion of Innsmouth,presence,present,removed,wikipedia:List_of_video_games_released_in_2026,Product left the live dataset
2026-09-02,product,removed,Virtual Boy Wario Land,presence,present,removed,wikipedia:List_of_video_games_released_in_2026,Product left the live dataset
2026-09-02,product,removed,Hunter × Hunter: Nen × Survivor,presence,present,removed,wikipedia:List_of_video_games_released_in_2026,Product left the live dataset
2026-09-02,product,removed,Star Trek: Voyager – Across the Unknown,presence,present,removed,wikipedia:List_of_video_games_released_in_2026,Product left the live dataset
2026-09-02,product,removed,Earnest Evans,presence,present,removed,wikipedia:List_of_video_games_released_in_2026,Product left the live dataset
2026-09-02,product,removed,Gear.Club Unlimited,presence,present,removed,wikipedia:List_of_video_games_released_in_2026,Product left the live dataset
2026-09-02,product,removed,Paranormasight: The Mermaid's Curse,presence,present,removed,wikipedia:List_of_video_games_released_in_2026,Product left the live dataset
2026-09-02,product,removed,Styx: Blades of Greed,presence,present,removed,wikipedia:List_of_video_games_released_in_2026,Product left the live dataset
2026-09-02,product,removed,WiZmans World,presence,present,removed,wikipedia:List_of_video_games_released_in_2026,Product left the live dataset
2026-09-02,product,removed,Xenoblade Chronicles X: Definitive Edition – Nintendo Switch 2 Edition,presence,present,removed,wikipedia:List_of_video_games_released_in_2026,Product left the live dataset
2026-09-02,product,removed,Prize Fighter: Heavyweight Edition,presence,present,removed,wikipedia:List_of_video_games_released_in_2026,Product left the live dataset
2026-09-02,product,removed,Ys X: Proud Nordics,presence,present,removed,wikipedia:List_of_video_games_released_in_2026,Product left the live dataset
2026-09-02,product,removed,Tom Clancy's Rainbow Six Mobile,presence,present,removed,wikipedia:List_of_video_games_released_in_2026,Product left the live dataset
2026-09-02,product,removed,Fallout 4: Anniversary Edition,presence,present,removed,wikipedia:List_of_video_games_released_in_2026,Product left the live dataset
2026-09-02,product,removed,Daisenryaku,presence,present,removed,wikipedia:List_of_video_games_released_in_2026,Product left the live dataset
2026-09-02,product,removed,Icarus: Console Edition,presence,present,removed,wikipedia:List_of_video_games_released_in_2026,Product left the live dataset
2026-09-02,product,removed,No Sleep For Kaname Date – From AI: The Somnium Files,presence,present,removed,wikidata,Product left the live dataset
2026-09-02,product,removed,Path of Mystery: A Brush with Death,presence,present,removed,wikipedia:List_of_video_games_released_in_2026,Product left the live dataset
2026-09-02,product,removed,Raiden Fighters,presence,present,removed,wikipedia:List_of_video_games_released_in_2026,Product left the live dataset
2026-09-02,product,removed,Spellcasters Chronicles,presence,present,removed,wikipedia:List_of_video_games_released_in_2026,Product left the live dataset
2026-09-02,product,removed,Fear Effect 2: Retro Helix,presence,present,removed,wikipedia:List_of_video_games_released_in_2026,Product left the live dataset
2026-09-02,product,removed,Pokémon FireRed and LeafGreen,presence,present,removed,wikipedia:List_of_video_games_released_in_2026,Product left the live dataset
2026-09-02,product,removed,Resident Evil 7: Biohazard,presence,present,removed,wikipedia:List_of_video_games_released_in_2026,Product left the live dataset
2026-09-02,product,removed,Resident Evil Village,presence,present,removed,wikipedia:List_of_video_games_released_in_2026,Product left the live dataset
2026-09-02,product,removed,9–21,presence,present,removed,wikipedia:2026_in_video_games,Product left the live dataset
2026-09-02,product,removed,World of Warcraft: Midnight,presence,present,removed,wikipedia:List_of_video_games_released_in_2026,Product left the live dataset
2026-09-02,product,removed,Legacy of Kain: Defiance Remastered,presence,present,removed,wikipedia:List_of_video_games_released_in_2026,Product left the live dataset
2026-09-02,product,removed,BLOKES on BLOCKS!,presence,present,removed,wikipedia:List_of_video_games_released_in_2026,Product left the live dataset
2026-09-02,product,removed,Oceanhorn,presence,present,removed,wikipedia:List_of_video_games_released_in_2026,Product left the live dataset
2026-09-02,product,removed,Planet of Lana II: Children of the Leaf,presence,present,removed,wikipedia:List_of_video_games_released_in_2026,Product left the live dataset
2026-09-02,product,removed,Pokémon Pokopia,presence,present,removed,wikipedia:List_of_video_games_released_in_2026,Product left the live dataset
2026-09-02,product,removed,Slay the Spire II,presence,present,removed,wikipedia:List_of_video_games_released_in_2026,Product left the live dataset
2026-09-02,product,removed,Lost & Found Co.,presence,present,removed,wikipedia:List_of_video_games_released_in_2026,Product left the live dataset
2026-09-02,product,removed,Mario Clash,presence,present,removed,wikipedia:List_of_video_games_released_in_2026,Product left the live dataset
2026-09-02,product,removed,Mario vs. Donkey Kong,presence,present,removed,wikipedia:List_of_video_games_released_in_2026,Product left the live dataset
2026-09-02,product,removed,Mario's Tennis,presence,present,removed,wikipedia:List_of_video_games_released_in_2026,Product left the live dataset
2026-09-02,product,removed,Bravely Default: Flying Fairy HD Remaster,presence,present,removed,wikipedia:List_of_video_games_released_in_2026,Product left the live dataset
2026-09-02,product,removed,Bubblegum Galaxy,presence,present,removed,wikipedia:List_of_video_games_released_in_2026,Product left the live dataset
2026-09-02,product,removed,Fatal Frame II: Crimson Butterfly Remake,presence,present,removed,wikipedia:List_of_video_games_released_in_2026,Product left the live dataset
2026-09-02,product,removed,GreedFall 2: The Dying World,presence,present,removed,wikipedia:List_of_video_games_released_in_2026,Product left the live dataset
2026-09-02,product,removed,RoadOut,presence,present,removed,wikipedia:List_of_video_games_released_in_2026,Product left the live dataset
2026-09-02,product,removed,Tomb Raider I–III Remastered,presence,present,removed,wikipedia:List_of_video_games_released_in_2026,Product left the live dataset
2026-09-02,product,removed,Monster Hunter Stories 3: Twisted Reflection,presence,present,removed,wikipedia:List_of_video_games_released_in_2026,Product left the live dataset
2026-09-02,product,removed,Gnosia,presence,present,removed,wikipedia:List_of_video_games_released_in_2026,Product left the live dataset
2026-09-02,product,removed,Starship Troopers: Ultimate Bug War!,presence,present,removed,wikipedia:List_of_video_games_released_in_2026,Product left the live dataset
2026-09-02,product,removed,Fallen Tear: The Ascension,presence,present,removed,wikipedia:List_of_video_games_released_in_2026,Product left the live dataset
2026-09-02,product,removed,Pokémon XD: Gale of Darkness,presence,present,removed,wikipedia:List_of_video_games_released_in_2026,Product left the live dataset
2026-09-02,product,removed,Öoo,presence,present,removed,wikipedia:List_of_video_games_released_in_2026,Product left the live dataset
2026-09-02,product,removed,Human: Fall Flat – Nintendo Switch 2 Edition,presence,present,removed,wikipedia:List_of_video_games_released_in_2026,Product left the live dataset
2026-09-02,product,removed,Rushing Beat X: Return of Brawl Brothers,presence,present,removed,wikipedia:List_of_video_games_released_in_2026,Product left the live dataset
2026-09-02,product,removed,Star Savior,presence,present,removed,wikipedia:List_of_video_games_released_in_2026,Product left the live dataset
2026-09-02,product,removed,Virtual Ties: Isekaijoucho Musoukyoku,presence,present,removed,wikipedia:List_of_video_games_released_in_2026,Product left the live dataset
2026-09-02,product,removed,The Seven Deadly Sins: Origin,presence,present,removed,wikipedia:List_of_video_games_released_in_2026,Product left the live dataset
2026-09-02,product,removed,Dissidia Duellum Final Fantasy,presence,present,removed,wikipedia:List_of_video_games_released_in_2026,Product left the live dataset
2026-09-02,product,removed,Damon and Baby,presence,present,removed,wikipedia:List_of_video_games_released_in_2026,Product left the live dataset
2026-09-02,product,removed,Cookie Run: OvenSmash,presence,present,removed,wikipedia:List_of_video_games_released_in_2026,Product left the live dataset
2026-09-02,product,removed,Curse Warrior,presence,present,removed,wikipedia:List_of_video_games_released_in_2026,Product left the live dataset
2026-09-02,product,removed,Etrange Overlord,presence,present,removed,wikipedia:List_of_video_games_released_in_2026,Product left the live dataset
2026-09-02,product,removed,Hyperdevotion Noire: Goddess Black Heart,presence,present,removed,wikipedia:List_of_video_games_released_in_2026,Product left the live dataset
2026-09-02,product,removed,Kena: Bridge of Spirits,presence,present,removed,wikipedia:List_of_video_games_released_in_2026,Product left the live dataset
2026-09-02,product,removed,Life Is Strange: Reunion,presence,present,removed,wikipedia:List_of_video_games_released_in_2026,Product left the live dataset
2026-09-02,product,removed,Neopets,presence,present,removed,wikipedia:List_of_video_games_released_in_2026,Product left the live dataset
2026-09-02,product,removed,Nutmeg!,presence,present,removed,wikipedia:List_of_video_games_released_in_2026,Product left the live dataset
2026-09-02,product,removed,Okayu,presence,present,removed,wikipedia:List_of_video_games_released_in_2026,Product left the live dataset
2026-09-02,product,removed,Otome Daoshi: Fighting for Love,presence,present,removed,wikipedia:List_of_video_games_released_in_2026,Product left the live dataset
2026-09-02,product,removed,Roco Kingdom,presence,present,removed,wikipedia:List_of_video_games_released_in_2026,Product left the live dataset
2026-09-02,product,removed,Super Mario Bros. Wonder – Nintendo Switch 2 Edition + Meetup in Bellabel Park,presence,present,removed,wikipedia:List_of_video_games_released_in_2026,Product left the live dataset
2026-09-02,product,removed,Taito Milestones,presence,present,removed,wikipedia:List_of_video_games_released_in_2026,Product left the live dataset
2026-09-02,product,removed,Virtua Fighter 5 R.E.V.O. World Stage,presence,present,removed,wikipedia:List_of_video_games_released_in_2026,Product left the live dataset
2026-09-02,product,removed,Winning Post,presence,present,removed,wikipedia:List_of_video_games_released_in_2026,Product left the live dataset
2026-09-02,product,removed,goHELLgo Gou: Tsukiotoshitego,presence,present,removed,wikipedia:List_of_video_games_released_in_2026,Product left the live dataset
2026-09-02,product,removed,Legacy of Kain: Ascendance,presence,present,removed,wikipedia:List_of_video_games_released_in_2026,Product left the live dataset
2026-09-02,product,removed,Raccoin: Coin Pusher Roguelike,presence,present,removed,wikipedia:List_of_video_games_released_in_2026,Product left the live dataset
2026-09-02,product,removed,Sprint City,presence,present,removed,wikipedia:List_of_video_games_released_in_2026,Product left the live dataset
2026-09-02,product,removed,Morkull Ascend to the Gods,presence,present,removed,wikipedia:List_of_video_games_released_in_2026,Product left the live dataset
2026-09-02,product,removed,Motionrec,presence,present,removed,wikipedia:List_of_video_games_released_in_2026,Product left the live dataset
2026-09-02,product,removed,Temtem: Swarm,presence,present,removed,wikipedia:List_of_video_games_released_in_2026,Product left the live dataset
2026-09-02,product,removed,The Weeping Swan: Ten Days of the City's Fall,presence,present,removed,wikidata,Product left the live dataset
2026-09-02,product,removed,Sigma Star Saga DX,presence,present,removed,wikipedia:List_of_video_games_released_in_2026,Product left the live dataset
2026-09-02,product,removed,High Above,presence,present,removed,wikidata,Product left the live dataset
2026-09-02,product,removed,Samson: A Tyndalston Story,presence,present,removed,wikipedia:List_of_video_games_released_in_2026,Product left the live dataset
2026-09-02,product,removed,Beyond Words,presence,present,removed,wikipedia:List_of_video_games_released_in_2026,Product left the live dataset
2026-09-02,product,removed,Memories Off Sousou: Break out of my shell,presence,present,removed,wikipedia:List_of_video_games_released_in_2026,Product left the live dataset
2026-09-02,product,removed,Rose Guns Days Season 1,presence,present,removed,wikipedia:List_of_video_games_released_in_2026,Product left the live dataset
2026-09-02,product,removed,Town of Zoz,presence,present,removed,wikipedia:List_of_video_games_released_in_2026,Product left the live dataset
2026-09-02,product,removed,Dosa Divas: One Last Meal,presence,present,removed,wikipedia:List_of_video_games_released_in_2026,Product left the live dataset
2026-09-02,product,removed,Bunny Garden 2,presence,present,removed,wikipedia:List_of_video_games_released_in_2026,Product left the live dataset
2026-09-02,product,removed,Cthulhu: The Cosmic Abyss,presence,present,removed,wikipedia:List_of_video_games_released_in_2026,Product left the live dataset
2026-09-02,product,removed,Mouse: P.I. for Hire,presence,present,removed,wikipedia:List_of_video_games_released_in_2026,Product left the live dataset
2026-09-02,product,removed,Opus,presence,present,removed,wikipedia:List_of_video_games_released_in_2026,Product left the live dataset
2026-09-02,product,removed,Tomodachi Life: Living the Dream,presence,present,removed,wikidata,Product left the live dataset
2026-09-02,product,removed,Honor of Kings: World,presence,present,removed,wikipedia:List_of_video_games_released_in_2026,Product left the live dataset
2026-09-02,product,removed,Albion Online,presence,present,removed,wikipedia:List_of_video_games_released_in_2026,Product left the live dataset
2026-09-02,product,removed,Dragon Quest Smash/Grow,presence,present,removed,wikipedia:List_of_video_games_released_in_2026,Product left the live dataset
2026-09-02,product,removed,Vampire Crawlers: The Turbo Wildcard from Vampire Survivors,presence,present,removed,wikipedia:List_of_video_games_released_in_2026,Product left the live dataset
2026-09-02,product,removed,Aquanaut's Holiday,presence,present,removed,wikipedia:List_of_video_games_released_in_2026,Product left the live dataset
2026-09-02,product,removed,Card & Casino,presence,present,removed,wikipedia:List_of_video_games_released_in_2026,Product left the live dataset
2026-09-02,product,removed,Castle of Shikigami 3,presence,present,removed,wikipedia:List_of_video_games_released_in_2026,Product left the live dataset
2026-09-02,product,removed,Causal Loop,presence,present,removed,wikidata,Product left the live dataset
2026-09-02,product,removed,Elminage ORIGINAL: Priestess of Darkness and The Ring of the Gods,presence,present,removed,wikipedia:List_of_video_games_released_in_2026,Product left the live dataset
2026-09-02,product,removed,Kingdom's Return: Time-Eating Fruit and the Ancient Monster,presence,present,removed,wikipedia:List_of_video_games_released_in_2026,Product left the live dataset
2026-09-02,product,removed,Kumitantei: Old School Slaughter Episode 1,presence,present,removed,wikipedia:List_of_video_games_released_in_2026,Product left the live dataset
2026-09-02,product,removed,Lorelei and the Laser Eyes – Nintendo Switch 2 Edition,presence,present,removed,wikipedia:List_of_video_games_released_in_2026,Product left the live dataset
2026-09-02,product,removed,Matsurika no Kei -kEi- Tenmei Kashokuden,presence,present,removed,wikipedia:List_of_video_games_released_in_2026,Product left the live dataset
2026-09-02,product,removed,Nagi no Koi,presence,present,removed,wikipedia:List_of_video_games_released_in_2026,Product left the live dataset
2026-09-02,product,removed,Sayonara Wild Hearts – Nintendo Switch 2 Edition,presence,present,removed,wikipedia:List_of_video_games_released_in_2026,Product left the live dataset
2026-09-02,product,removed,Sudden Strike,presence,present,removed,wikipedia:List_of_video_games_released_in_2026,Product left the live dataset
2026-09-02,product,removed,Titanium Court,presence,present,removed,wikipedia:List_of_video_games_released_in_2026,Product left the live dataset
2026-09-02,product,removed,Snap & Grab,presence,present,removed,wikipedia:List_of_video_games_released_in_2026,Product left the live dataset
2026-09-02,product,removed,Traysia,presence,present,removed,wikipedia:List_of_video_games_released_in_2026,Product left the live dataset
2026-09-02,product,removed,Flock Around,presence,present,removed,wikipedia:List_of_video_games_released_in_2026,Product left the live dataset
2026-09-02,product,removed,Moomintroll: Winter's Warmth,presence,present,removed,wikipedia:List_of_video_games_released_in_2026,Product left the live dataset
2026-09-02,product,removed,Diablo IV: Lord of Hatred,presence,present,removed,wikipedia:List_of_video_games_released_in_2026,Product left the live dataset
2026-09-02,product,removed,Ys Memoire: Revelations in Celceta,presence,present,removed,wikipedia:List_of_video_games_released_in_2026,Product left the live dataset
2026-09-02,product,removed,Dear Mirror Flower,presence,present,removed,wikidata,Product left the live dataset
2026-09-02,product,removed,Perennial Dusk: Kinsenka,presence,present,removed,wikipedia:List_of_video_games_released_in_2026,Product left the live dataset
2026-09-02,product,removed,R-Type DX,presence,present,removed,wikipedia:List_of_video_games_released_in_2026,Product left the live dataset
2026-09-02,product,removed,Shinigami Hime to Ishokan no Kaibutsu,presence,present,removed,wikipedia:List_of_video_games_released_in_2026,Product left the live dataset
2026-09-02,product,removed,The Coma,presence,present,removed,wikipedia:List_of_video_games_released_in_2026,Product left the live dataset
2026-09-02,product,removed,inKONBINI: One Store. Many Stories,presence,present,removed,wikipedia:List_of_video_games_released_in_2026,Product left the live dataset
2026-09-02,product,removed,21,presence,present,removed,wikipedia:2026_in_video_games,Product left the live dataset
2026-09-02,product,removed,Bow-wow Battle,presence,present,removed,wikipedia:List_of_video_games_released_in_2026,Product left the live dataset
2026-09-02,product,removed,Battlestar Galactica,presence,present,removed,wikipedia:List_of_video_games_released_in_2026,Product left the live dataset
2026-09-02,product,removed,OCTOPinbs,presence,present,removed,wikipedia:List_of_video_games_released_in_2026,Product left the live dataset
2026-09-02,product,removed,Call of the Elder Gods,presence,present,removed,wikipedia:List_of_video_games_released_in_2026,Product left the live dataset
2026-09-02,product,removed,Jack Bros.,presence,present,removed,wikipedia:List_of_video_games_released_in_2026,Product left the live dataset
2026-09-02,product,removed,Perfect Tides: Station to Station,presence,present,removed,wikipedia:List_of_video_games_released_in_2026,Product left the live dataset
2026-09-02,product,removed,Space Invaders Virtual Collection,presence,present,removed,wikipedia:List_of_video_games_released_in_2026,Product left the live dataset
2026-09-02,product,removed,Söldner-X 2: Final Prototype Definitive Edition,presence,present,removed,wikipedia:List_of_video_games_released_in_2026,Product left the live dataset
2026-09-02,product,removed,V-Tetris,presence,present,removed,wikipedia:List_of_video_games_released_in_2026,Product left the live dataset
2026-09-02,product,removed,Vertical Force,presence,present,removed,wikipedia:List_of_video_games_released_in_2026,Product left the live dataset
2026-09-02,product,removed,Virtual Bowling,presence,present,removed,wikipedia:List_of_video_games_released_in_2026,Product left the live dataset
2026-09-02,product,removed,Virtual Fishing,presence,present,removed,wikipedia:List_of_video_games_released_in_2026,Product left the live dataset
2026-09-02,product,removed,Darksiders: Warmastered Edition,presence,present,removed,wikipedia:List_of_video_games_released_in_2026,Product left the live dataset
2026-09-02,product,removed,R-Type Dimensions III,presence,present,removed,wikipedia:List_of_video_games_released_in_2026,Product left the live dataset
2026-09-02,product,removed,FZ: Formation Z,presence,present,removed,wikipedia:List_of_video_games_released_in_2026,Product left the live dataset
2026-09-02,product,removed,King of Tokyo,presence,present,removed,wikipedia:List_of_video_games_released_in_2026,Product left the live dataset
2026-09-02,product,removed,Psyvariar 3,presence,present,removed,wikipedia:List_of_video_games_released_in_2026,Product left the live dataset
2026-09-02,product,removed,Q Collection,presence,present,removed,wikipedia:List_of_video_games_released_in_2026,Product left the live dataset
2026-09-02,product,removed,Zero Parades: For Dead Spies,presence,present,removed,wikipedia:List_of_video_games_released_in_2026,Product left the live dataset
2026-09-02,product,removed,Lego Batman: Legacy of the Dark Knight,presence,present,removed,wikipedia:List_of_video_games_released_in_2026,Product left the live dataset
2026-09-02,product,removed,Rugrats: Retro Rewind Collection,presence,present,removed,wikipedia:List_of_video_games_released_in_2026,Product left the live dataset
2026-09-02,product,removed,Tales of Arise: Beyond the Dawn Edition,presence,present,removed,wikipedia:List_of_video_games_released_in_2026,Product left the live dataset
2026-09-02,product,removed,LumenTale: Memories of Trey,presence,present,removed,wikipedia:List_of_video_games_released_in_2026,Product left the live dataset
2026-09-02,product,removed,MLB The Show,presence,present,removed,wikipedia:List_of_video_games_released_in_2026,Product left the live dataset
2026-09-02,product,removed,World of Tanks,presence,present,removed,wikipedia:List_of_video_games_released_in_2026,Product left the live dataset
2026-09-02,product,removed,Poppy Playtime: Chapter 5,presence,present,removed,wikipedia:List_of_video_games_released_in_2026,Product left the live dataset
2026-09-02,product,removed,Bluey's Quest for the Gold Pen,presence,present,removed,wikipedia:List_of_video_games_released_in_2026,Product left the live dataset
2026-09-02,product,removed,Clockfall,presence,present,removed,wikipedia:List_of_video_games_released_in_2026,Product left the live dataset
2026-09-02,product,removed,Demon Kill Demon: Yomi 1984,presence,present,removed,wikipedia:List_of_video_games_released_in_2026,Product left the live dataset
2026-09-02,product,removed,Heavy Metal Death Can,presence,present,removed,wikipedia:List_of_video_games_released_in_2026,Product left the live dataset
2026-09-02,product,removed,Lollipop Chainsaw RePOP – Nintendo Switch 2 Edition,presence,present,removed,wikipedia:List_of_video_games_released_in_2026,Product left the live dataset
2026-09-02,product,removed,Monochrome Mobius: Rights and Wrongs Forgotten,presence,present,removed,wikipedia:List_of_video_games_released_in_2026,Product left the live dataset
2026-09-02,product,removed,Schrödinger's Call,presence,present,removed,wikipedia:List_of_video_games_released_in_2026,Product left the live dataset
2026-09-02,product,removed,Stardust: Wish of Witch,presence,present,removed,wikipedia:List_of_video_games_released_in_2026,Product left the live dataset
2026-09-02,product,removed,Story of Seasons: Grand Bazaar,presence,present,removed,wikidata,Product left the live dataset
2026-09-02,product,removed,Touhou Yukkuri Mountain,presence,present,removed,wikipedia:List_of_video_games_released_in_2026,Product left the live dataset
2026-09-02,product,removed,Utawarerumono,presence,present,removed,wikipedia:List_of_video_games_released_in_2026,Product left the live dataset
2026-09-02,product,removed,5–8,presence,present,removed,wikipedia:2026_in_video_games,Product left the live dataset
2026-09-02,product,removed,System Shock 2: 25th Anniversary Remaster,presence,present,removed,wikipedia:List_of_video_games_released_in_2026,Product left the live dataset
2026-09-02,product,removed,A-Train 9 Evolution,presence,present,removed,wikipedia:List_of_video_games_released_in_2026,Product left the live dataset
2026-09-02,product,removed,Crazy Cha!n: Elpis no Kusari,presence,present,removed,wikipedia:List_of_video_games_released_in_2026,Product left the live dataset
2026-09-02,product,removed,Donkey Kong 64,presence,present,removed,wikipedia:List_of_video_games_released_in_2026,Product left the live dataset
2026-09-02,product,removed,Goals,presence,present,removed,wikipedia:List_of_video_games_released_in_2026,Product left the live dataset
2026-09-02,product,removed,River City Saga,presence,present,removed,wikipedia:List_of_video_games_released_in_2026,Product left the live dataset
2026-09-02,product,removed,Tetris: The Grand Master 4 – Absolute Eye,presence,present,removed,wikipedia:List_of_video_games_released_in_2026,Product left the live dataset
2026-09-02,product,removed,2 Fights in 2 Tight Spaces,presence,present,removed,wikipedia:List_of_video_games_released_in_2026,Product left the live dataset
2026-09-02,product,removed,Descent,presence,present,removed,wikipedia:List_of_video_games_released_in_2026,Product left the live dataset
2026-09-02,product,removed,Where Winds Meet,presence,present,removed,wikipedia:List_of_video_games_released_in_2026,Product left the live dataset
2026-09-02,product,removed,Inazuma Eleven,presence,present,removed,wikipedia:List_of_video_games_released_in_2026,Product left the live dataset
2026-09-02,product,removed,Rise of the Tomb Raider: 20 Year Celebration,presence,present,removed,wikipedia:List_of_video_games_released_in_2026,Product left the live dataset
2026-09-02,product,removed,Thomas & Friends: Wonders of Sodor,presence,present,removed,wikipedia:List_of_video_games_released_in_2026,Product left the live dataset
2026-09-02,product,removed,Xenoblade Chronicles: Definitive Edition – Nintendo Switch 2 Edition,presence,present,removed,wikipedia:List_of_video_games_released_in_2026,Product left the live dataset
2026-09-02,product,removed,Beatdown City Survivors,presence,present,removed,wikipedia:List_of_video_games_released_in_2026,Product left the live dataset
2026-09-02,product,removed,FIFA World Cup: Launch Edition,presence,present,removed,wikipedia:List_of_video_games_released_in_2026,Product left the live dataset
2026-09-02,product,removed,Powerful Pro Baseball 2026-2027,presence,present,removed,wikipedia:List_of_video_games_released_in_2026,Product left the live dataset
2026-09-02,product,removed,Starseeker: Astroneer Expeditions,presence,present,removed,wikidata,Product left the live dataset
2026-09-02,product,removed,Unrailed 2: Back on Track,presence,present,removed,wikipedia:List_of_video_games_released_in_2026,Product left the live dataset
2026-09-02,product,removed,Pokémon Champions,presence,present,removed,wikipedia:List_of_video_games_released_in_2026,Product left the live dataset
2026-09-02,product,removed,Observer: System Redux,presence,present,removed,wikipedia:List_of_video_games_released_in_2026,Product left the live dataset
2026-09-02,product,removed,Soccer Kid,presence,present,removed,wikipedia:List_of_video_games_released_in_2026,Product left the live dataset
2026-09-02,product,removed,The Adventures of Elliot: The Millennium Tales,presence,present,removed,wikipedia:List_of_video_games_released_in_2026,Product left the live dataset
2026-09-02,product,removed,UsoNatsu: The Summer Romance Bloomed From A Lie,presence,present,removed,wikipedia:List_of_video_games_released_in_2026,Product left the live dataset
2026-09-02,product,removed,EA Sports UFC 6,presence,present,removed,wikipedia:List_of_video_games_released_in_2026,Product left the live dataset
2026-09-02,product,removed,Maseylia: Echoes of the Past,presence,present,removed,wikipedia:List_of_video_games_released_in_2026,Product left the live dataset
2026-09-02,product,removed,Asha Sharma,presence,present,removed,wikipedia:2026_in_video_games,Product left the live dataset
2026-09-02,product,removed,SAND: Raiders of Sophie,presence,present,removed,wikipedia:List_of_video_games_released_in_2026,Product left the live dataset
2026-09-02,product,removed,Devil May Cry 5: Devil Hunter Edition,presence,present,removed,wikipedia:List_of_video_games_released_in_2026,Product left the live dataset
2026-09-02,product,removed,Sonic Frontiers: Definitive Edition,presence,present,removed,wikipedia:List_of_video_games_released_in_2026,Product left the live dataset
2026-09-02,product,removed,Deltarune: Chapter 5,presence,present,removed,wikipedia:List_of_video_games_released_in_2026,Product left the live dataset
2026-09-02,product,removed,Catto's Post Office,presence,present,removed,wikipedia:List_of_video_games_released_in_2026,Product left the live dataset
2026-09-02,product,removed,Namco,presence,present,removed,wikipedia:List_of_video_games_released_in_2026,Product left the live dataset
2026-09-02,product,removed,Villion: Code,presence,present,removed,wikipedia:List_of_video_games_released_in_2026,Product left the live dataset
2026-09-02,product,removed,Ninja Master's,presence,present,removed,wikipedia:List_of_video_games_released_in_2026,Product left the live dataset
2026-09-02,product,removed,Dokapon 3-2-1,presence,present,removed,wikipedia:List_of_video_games_released_in_2026,Product left the live dataset
2026-09-02,product,removed,Steam Machine,presence,present,removed,wikipedia:2026_in_video_games,Product left the live dataset
2026-09-02,product,removed,Q3,presence,present,removed,wikipedia:List_of_video_games_released_in_2026,Product left the live dataset
2026-09-02,product,removed,Q3/Q4,presence,present,removed,wikipedia:List_of_video_games_released_in_2026,Product left the live dataset
2026-09-02,product,removed,Ganbare Goemon,presence,present,removed,wikipedia:List_of_video_games_released_in_2026,Product left the live dataset
2026-09-02,product,removed,XeGrader plus,presence,present,removed,wikipedia:List_of_video_games_released_in_2026,Product left the live dataset
2026-09-02,product,removed,Dr. Mario & Puzzle League,presence,present,removed,wikipedia:List_of_video_games_released_in_2026,Product left the live dataset
2026-09-02,product,removed,Fortified Zone,presence,present,removed,wikipedia:List_of_video_games_released_in_2026,Product left the live dataset
2026-09-02,product,removed,The Sword of Hope,presence,present,removed,wikipedia:List_of_video_games_released_in_2026,Product left the live dataset
2026-09-02,product,removed,Wario Land: Super Mario Land 3,presence,present,removed,wikipedia:List_of_video_games_released_in_2026,Product left the live dataset
2026-09-02,product,removed,Call of Duty: Black Ops,presence,present,removed,wikipedia:List_of_video_games_released_in_2026,Product left the live dataset
2026-09-02,product,removed,Call of Duty: Black Ops II,presence,present,removed,wikipedia:List_of_video_games_released_in_2026,Product left the live dataset
2026-09-02,product,removed,EA Sports College Football,presence,present,removed,wikipedia:List_of_video_games_released_in_2026,Product left the live dataset
2026-09-02,product,removed,Granblue Fantasy: Relink,presence,present,removed,wikipedia:List_of_video_games_released_in_2026,Product left the live dataset
2026-09-02,product,removed,Gunvolt Chronicles: Luminous Avenger iX,presence,present,removed,wikipedia:List_of_video_games_released_in_2026,Product left the live dataset
2026-09-02,product,removed,Magical Girl Witch Trials,presence,present,removed,wikipedia:List_of_video_games_released_in_2026,Product left the live dataset
2026-09-02,product,removed,Tokyo Valkyries,presence,present,removed,wikipedia:List_of_video_games_released_in_2026,Product left the live dataset
2026-09-02,product,removed,Digimon Story: Time Stranger,presence,present,removed,wikipedia:List_of_video_games_released_in_2026,Product left the live dataset
2026-09-02,product,removed,Wuthering Waves,presence,present,removed,wikipedia:List_of_video_games_released_in_2026,Product left the live dataset
2026-09-02,product,removed,Octopath Traveler II,presence,present,removed,wikipedia:List_of_video_games_released_in_2026,Product left the live dataset
2026-09-02,product,removed,Digimon UP,presence,present,removed,wikipedia:List_of_video_games_released_in_2026,Product left the live dataset
2026-09-02,product,removed,Full Stride,presence,present,removed,wikipedia:List_of_video_games_released_in_2026,Product left the live dataset
2026-09-02,product,removed,Kyoto Xanadu,presence,present,removed,wikipedia:List_of_video_games_released_in_2026,Product left the live dataset
2026-09-02,product,removed,Moss: The Forgotten Relic,presence,present,removed,wikipedia:List_of_video_games_released_in_2026,Product left the live dataset
2026-09-02,product,removed,eBaseball: Pro Spirit 2026,presence,present,removed,wikipedia:List_of_video_games_released_in_2026,Product left the live dataset
2026-09-02,product,removed,Avatar Legends: The Fighting Game,presence,present,removed,wikipedia:List_of_video_games_released_in_2026,Product left the live dataset
2026-09-02,product,removed,Dodo Duckie!,presence,present,removed,wikipedia:List_of_video_games_released_in_2026,Product left the live dataset
2026-09-02,product,removed,DragonSword: Awakening,presence,present,removed,wikipedia:List_of_video_games_released_in_2026,Product left the live dataset
2026-09-02,product,removed,Hard Edge,presence,present,removed,wikipedia:List_of_video_games_released_in_2026,Product left the live dataset
2026-09-02,product,removed,Hololive Dreams,presence,present,removed,wikipedia:List_of_video_games_released_in_2026,Product left the live dataset
2026-09-02,product,removed,Staffer Retro: A Supernatural Mystery Quest,presence,present,removed,wikipedia:List_of_video_games_released_in_2026,Product left the live dataset
2026-09-02,product,removed,The Angel Next Door Spoils Me Rotten,presence,present,removed,wikipedia:List_of_video_games_released_in_2026,Product left the live dataset
2026-09-02,product,removed,Valkyrie Tune: Synthesis of Souls,presence,present,removed,wikipedia:List_of_video_games_released_in_2026,Product left the live dataset
2026-09-02,product,removed,An Eggstremely Hard Game,presence,present,removed,wikipedia:List_of_video_games_released_in_2026,Product left the live dataset
2026-09-02,product,removed,Kazuma Kaneko's Tsukuyomi,presence,present,removed,wikipedia:List_of_video_games_released_in_2026,Product left the live dataset
2026-09-02,product,removed,Suika Game Planet,presence,present,removed,wikipedia:List_of_video_games_released_in_2026,Product left the live dataset
2026-09-02,product,removed,Dystopicon,presence,present,removed,wikipedia:List_of_video_games_released_in_2026,Product left the live dataset
2026-09-02,product,removed,EverQuest,presence,present,removed,wikipedia:List_of_video_games_released_in_2026,Product left the live dataset
2026-09-02,product,removed,Gothic Classic,presence,present,removed,wikipedia:List_of_video_games_released_in_2026,Product left the live dataset
2026-09-02,product,removed,Halo: Campaign Evolved,presence,present,removed,wikipedia:List_of_video_games_released_in_2026,Product left the live dataset
2026-09-02,product,removed,Harvest Moon: The Lost Valley,presence,present,removed,wikipedia:List_of_video_games_released_in_2026,Product left the live dataset
2026-09-02,product,removed,Aretha,presence,present,removed,wikipedia:List_of_video_games_released_in_2026,Product left the live dataset
2026-09-02,product,removed,Culdcept The First,presence,present,removed,wikipedia:List_of_video_games_released_in_2026,Product left the live dataset
2026-09-02,product,removed,Fantasy Maiden Wars: Dream of the Stray Dreamer,presence,present,removed,wikipedia:List_of_video_games_released_in_2026,Product left the live dataset
2026-09-02,product,removed,Kinki Spiritual Affairs Bureau,presence,present,removed,wikipedia:List_of_video_games_released_in_2026,Product left the live dataset
2026-09-02,product,removed,Rose Guns Days Season 2,presence,present,removed,wikipedia:List_of_video_games_released_in_2026,Product left the live dataset
2026-09-02,product,removed,Signy & Mino: Against All Gods,presence,present,removed,wikipedia:List_of_video_games_released_in_2026,Product left the live dataset
2026-09-02,product,removed,Sponge Break,presence,present,removed,wikipedia:List_of_video_games_released_in_2026,Product left the live dataset
2026-09-02,product,removed,Turnip Mountain,presence,present,removed,wikipedia:List_of_video_games_released_in_2026,Product left the live dataset
2026-09-02,product,removed,Verho: Curse of Faces,presence,present,removed,wikipedia:List_of_video_games_released_in_2026,Product left the live dataset
2026-09-02,product,removed,Xenoblade Chronicles 2 – Nintendo Switch 2 Edition,presence,present,removed,wikipedia:List_of_video_games_released_in_2026,Product left the live dataset
2026-09-02,product,removed,Batman: Caped Crusader,presence,present,removed,wikipedia:List_of_video_games_released_in_2026,Product left the live dataset
2026-09-02,product,removed,Dragon Hopper,presence,present,removed,wikipedia:List_of_video_games_released_in_2026,Product left the live dataset
2026-09-02,product,removed,Final Fantasy XIV,presence,present,removed,wikipedia:List_of_video_games_released_in_2026,Product left the live dataset
2026-09-02,product,removed,Zero Racers,presence,present,removed,wikipedia:List_of_video_games_released_in_2026,Product left the live dataset
2026-09-02,product,removed,Lost & Found: A This Bed We Made Story,presence,present,removed,wikipedia:List_of_video_games_released_in_2026,Product left the live dataset
2026-09-02,product,removed,Ao Oni,presence,present,removed,wikipedia:List_of_video_games_released_in_2026,Product left the live dataset
2026-09-02,product,removed,Changeable Guardian Estique,presence,present,removed,wikipedia:List_of_video_games_released_in_2026,Product left the live dataset
2026-09-02,product,removed,Cotton Rock with You: Oriental Night Dreams,presence,present,removed,wikipedia:List_of_video_games_released_in_2026,Product left the live dataset
2026-09-02,product,removed,Iron Nest,presence,present,removed,wikipedia:List_of_video_games_released_in_2026,Product left the live dataset
2026-09-02,product,removed,Marvel Tokon: Fighting Souls,presence,present,removed,wikipedia:List_of_video_games_released_in_2026,Product left the live dataset
2026-09-02,product,removed,Obakeidoro 2: Chase & Seek,presence,present,removed,wikidata,Product left the live dataset
2026-09-02,product,removed,ReStory: Chill Electronics Repairs,presence,present,removed,wikipedia:List_of_video_games_released_in_2026,Product left the live dataset
2026-09-02,product,removed,Tensei Game: Karma x Cross,presence,present,removed,wikipedia:List_of_video_games_released_in_2026,Product left the live dataset
2026-09-02,product,removed,Expeditions: Samurai,presence,present,removed,wikipedia:List_of_video_games_released_in_2026,Product left the live dataset
2026-09-02,product,removed,Suikoden: Star Leap,presence,present,removed,wikipedia:List_of_video_games_released_in_2026,Product left the live dataset
2026-09-02,product,removed,1998: The Toll Keeper Story,presence,present,removed,wikipedia:List_of_video_games_released_in_2026,Product left the live dataset
2026-09-02,product,removed,Dungeon of Dragon Knight Remake,presence,present,removed,wikipedia:List_of_video_games_released_in_2026,Product left the live dataset
2026-09-02,product,removed,Knytt,presence,present,removed,wikipedia:List_of_video_games_released_in_2026,Product left the live dataset
2026-09-02,product,removed,Sacred 2: Fallen Angel Remaster,presence,present,removed,wikipedia:List_of_video_games_released_in_2026,Product left the live dataset
2026-09-02,product,removed,The Elder Scrolls IV: Oblivion Remastered,presence,present,removed,wikipedia:List_of_video_games_released_in_2026,Product left the live dataset
2026-09-02,product,removed,The Lord of the Rings: War in the North,presence,present,removed,wikipedia:List_of_video_games_released_in_2026,Product left the live dataset
2026-09-02,product,removed,Agefield High: Rock the School,presence,present,removed,wikipedia:List_of_video_games_released_in_2026,Product left the live dataset
2026-09-02,product,removed,Finding Polka,presence,present,removed,wikipedia:List_of_video_games_released_in_2026,Product left the live dataset
2026-09-02,product,removed,Arknights,presence,present,removed,wikipedia:List_of_video_games_released_in_2026,Product left the live dataset
2026-09-02,product,removed,BlazBlue Entropy Effect X – Nintendo Switch 2 Edition,presence,present,removed,wikipedia:List_of_video_games_released_in_2026,Product left the live dataset
2026-09-02,product,removed,Dash'n'Drops,presence,present,removed,wikipedia:List_of_video_games_released_in_2026,Product left the live dataset
2026-09-02,product,removed,Defender of the Crown,presence,present,removed,wikipedia:List_of_video_games_released_in_2026,Product left the live dataset
2026-09-02,product,removed,Hell Let Loose: Vietnam,presence,present,removed,wikipedia:List_of_video_games_released_in_2026,Product left the live dataset
2026-09-02,product,removed,IGS,presence,present,removed,wikipedia:List_of_video_games_released_in_2026,Product left the live dataset
2026-09-02,product,removed,Panzer Knights: Commander’s Edition,presence,present,removed,wikipedia:List_of_video_games_released_in_2026,Product left the live dataset
2026-09-02,product,removed,Super Mario Sunshine,presence,present,removed,wikipedia:List_of_video_games_released_in_2026,Product left the live dataset
2026-09-02,product,removed,Mafia: The Old Country — Man of Honor,presence,present,removed,wikipedia:List_of_video_games_released_in_2026,Product left the live dataset
2026-09-02,product,removed,Gobliiins,presence,present,removed,wikipedia:List_of_video_games_released_in_2026,Product left the live dataset
2026-09-02,product,removed,DayZ Cool Edition,presence,present,removed,wikipedia:List_of_video_games_released_in_2026,Product left the live dataset
2026-09-02,product,removed,Dogpile,presence,present,removed,wikipedia:List_of_video_games_released_in_2026,Product left the live dataset
2026-09-02,product,removed,Dungeon Antiqua 2,presence,present,removed,wikipedia:List_of_video_games_released_in_2026,Product left the live dataset
2026-09-02,product,removed,Mexican Ninja,presence,present,removed,wikipedia:List_of_video_games_released_in_2026,Product left the live dataset
2026-09-02,product,removed,Mortal Shell II,presence,present,removed,wikipedia:List_of_video_games_released_in_2026,Product left the live dataset
2026-09-02,product,removed,Over Requiemz,presence,present,removed,wikipedia:List_of_video_games_released_in_2026,Product left the live dataset
2026-09-02,product,removed,Pipistrello and the Cursed Yoyo,presence,present,removed,wikipedia:List_of_video_games_released_in_2026,Product left the live dataset
2026-09-02,product,removed,S.T.A.L.K.E.R. 2: Cost of Hope,presence,present,removed,wikipedia:List_of_video_games_released_in_2026,Product left the live dataset
2026-09-02,product,removed,Blasterbug: Last Bug Standing!,presence,present,removed,wikipedia:List_of_video_games_released_in_2026,Product left the live dataset
2026-09-02,product,removed,Aliens: Fireteam Elite 2,presence,present,removed,wikipedia:List_of_video_games_released_in_2026,Product left the live dataset
2026-09-02,product,removed,Apidya' Special,presence,present,removed,wikipedia:List_of_video_games_released_in_2026,Product left the live dataset
2026-09-02,product,removed,Blood Dungeon,presence,present,removed,wikipedia:List_of_video_games_released_in_2026,Product left the live dataset
2026-09-02,product,removed,Once Human,presence,present,removed,wikipedia:List_of_video_games_released_in_2026,Product left the live dataset
2026-09-02,product,removed,Aggelos II,presence,present,removed,wikipedia:List_of_video_games_released_in_2026,Product left the live dataset
2026-09-02,product,removed,Brigandine: Abyss,presence,present,removed,wikipedia:List_of_video_games_released_in_2026,Product left the live dataset
2026-09-02,product,removed,Hakuoki Ibun: Berezinskii no Majo,presence,present,removed,wikipedia:List_of_video_games_released_in_2026,Product left the live dataset
2026-09-02,product,removed,Kalanoro,presence,present,removed,wikipedia:List_of_video_games_released_in_2026,Product left the live dataset
2026-09-02,product,removed,Metal Gear Solid: Master Collection Vol. 2,presence,present,removed,wikipedia:List_of_video_games_released_in_2026,Product left the live dataset
2026-09-02,product,removed,Mind Diver,presence,present,removed,wikipedia:List_of_video_games_released_in_2026,Product left the live dataset
2026-09-02,product,removed,Model Debut4,presence,present,removed,wikipedia:List_of_video_games_released_in_2026,Product left the live dataset
2026-09-02,product,removed,Neptunia,presence,present,removed,wikipedia:List_of_video_games_released_in_2026,Product left the live dataset
2026-09-02,product,removed,Platonica Space,presence,present,removed,wikipedia:List_of_video_games_released_in_2026,Product left the live dataset
2026-09-02,product,removed,Resonance: A Plague Tale Legacy,presence,present,removed,wikipedia:List_of_video_games_released_in_2026,Product left the live dataset
2026-09-02,product,removed,Captain Tsubasa,presence,present,removed,wikipedia:List_of_video_games_released_in_2026,Product left the live dataset
2026-09-02,product,removed,Vampire Survivors: Legacy of the Bloodmoon,presence,present,removed,wikipedia:List_of_video_games_released_in_2026,Product left the live dataset
2026-09-02,product,removed,Serious Sam: Shatterverse,presence,present,removed,wikipedia:List_of_video_games_released_in_2026,Product left the live dataset
2026-09-02,product,removed,12–13,presence,present,removed,wikipedia:2026_in_video_games,Product left the live dataset
2026-09-02,product,removed,Aerial_Knight's MrFreezy,presence,present,removed,wikipedia:List_of_video_games_released_in_2026,Product left the live dataset
2026-09-02,product,removed,Alien Breed,presence,present,removed,wikipedia:List_of_video_games_released_in_2026,Product left the live dataset
2026-09-02,product,removed,Knuckle Jet,presence,present,removed,wikidata,Product left the live dataset
2026-09-02,product,removed,Path of Mystery,presence,present,removed,wikipedia:List_of_video_games_released_in_2026,Product left the live dataset
2026-09-02,product,removed,Emery Hearts,presence,present,removed,wikipedia:List_of_video_games_released_in_2026,Product left the live dataset
2026-09-02,product,removed,Moonlighter 2: The Endless Vault,presence,present,removed,wikipedia:List_of_video_games_released_in_2026,Product left the live dataset
2026-09-02,product,removed,Donutal,presence,present,removed,wikipedia:List_of_video_games_released_in_2026,Product left the live dataset
2026-09-02,product,removed,SpeedRunners 2: King of Speed,presence,present,removed,wikipedia:List_of_video_games_released_in_2026,Product left the live dataset
2026-09-02,product,removed,Wo Long: Fallen Dynasty,presence,present,removed,wikipedia:List_of_video_games_released_in_2026,Product left the live dataset
2026-09-02,product,removed,Isle of Reveries,presence,present,removed,wikipedia:List_of_video_games_released_in_2026,Product left the live dataset
2026-09-02,product,removed,Onimusha: Way of the Sword,presence,present,removed,wikipedia:List_of_video_games_released_in_2026,Product left the live dataset
2026-09-02,product,removed,Phantom of Inferno,presence,present,removed,wikipedia:List_of_video_games_released_in_2026,Product left the live dataset
2026-09-02,product,removed,Teenage Mutant Ninja Turtles Arcade: Wrath of the Mutants,presence,present,removed,wikipedia:List_of_video_games_released_in_2026,Product left the live dataset
2026-09-02,product,removed,Mythmon: Mythic Monsters,presence,present,removed,wikipedia:List_of_video_games_released_in_2026,Product left the live dataset
2026-09-02,product,removed,Culdcept The First Saturn Tribute,presence,present,removed,wikipedia:List_of_video_games_released_in_2026,Product left the live dataset
2026-09-02,product,removed,Halloween: The Game,presence,present,removed,wikipedia:List_of_video_games_released_in_2026,Product left the live dataset
2026-09-02,product,removed,Honeycomb: The World Beyond,presence,present,removed,wikipedia:List_of_video_games_released_in_2026,Product left the live dataset
2026-09-02,product,removed,Sprawl Zero,presence,present,removed,wikipedia:List_of_video_games_released_in_2026,Product left the live dataset
2026-09-02,product,removed,In Falsus,presence,present,removed,wikipedia:List_of_video_games_released_in_2026,Product left the live dataset
2026-09-02,product,removed,BrokenLore: Don't Lie,presence,present,removed,wikipedia:List_of_video_games_released_in_2026,Product left the live dataset
2026-09-02,product,removed,Dumb Ways to Build,presence,present,removed,wikipedia:List_of_video_games_released_in_2026,Product left the live dataset
2026-09-02,product,removed,Ex Sanguis,presence,present,removed,wikipedia:List_of_video_games_released_in_2026,Product left the live dataset
2026-09-02,product,removed,Gakkou de atta Kowai Hanashi,presence,present,removed,wikipedia:List_of_video_games_released_in_2026,Product left the live dataset
2026-09-02,product,removed,Hazard Pay,presence,present,removed,wikipedia:List_of_video_games_released_in_2026,Product left the live dataset
2026-09-02,product,removed,Hot Wheels,presence,present,removed,wikipedia:List_of_video_games_released_in_2026,Product left the live dataset
2026-09-02,product,removed,Takeover 2,presence,present,removed,wikipedia:List_of_video_games_released_in_2026,Product left the live dataset
2026-09-02,product,removed,The Alighieri Circle: Dante's Bloodline,presence,present,removed,wikipedia:List_of_video_games_released_in_2026,Product left the live dataset
2026-09-02,product,removed,Touhou Koumakyou: New Classic ~ The Embodiment of Scarlet Devil,presence,present,removed,wikipedia:List_of_video_games_released_in_2026,Product left the live dataset
2026-09-02,product,removed,Tsukikomori,presence,present,removed,wikipedia:List_of_video_games_released_in_2026,Product left the live dataset
2026-09-02,product,removed,Destroy All Humans! 2: Reprobed,presence,present,removed,wikipedia:List_of_video_games_released_in_2026,Product left the live dataset
2026-09-02,product,removed,Fright Train,presence,present,removed,wikipedia:List_of_video_games_released_in_2026,Product left the live dataset
2026-09-02,product,removed,RuneScape,presence,present,removed,wikipedia:List_of_video_games_released_in_2026,Product left the live dataset
2026-09-02,product,removed,Train Sim World,presence,present,removed,wikipedia:List_of_video_games_released_in_2026,Product left the live dataset
2026-09-02,product,removed,Monowave,presence,present,removed,wikipedia:List_of_video_games_released_in_2026,Product left the live dataset
2026-09-02,product,removed,Roman Sands RE:Build,presence,present,removed,wikipedia:List_of_video_games_released_in_2026,Product left the live dataset
2026-09-02,product,removed,Two Point Hospital: Full Health Collection,presence,present,removed,wikipedia:List_of_video_games_released_in_2026,Product left the live dataset
2026-09-02,product,removed,Akiba Lost,presence,present,removed,wikipedia:List_of_video_games_released_in_2026,Product left the live dataset
2026-09-02,product,removed,Concrete Burial,presence,present,removed,wikipedia:List_of_video_games_released_in_2026,Product left the live dataset
2026-09-02,product,removed,Endless Legend II,presence,present,removed,wikidata,Product left the live dataset
2026-09-02,product,removed,Fire Emblem: Fortune's Weave,presence,present,removed,wikipedia:List_of_video_games_released_in_2026,Product left the live dataset
2026-09-02,product,removed,Flamecraft,presence,present,removed,wikipedia:List_of_video_games_released_in_2026,Product left the live dataset
2026-09-02,product,removed,Granblue Fantasy Versus: Rising,presence,present,removed,wikipedia:List_of_video_games_released_in_2026,Product left the live dataset
2026-09-02,product,removed,Patlabor: The Case Files,presence,present,removed,wikipedia:List_of_video_games_released_in_2026,Product left the live dataset
2026-09-02,product,removed,The Guild 1 Remake: Europa 1410,presence,present,removed,wikipedia:List_of_video_games_released_in_2026,Product left the live dataset
2026-09-02,product,removed,Tristia: Chronicles,presence,present,removed,wikipedia:List_of_video_games_released_in_2026,Product left the live dataset
2026-09-02,product,removed,Trivia Murder Party 3,presence,present,removed,wikipedia:List_of_video_games_released_in_2026,Product left the live dataset
2026-09-02,product,removed,The Grinch,presence,present,removed,wikipedia:List_of_video_games_released_in_2026,Product left the live dataset
2026-09-02,product,removed,The Walking Dead: Streets of Survival,presence,present,removed,wikipedia:List_of_video_games_released_in_2026,Product left the live dataset
2026-09-02,product,removed,Dune: Awakening,presence,present,removed,wikipedia:List_of_video_games_released_in_2026,Product left the live dataset
2026-09-02,product,removed,EbiTapes,presence,present,removed,wikipedia:List_of_video_games_released_in_2026,Product left the live dataset
2026-09-02,product,removed,Well Dweller,presence,present,removed,wikipedia:List_of_video_games_released_in_2026,Product left the live dataset
2026-09-02,product,removed,Aniimo,presence,present,removed,wikipedia:List_of_video_games_released_in_2026,Product left the live dataset
2026-09-02,product,removed,Derby Stallion,presence,present,removed,wikipedia:List_of_video_games_released_in_2026,Product left the live dataset
2026-09-02,product,removed,Dragon Quest XI S: Echoes of an Elusive Age,presence,present,removed,wikipedia:List_of_video_games_released_in_2026,Product left the live dataset
2026-09-02,product,removed,Farming Camp,presence,present,removed,wikipedia:List_of_video_games_released_in_2026,Product left the live dataset
2026-09-02,product,removed,Qliphah in Providence's Shadow,presence,present,removed,wikipedia:List_of_video_games_released_in_2026,Product left the live dataset
2026-09-02,product,removed,Shinobi: Art of Vengeance,presence,present,removed,wikipedia:List_of_video_games_released_in_2026,Product left the live dataset
2026-09-02,product,removed,SiN: Reloaded,presence,present,removed,wikipedia:List_of_video_games_released_in_2026,Product left the live dataset
2026-09-02,product,removed,Silent Hill: Townfall,presence,present,removed,wikipedia:List_of_video_games_released_in_2026,Product left the live dataset
2026-09-02,product,removed,Gothic II Complete Classic,presence,present,removed,wikipedia:List_of_video_games_released_in_2026,Product left the live dataset
2026-09-02,product,removed,The Witcher 3: Wild Hunt – Remastered,presence,present,removed,wikipedia:List_of_video_games_released_in_2026,Product left the live dataset
2026-09-02,product,removed,Transport Fever 3,presence,present,removed,wikipedia:List_of_video_games_released_in_2026,Product left the live dataset
2026-09-02,product,removed,Songs of Glimmerwick,presence,present,removed,wikipedia:List_of_video_games_released_in_2026,Product left the live dataset
2026-09-02,product,removed,Augment Protocol,presence,present,removed,wikipedia:List_of_video_games_released_in_2026,Product left the live dataset
2026-09-02,product,removed,Colorbound,presence,present,removed,wikipedia:List_of_video_games_released_in_2026,Product left the live dataset
2026-09-02,product,removed,Don't Fret,presence,present,removed,wikipedia:List_of_video_games_released_in_2026,Product left the live dataset
2026-09-02,product,removed,Dynasty Warriors 3: Complete Edition Remastered,presence,present,removed,wikipedia:List_of_video_games_released_in_2026,Product left the live dataset
2026-09-02,product,removed,Hubert,presence,present,removed,wikipedia:List_of_video_games_released_in_2026,Product left the live dataset
2026-09-02,product,removed,MXGP,presence,present,removed,wikipedia:List_of_video_games_released_in_2026,Product left the live dataset
2026-09-02,product,removed,Muchi Muchi Pork!,presence,present,removed,wikipedia:List_of_video_games_released_in_2026,Product left the live dataset
2026-09-02,product,removed,RetroSpace,presence,present,removed,wikipedia:List_of_video_games_released_in_2026,Product left the live dataset
2026-09-02,product,removed,We Were Here Tomorrow,presence,present,removed,wikipedia:List_of_video_games_released_in_2026,Product left the live dataset
2026-09-02,product,removed,Ace Combat 8: Wings of Theve,presence,present,removed,wikipedia:List_of_video_games_released_in_2026,Product left the live dataset
2026-09-02,product,removed,Magical Craft: My Enchanted Dress Shop,presence,present,removed,wikipedia:List_of_video_games_released_in_2026,Product left the live dataset
2026-09-02,product,removed,Aion,presence,present,removed,wikipedia:List_of_video_games_released_in_2026,Product left the live dataset
2026-09-02,product,removed,Disney Epic Mickey: Rebrushed,presence,present,removed,wikipedia:List_of_video_games_released_in_2026,Product left the live dataset
2026-09-02,product,removed,Gears of War: E-Day,presence,present,removed,wikipedia:List_of_video_games_released_in_2026,Product left the live dataset
2026-09-02,product,removed,Star Wars: Galactic Racer,presence,present,removed,wikipedia:List_of_video_games_released_in_2026,Product left the live dataset
2026-09-02,product,removed,Boku to Tsuri Nikki,presence,present,removed,wikipedia:List_of_video_games_released_in_2026,Product left the live dataset
2026-09-02,product,removed,Clive Barker's Hellraiser: Revival,presence,present,removed,wikipedia:List_of_video_games_released_in_2026,Product left the live dataset
2026-09-02,product,removed,Kingdom Hearts Collection [I ~ III,presence,present,removed,wikipedia:List_of_video_games_released_in_2026,Product left the live dataset
2026-09-02,product,removed,Order of the Sinking Star,presence,present,removed,wikipedia:List_of_video_games_released_in_2026,Product left the live dataset
2026-09-02,product,removed,Sesame Street,presence,present,removed,wikipedia:List_of_video_games_released_in_2026,Product left the live dataset
2026-09-02,product,removed,Deep Dish Dungeon,presence,present,removed,wikipedia:List_of_video_games_released_in_2026,Product left the live dataset
2026-09-02,product,removed,SpongeBob SquarePants: Titans of the Tide,presence,present,removed,wikipedia:List_of_video_games_released_in_2026,Product left the live dataset
2026-09-02,product,removed,"Warhammer 40,000: Boltgun 2",presence,present,removed,wikipedia:List_of_video_games_released_in_2026,Product left the live dataset
2026-09-02,product,removed,Castlevania: Belmont's Curse,presence,present,removed,wikipedia:List_of_video_games_released_in_2026,Product left the live dataset
2026-09-02,product,removed,Harvest Moon: Echoes of Teradea,presence,present,removed,wikipedia:List_of_video_games_released_in_2026,Product left the live dataset
2026-09-02,product,removed,The Jackbox Party Pack 12,presence,present,removed,wikipedia:List_of_video_games_released_in_2026,Product left the live dataset
2026-09-02,product,removed,Tormented Souls II,presence,present,removed,wikipedia:List_of_video_games_released_in_2026,Product left the live dataset
2026-09-02,product,removed,Toy Story 3: Complete Edition,presence,present,removed,wikipedia:List_of_video_games_released_in_2026,Product left the live dataset
2026-09-02,product,removed,Toy Story: Retro Roundup!,presence,present,removed,wikipedia:List_of_video_games_released_in_2026,Product left the live dataset
2026-09-02,product,removed,Blue Ridge Hunting,presence,present,removed,wikipedia:List_of_video_games_released_in_2026,Product left the live dataset
2026-09-02,product,removed,Star Trek: Outposts Unknown,presence,present,removed,wikipedia:List_of_video_games_released_in_2026,Product left the live dataset
2026-09-02,product,removed,Azure Striker Gunvolt Trilogy Enhanced – Nintendo Switch 2 Edition,presence,present,removed,wikipedia:List_of_video_games_released_in_2026,Product left the live dataset
2026-09-02,product,removed,Demons' Night Fever,presence,present,removed,wikipedia:List_of_video_games_released_in_2026,Product left the live dataset
2026-09-02,product,removed,Nintendo Switch Sports Resort,presence,present,removed,wikipedia:List_of_video_games_released_in_2026,Product left the live dataset
2026-09-02,product,removed,Red Chat Ritual: TSUMIMI TIME,presence,present,removed,wikipedia:List_of_video_games_released_in_2026,Product left the live dataset
2026-09-02,product,removed,Call of Duty: Modern Warfare 4,presence,present,removed,wikipedia:List_of_video_games_released_in_2026,Product left the live dataset
2026-09-02,product,removed,One Piece: Grand Gourmet,presence,present,removed,wikipedia:List_of_video_games_released_in_2026,Product left the live dataset
2026-09-02,product,removed,9 R.I.P. sequel,presence,present,removed,wikipedia:List_of_video_games_released_in_2026,Product left the live dataset
2026-09-02,product,removed,Minecraft: Bedrock Edition,presence,present,removed,wikipedia:List_of_video_games_released_in_2026,Product left the live dataset
2026-09-02,product,removed,Remothered,presence,present,removed,wikipedia:List_of_video_games_released_in_2026,Product left the live dataset
2026-09-02,product,removed,The Séance of Blake Manor,presence,present,removed,wikipedia:List_of_video_games_released_in_2026,Product left the live dataset
2026-09-02,product,removed,Black Lily’s Tale,presence,present,removed,wikipedia:List_of_video_games_released_in_2026,Product left the live dataset
2026-09-02,product,removed,Danchi Days,presence,present,removed,wikipedia:List_of_video_games_released_in_2026,Product left the live dataset
2026-09-02,product,removed,Demon Slayer: Kimetsu no Yaiba – The Hinokami Chronicles 2 – Nintendo Switch 2 Edition,presence,present,removed,wikipedia:List_of_video_games_released_in_2026,Product left the live dataset
2026-09-02,product,removed,Hello Kitty Party Land,presence,present,removed,wikipedia:List_of_video_games_released_in_2026,Product left the live dataset
2026-09-02,product,removed,Joe & Mac,presence,present,removed,wikipedia:List_of_video_games_released_in_2026,Product left the live dataset
2026-09-02,product,removed,The Wolf Among Us Remastered,presence,present,removed,wikipedia:List_of_video_games_released_in_2026,Product left the live dataset
2026-09-02,product,removed,The Cat in the Hat,presence,present,removed,wikipedia:List_of_video_games_released_in_2026,Product left the live dataset
2026-09-02,product,removed,Gravhounds,presence,present,removed,wikipedia:List_of_video_games_released_in_2026,Product left the live dataset
2026-09-02,product,removed,Godzilla: Destroy All Monsters Melee Remastered,presence,present,removed,wikipedia:List_of_video_games_released_in_2026,Product left the live dataset
2026-09-02,product,removed,Wilderdark,presence,present,removed,wikipedia:List_of_video_games_released_in_2026,Product left the live dataset
2026-09-02,product,removed,Crymelight,presence,present,removed,wikipedia:List_of_video_games_released_in_2026,Product left the live dataset
2026-09-02,product,removed,K-POP Rising: Dream to Shine,presence,present,removed,wikipedia:List_of_video_games_released_in_2026,Product left the live dataset
2026-09-02,product,removed,Wielders of the Essence,presence,present,removed,wikipedia:List_of_video_games_released_in_2026,Product left the live dataset
2026-09-02,product,removed,Hasbro,presence,present,removed,wikipedia:List_of_video_games_released_in_2026,Product left the live dataset
2026-09-02,product,removed,Barbie Rewind,presence,present,removed,wikipedia:List_of_video_games_released_in_2026,Product left the live dataset
2026-09-02,product,removed,Moomin,presence,present,removed,wikipedia:List_of_video_games_released_in_2026,Product left the live dataset
2026-09-02,product,removed,Prinny,presence,present,removed,wikipedia:List_of_video_games_released_in_2026,Product left the live dataset
2026-09-02,product,removed,The Binding of Isaac: Repentance+,presence,present,removed,wikipedia:List_of_video_games_released_in_2026,Product left the live dataset
2026-09-02,product,removed,Volvy’s Adventure: Reslimed,presence,present,removed,wikipedia:List_of_video_games_released_in_2026,Product left the live dataset
2026-09-02,product,removed,Gothic 3 Classic,presence,present,removed,wikipedia:List_of_video_games_released_in_2026,Product left the live dataset
2026-09-02,product,removed,Expelled from Paradise,presence,present,removed,wikipedia:List_of_video_games_released_in_2026,Product left the live dataset
2026-09-02,product,removed,Kimiiro Patra IF,presence,present,removed,wikipedia:List_of_video_games_released_in_2026,Product left the live dataset
2026-09-02,product,removed,10,presence,present,removed,wikipedia:2026_in_video_games,Product left the live dataset
2026-09-02,product,removed,Dumpster Gang,presence,present,removed,wikipedia:List_of_video_games_released_in_2026,Product left the live dataset
2026-09-02,product,removed,Dragon Quest Monsters: The Withered World,presence,present,removed,wikipedia:List_of_video_games_released_in_2026,Product left the live dataset
2026-09-02,product,removed,SOMBRAS: negative frames,presence,present,removed,wikipedia:List_of_video_games_released_in_2026,Product left the live dataset
2026-09-02,product,removed,"Warhammer 40,000: Dawn of War IV",presence,present,removed,wikipedia:List_of_video_games_released_in_2026,Product left the live dataset
2026-09-02,product,removed,Xenoblade Chronicles 3 – Nintendo Switch 2 Edition,presence,present,removed,wikipedia:List_of_video_games_released_in_2026,Product left the live dataset
2026-09-02,product,removed,Feda: The Emblem of Justice,presence,present,removed,wikipedia:List_of_video_games_released_in_2026,Product left the live dataset
2026-09-02,product,removed,Ninja Baseball League-Man: Bases Loaded,presence,present,removed,wikipedia:List_of_video_games_released_in_2026,Product left the live dataset
2026-09-02,product,removed,Stage Tour,presence,present,removed,wikipedia:List_of_video_games_released_in_2026,Product left the live dataset
2026-09-02,product,removed,Uta no Prince-sama,presence,present,removed,wikipedia:List_of_video_games_released_in_2026,Product left the live dataset
2026-09-02,product,removed,Battle royale,presence,present,removed,wikipedia:2026_in_video_games,Product left the live dataset
2026-09-02,product,removed,Beat 'em up,presence,present,removed,wikipedia:2026_in_video_games,Product left the live dataset
2026-09-02,product,removed,DCCG,presence,present,removed,wikipedia:2026_in_video_games,Product left the live dataset
2026-09-02,product,removed,"DROID, iOS",presence,present,removed,wikipedia:2026_in_video_games,Product left the live dataset
2026-09-02,product,removed,Epic Games,presence,present,removed,wikipedia:2026_in_video_games,Product left the live dataset
2026-09-02,product,removed,European Commission,presence,present,removed,wikipedia:2026_in_video_games,Product left the live dataset
2026-09-02,product,removed,FPS,presence,present,removed,wikipedia:2026_in_video_games,Product left the live dataset
2026-09-02,product,removed,Frost Giant Studios,presence,present,removed,wikipedia:2026_in_video_games,Product left the live dataset
2026-09-02,product,removed,Gamescom,presence,present,removed,wikipedia:2026_in_video_games,Product left the live dataset
2026-09-02,product,removed,Hack and slash,presence,present,removed,wikipedia:2026_in_video_games,Product left the live dataset
2026-09-02,product,removed,House House,presence,present,removed,wikipedia:2026_in_video_games,Product left the live dataset
2026-09-02,product,removed,Kart racing,presence,present,removed,wikipedia:2026_in_video_games,Product left the live dataset
2026-09-02,product,removed,MMO,presence,present,removed,wikipedia:2026_in_video_games,Product left the live dataset
2026-09-02,product,removed,MMOPRG,presence,present,removed,wikipedia:2026_in_video_games,Product left the live dataset
2026-09-02,product,removed,MMORPG,presence,present,removed,wikipedia:2026_in_video_games,Product left the live dataset
2026-09-02,product,removed,Microsoft Gaming,presence,present,removed,wikipedia:2026_in_video_games,Product left the live dataset
2026-09-02,product,removed,PS3,presence,present,removed,wikipedia:2026_in_video_games,Product left the live dataset
2026-09-02,product,removed,Phoave,presence,present,removed,wikipedia:2026_in_video_games,Product left the live dataset
2026-09-02,product,removed,Playground Games,presence,present,removed,wikipedia:2026_in_video_games,Product left the live dataset
2026-09-02,product,removed,Quest,presence,present,removed,wikipedia:2026_in_video_games,Product left the live dataset
2026-09-02,product,removed,RPG,presence,present,removed,wikipedia:2026_in_video_games,Product left the live dataset
2026-09-02,product,removed,Rhythm,presence,present,removed,wikipedia:2026_in_video_games,Product left the live dataset
2026-09-02,product,removed,Sandbox,presence,present,removed,wikipedia:2026_in_video_games,Product left the live dataset
2026-09-02,product,removed,Shooter,presence,present,removed,wikipedia:2026_in_video_games,Product left the live dataset
2026-09-02,product,removed,Steam,presence,present,removed,wikipedia:2026_in_video_games,Product left the live dataset
2026-09-02,product,removed,Steam Frame,presence,present,removed,wikipedia:2026_in_video_games,Product left the live dataset
2026-09-02,product,removed,Survival,presence,present,removed,wikipedia:2026_in_video_games,Product left the live dataset
2026-09-02,product,removed,TPS,presence,present,removed,wikipedia:2026_in_video_games,Product left the live dataset
2026-09-02,product,removed,Tokyo Game Show,presence,present,removed,wikipedia:2026_in_video_games,Product left the live dataset
2026-09-02,product,removed,Tower defense,presence,present,removed,wikipedia:2026_in_video_games,Product left the live dataset
2026-09-02,product,removed,Ubisoft,presence,present,removed,wikipedia:2026_in_video_games,Product left the live dataset
2026-09-02,product,removed,Yacht Club Games,presence,present,removed,wikipedia:2026_in_video_games,Product left the live dataset
2026-09-02,product,removed,iOS,presence,present,removed,wikipedia:2026_in_video_games,Product left the live dataset
2026-09-02,product,removed,id Software,presence,present,removed,wikipedia:2026_in_video_games,Product left the live dataset
2026-09-02,product,removed,right to repair,presence,present,removed,wikipedia:2026_in_video_games,Product left the live dataset
2026-09-02,product,removed,Karous,presence,present,removed,wikipedia:List_of_video_games_released_in_2027,Product left the live dataset
2026-09-02,product,removed,Q1,presence,present,removed,wikipedia:List_of_video_games_released_in_2027,Product left the live dataset
2026-09-02,product,removed,Q1/Q2 2027,presence,present,removed,wikipedia:2027_in_video_games,Product left the live dataset
2026-09-02,product,removed,Armatus,presence,present,removed,wikipedia:List_of_video_games_released_in_2027,Product left the live dataset
2026-09-02,product,removed,13Z: The Zodiac Trials,presence,present,removed,wikipedia:List_of_video_games_released_in_2027,Product left the live dataset
2026-09-02,product,removed,Ananta,presence,present,removed,wikipedia:List_of_video_games_released_in_2027,Product left the live dataset
2026-09-02,product,removed,TankRat,presence,present,removed,wikipedia:List_of_video_games_released_in_2027,Product left the live dataset
2026-09-02,product,removed,Metro 2039,presence,present,removed,wikipedia:List_of_video_games_released_in_2027,Product left the live dataset
2026-09-02,product,removed,Sagas of Lumin,presence,present,removed,wikipedia:List_of_video_games_released_in_2027,Product left the live dataset
2026-09-02,product,removed,Tomb Raider: Legacy of Atlantis,presence,present,removed,wikipedia:List_of_video_games_released_in_2027,Product left the live dataset
2026-09-02,product,removed,God of War Laufey,presence,present,removed,wikipedia:List_of_video_games_released_in_2027,Product left the live dataset
2026-09-02,product,removed,Into the Dead: Our Darkest Days,presence,present,removed,wikipedia:List_of_video_games_released_in_2027,Product left the live dataset
2026-09-02,product,removed,Road Kings,presence,present,removed,wikipedia:List_of_video_games_released_in_2027,Product left the live dataset
2026-09-02,product,removed,Ninja JaJaMaru,presence,present,removed,wikipedia:List_of_video_games_released_in_2027,Product left the live dataset
2026-09-02,product,removed,Q2,presence,present,removed,wikipedia:List_of_video_games_released_in_2027,Product left the live dataset
2026-09-02,product,removed,Exodus,presence,present,removed,wikipedia:List_of_video_games_released_in_2027,Product left the live dataset
2026-09-02,product,removed,Pony Island 2: Panda Circus,presence,present,removed,wikipedia:List_of_video_games_released_in_2027,Product left the live dataset
2026-09-02,product,removed,Crunchyroll,presence,present,removed,wikipedia:2027_in_video_games,Product left the live dataset
2026-09-02,product,removed,Stop-motion animated series,presence,present,removed,wikipedia:2027_in_video_games,Product left the live dataset
2026-09-02,product,removed,Q1/Q2,presence,present,removed,wikipedia:2028_in_video_games,Product left the live dataset
2026-09-02,product,removed,Q2/Q3,presence,present,removed,wikipedia:2028_in_video_games,Product left the live dataset
2026-09-02,product,removed,Q4,presence,present,removed,wikipedia:2028_in_video_games,Product left the live dataset
2026-09-02,product,removed,Adult animated film,presence,present,removed,wikipedia:2028_in_video_games,Product left the live dataset
2026-09-02,product,removed,Animated television series,presence,present,removed,wikipedia:2028_in_video_games,Product left the live dataset
2026-09-02,product,removed,Anime television series,presence,present,removed,wikipedia:2028_in_video_games,Product left the live dataset
2026-09-02,product,removed,DROID,presence,present,removed,wikipedia:2028_in_video_games,Product left the live dataset
2026-09-02,product,removed,Disney+,presence,present,removed,wikipedia:2028_in_video_games,Product left the live dataset
2026-09-02,product,removed,Live-action television series,presence,present,removed,wikipedia:2028_in_video_games,Product left the live dataset
2026-09-02,product,removed,Moshi Monsters,presence,present,removed,wikipedia:2028_in_video_games,Product left the live dataset
2026-09-02,product,removed,NS,presence,present,removed,wikipedia:2028_in_video_games,Product left the live dataset
2026-09-02,product,removed,"NS, NS2, PS5",presence,present,removed,wikipedia:2028_in_video_games,Product left the live dataset
2026-09-02,product,removed,"NS, NS2, PS5, XBX/S",presence,present,removed,wikipedia:2028_in_video_games,Product left the live dataset
2026-09-02,product,removed,"NS, PS4",presence,present,removed,wikipedia:2028_in_video_games,Product left the live dataset
2026-09-02,product,removed,"NS, PS4, PS5, XBO, XBX/S",presence,present,removed,wikipedia:2028_in_video_games,Product left the live dataset
2026-09-02,product,removed,"NS, PS5",presence,present,removed,wikipedia:2028_in_video_games,Product left the live dataset
2026-09-02,product,removed,"NS, PS5, XBX/S",presence,present,removed,wikipedia:2028_in_video_games,Product left the live dataset
2026-09-02,product,removed,NS2,presence,present,removed,wikipedia:2028_in_video_games,Product left the live dataset
2026-09-02,product,removed,"NS2, XBX/S",presence,present,removed,wikipedia:2028_in_video_games,Product left the live dataset
2026-09-02,product,removed,Netflix,presence,present,removed,wikipedia:2028_in_video_games,Product left the live dataset
2026-09-02,product,removed,PS4,presence,present,removed,wikipedia:2028_in_video_games,Product left the live dataset
2026-09-02,product,removed,"PS4, PS5",presence,present,removed,wikipedia:2028_in_video_games,Product left the live dataset
2026-09-02,product,removed,PS5,presence,present,removed,wikipedia:2028_in_video_games,Product left the live dataset
2026-09-02,product,removed,"PS5, XBX/S",presence,present,removed,wikipedia:2028_in_video_games,Product left the live dataset
2026-09-02,product,removed,WIN,presence,present,removed,wikipedia:2028_in_video_games,Product left the live dataset
2026-09-02,product,removed,"WIN, LIN",presence,present,removed,wikipedia:2028_in_video_games,Product left the live dataset
2026-09-02,product,removed,"WIN, LIN, NS, NS2",presence,present,removed,wikipedia:2028_in_video_games,Product left the live dataset
2026-09-02,product,removed,"WIN, LIN, XBX/S",presence,present,removed,wikipedia:2028_in_video_games,Product left the live dataset
2026-09-02,product,removed,"WIN, MOBI",presence,present,removed,wikipedia:2028_in_video_games,Product left the live dataset
2026-09-02,product,removed,"WIN, NS",presence,present,removed,wikipedia:2028_in_video_games,Product left the live dataset
2026-09-02,product,removed,"WIN, NS, NS2, PS4, PS5, XBX/S",presence,present,removed,wikipedia:2028_in_video_games,Product left the live dataset
2026-09-02,product,removed,"WIN, NS, NS2, PS4, PS5, XBX/S, iOS, DROID",presence,present,removed,wikipedia:2028_in_video_games,Product left the live dataset
2026-09-02,product,removed,"WIN, NS, NS2, PS5",presence,present,removed,wikipedia:2028_in_video_games,Product left the live dataset
2026-09-02,product,removed,"WIN, NS, NS2, PS5, XBX/S",presence,present,removed,wikipedia:2028_in_video_games,Product left the live dataset
2026-09-02,product,removed,"WIN, NS, PS4, PS5",presence,present,removed,wikipedia:2028_in_video_games,Product left the live dataset
2026-09-02,product,removed,"WIN, NS, PS4, PS5, XBO, XBX/S",presence,present,removed,wikipedia:2028_in_video_games,Product left the live dataset
2026-09-02,product,removed,"WIN, NS, PS4, PS5, XBX/S",presence,present,removed,wikipedia:2028_in_video_games,Product left the live dataset
2026-09-02,product,removed,"WIN, NS, PS5",presence,present,removed,wikipedia:2028_in_video_games,Product left the live dataset
2026-09-02,product,removed,"WIN, NS, PS5, XBX/S",presence,present,removed,wikipedia:2028_in_video_games,Product left the live dataset
2026-09-02,product,removed,"WIN, NS, PS5, XBX/S, iOS, DROID",presence,present,removed,wikipedia:2028_in_video_games,Product left the live dataset
2026-09-02,product,removed,"WIN, NS2",presence,present,removed,wikipedia:2028_in_video_games,Product left the live dataset
2026-09-02,product,removed,"WIN, NS2, PS5",presence,present,removed,wikipedia:2028_in_video_games,Product left the live dataset
2026-09-02,product,removed,"WIN, NS2, PS5, XBX/S",presence,present,removed,wikipedia:2028_in_video_games,Product left the live dataset
2026-09-02,product,removed,"WIN, OSX",presence,present,removed,wikipedia:2028_in_video_games,Product left the live dataset
2026-09-02,product,removed,"WIN, OSX, LIN",presence,present,removed,wikipedia:2028_in_video_games,Product left the live dataset
2026-09-02,product,removed,"WIN, OSX, LIN, NS",presence,present,removed,wikipedia:2028_in_video_games,Product left the live dataset
2026-09-02,product,removed,"WIN, OSX, LIN, NS, PS4, PS5, XBO, XBX/S",presence,present,removed,wikipedia:2028_in_video_games,Product left the live dataset
2026-09-02,product,removed,"WIN, OSX, LIN, NS, PS5, XBX/S",presence,present,removed,wikipedia:2028_in_video_games,Product left the live dataset
2026-09-02,product,removed,"WIN, OSX, LIN, NS2, PS5, XBX/S",presence,present,removed,wikipedia:2028_in_video_games,Product left the live dataset
2026-09-02,product,removed,"WIN, OSX, LIN, PS5, XBX/S",presence,present,removed,wikipedia:2028_in_video_games,Product left the live dataset
2026-09-02,product,removed,"WIN, OSX, LIN, iOS, DROID, consoles",presence,present,removed,wikipedia:2028_in_video_games,Product left the live dataset
2026-09-02,product,removed,"WIN, OSX, NS, NS2",presence,present,removed,wikipedia:2028_in_video_games,Product left the live dataset
2026-09-02,product,removed,"WIN, OSX, NS, NS2, PS4, PS5",presence,present,removed,wikipedia:2028_in_video_games,Product left the live dataset
2026-09-02,product,removed,"WIN, OSX, NS, PS5, XBX/S",presence,present,removed,wikipedia:2028_in_video_games,Product left the live dataset
2026-09-02,product,removed,"WIN, OSX, NS2, PS5",presence,present,removed,wikipedia:2028_in_video_games,Product left the live dataset
2026-09-02,product,removed,"WIN, PS4, PS5",presence,present,removed,wikipedia:2028_in_video_games,Product left the live dataset
2026-09-02,product,removed,"WIN, PS5",presence,present,removed,wikipedia:2028_in_video_games,Product left the live dataset
2026-09-02,product,removed,"WIN, PS5, PSVR, Quest",presence,present,removed,wikipedia:2028_in_video_games,Product left the live dataset
2026-09-02,product,removed,"WIN, PS5, XBX/S",presence,present,removed,wikipedia:2028_in_video_games,Product left the live dataset
2026-09-02,product,removed,"WIN, PS5, XBX/S, iOS, DROID",presence,present,removed,wikipedia:2028_in_video_games,Product left the live dataset
2026-09-02,product,removed,"WIN, PS5, iOS, DROID",presence,present,removed,wikipedia:2028_in_video_games,Product left the live dataset
2026-09-02,product,removed,"WIN, SMS",presence,present,removed,wikipedia:2028_in_video_games,Product left the live dataset
2026-09-02,product,removed,"WIN, XBO, XBX/S",presence,present,removed,wikipedia:2028_in_video_games,Product left the live dataset
2026-09-02,product,removed,"WIN, XBX/S",presence,present,removed,wikipedia:2028_in_video_games,Product left the live dataset
2026-09-02,product,removed,"WIN, consoles",presence,present,removed,wikipedia:2028_in_video_games,Product left the live dataset
2026-09-02,product,removed,"WIN, iOS",presence,present,removed,wikipedia:2028_in_video_games,Product left the live dataset
2026-09-02,product,removed,"WIN, iOS, DROID",presence,present,removed,wikipedia:2028_in_video_games,Product left the live dataset
2026-09-02,product,removed,Wolfenstein,presence,present,removed,wikipedia:2028_in_video_games,Product left the live dataset
2026-09-02,product,removed,"iOS, DROID",presence,present,removed,wikipedia:2028_in_video_games,Product left the live dataset
2026-09-02,product,removed,Magical Blush,presence,present,removed,catalog,Product left the live dataset
2026-09-02,event,added,A Tiny Wander release window,presence,,added,announced_product_window,New event entered the live dataset
2026-09-02,event,added,EDEN.schemata(); release window,presence,,added,announced_product_window,New event entered the live dataset
2026-09-02,event,added,Golf With Your Friends 2 release window,presence,,added,announced_product_window,New event entered the live dataset
2026-09-02,event,added,Pararecords release window,presence,,added,announced_product_window,New event entered the live dataset
2026-09-02,event,added,Prolegomena To a Hyperdimensional Interface That Will Be Able to Manifest From Three-Minute Interchanges release window,presence,,added,announced_product_window,New event entered the live dataset
2026-09-02,event,added,Recur release window,presence,,added,announced_product_window,New event entered the live dataset
2026-09-02,event,added,Steampunk Shinobi release window,presence,,added,announced_product_window,New event entered the live dataset
2026-09-02,event,added,The Fox's Way Home release window,presence,,added,announced_product_window,New event entered the live dataset
2026-09-02,event,added,Piece by Piece release window,presence,,added,announced_product_window,New event entered the live dataset
2026-09-02,event,added,The Little Tomb: The Maholova Club and the Search for a Dead Body release window,presence,,added,announced_product_window,New event entered the live dataset
2026-09-02,event,added,Tetris the Grandmaster 4: Absolute Eye release window,presence,,added,announced_product_window,New event entered the live dataset
2026-09-02,event,confirmed,Angeline Era release window,confirmation,announced,confirmed,announced_product_window,Confirmation announced → confirmed
2026-09-02,event,confirmed,Withering Realms release window,confirmation,announced,confirmed,announced_product_window,Confirmation announced → confirmed
2026-09-02,event,added,TOEM 2 release window,presence,,added,announced_product_window,New event entered the live dataset
2026-09-02,event,added,Tenebris Somnia release window,presence,,added,announced_product_window,New event entered the live dataset
2026-09-02,event,delayed,Gobble release window,runtime,2026-09-24 → 2026-10-08,2027-01-01 → 2027-03-31,announced_product_window,Event window moved 2026-09-24/2026-10-08 → 2027-01-01/2027-03-31
2026-09-02,event,delayed,over the hill release window,runtime,2026-10-14 → 2026-10-28,2027-01-01 → 2027-03-31,announced_product_window,Event window moved 2026-10-14/2026-10-28 → 2027-01-01/2027-03-31
2026-09-02,event,added,STRANGER THAN HEAVEN release window,presence,,added,announced_product_window,New event entered the live dataset
2026-09-02,event,added,Persona 4 Revival release window,presence,,added,announced_product_window,New event entered the live dataset
2026-09-02,event,added,Primitive Environment Survival release window,presence,,added,announced_product_window,New event entered the live dataset
2026-09-02,event,added,The Last of Us,presence,,added,wikipedia:2023_in_video_games,New event entered the live dataset
2026-09-02,event,removed,13 release window,presence,present,removed,announced_product_window,Event left the live dataset
2026-09-02,event,removed,GrimKeep release window,presence,present,removed,announced_product_window,Event left the live dataset
2026-09-02,event,removed,Raev: Kingdom on the Distant Shores release window,presence,present,removed,announced_product_window,Event left the live dataset
2026-09-02,event,removed,Rain98 release window,presence,present,removed,announced_product_window,Event left the live dataset
2026-09-02,event,removed,Battle royale release window,presence,present,removed,announced_product_window,Event left the live dataset
2026-09-02,event,removed,Beat 'em up release window,presence,present,removed,announced_product_window,Event left the live dataset
2026-09-02,event,removed,DCCG release window,presence,present,removed,announced_product_window,Event left the live dataset
2026-09-02,event,removed,"DROID, iOS release window",presence,present,removed,announced_product_window,Event left the live dataset
2026-09-02,event,removed,Epic Games release window,presence,present,removed,announced_product_window,Event left the live dataset
2026-09-02,event,removed,European Commission release window,presence,present,removed,announced_product_window,Event left the live dataset
2026-09-02,event,removed,FPS release window,presence,present,removed,announced_product_window,Event left the live dataset
2026-09-02,event,removed,Frost Giant Studios release window,presence,present,removed,announced_product_window,Event left the live dataset
2026-09-02,event,removed,Gamescom release window,presence,present,removed,announced_product_window,Event left the live dataset
2026-09-02,event,removed,Hack and slash release window,presence,present,removed,announced_product_window,Event left the live dataset
2026-09-02,event,removed,House House release window,presence,present,removed,announced_product_window,Event left the live dataset
2026-09-02,event,removed,Kart racing release window,presence,present,removed,announced_product_window,Event left the live dataset
2026-09-02,event,removed,MMO release window,presence,present,removed,announced_product_window,Event left the live dataset
2026-09-02,event,removed,MMOPRG release window,presence,present,removed,announced_product_window,Event left the live dataset
2026-09-02,event,removed,MMORPG release window,presence,present,removed,announced_product_window,Event left the live dataset
2026-09-02,event,removed,Microsoft Gaming release window,presence,present,removed,announced_product_window,Event left the live dataset
2026-09-02,event,removed,PS3 release window,presence,present,removed,announced_product_window,Event left the live dataset
2026-09-02,event,removed,Phoave release window,presence,present,removed,announced_product_window,Event left the live dataset
2026-09-02,event,removed,Playground Games release window,presence,present,removed,announced_product_window,Event left the live dataset
2026-09-02,event,removed,Quest release window,presence,present,removed,announced_product_window,Event left the live dataset
2026-09-02,event,removed,RPG release window,presence,present,removed,announced_product_window,Event left the live dataset
2026-09-02,event,removed,Rhythm release window,presence,present,removed,announced_product_window,Event left the live dataset
2026-09-02,event,removed,Sandbox release window,presence,present,removed,announced_product_window,Event left the live dataset
2026-09-02,event,removed,Shooter release window,presence,present,removed,announced_product_window,Event left the live dataset
2026-09-02,event,removed,Steam release window,presence,present,removed,announced_product_window,Event left the live dataset
2026-09-02,event,removed,Steam Frame release window,presence,present,removed,announced_product_window,Event left the live dataset
2026-09-02,event,removed,Survival release window,presence,present,removed,announced_product_window,Event left the live dataset
2026-09-02,event,removed,TPS release window,presence,present,removed,announced_product_window,Event left the live dataset
2026-09-02,event,removed,Tokyo Game Show release window,presence,present,removed,announced_product_window,Event left the live dataset
2026-09-02,event,removed,Tower defense release window,presence,present,removed,announced_product_window,Event left the live dataset
2026-09-02,event,removed,Ubisoft release window,presence,present,removed,announced_product_window,Event left the live dataset
2026-09-02,event,removed,Yacht Club Games release window,presence,present,removed,announced_product_window,Event left the live dataset
2026-09-02,event,removed,iOS release window,presence,present,removed,announced_product_window,Event left the live dataset
2026-09-02,event,removed,id Software release window,presence,present,removed,announced_product_window,Event left the live dataset
2026-09-02,event,removed,right to repair release window,presence,present,removed,announced_product_window,Event left the live dataset
2026-09-02,event,removed,Fire Emblem: Path of Radiance release window,presence,present,removed,announced_product_window,Event left the live dataset
2026-09-02,event,removed,Big Hops release window,presence,present,removed,announced_product_window,Event left the live dataset
2026-09-02,event,removed,Quarantine Zone: The Last Check release window,presence,present,removed,announced_product_window,Event left the live dataset
2026-09-02,event,removed,Animal Crossing: New Horizons – Nintendo Switch 2 Edition release window,presence,present,removed,announced_product_window,Event left the live dataset
2026-09-02,event,removed,Oh Demon! Fix My TV release window,presence,present,removed,announced_product_window,Event left the live dataset
2026-09-02,event,removed,BrokenLore: Unfollow release window,presence,present,removed,announced_product_window,Event left the live dataset
2026-09-02,event,removed,2XKO release window,presence,present,removed,announced_product_window,Event left the live dataset
2026-09-02,event,removed,DragonSword (KR) release window,presence,present,removed,announced_product_window,Event left the live dataset
2026-09-02,event,removed,Cult of the Lamb: Woolhaven release window,presence,present,removed,announced_product_window,Event left the live dataset
2026-09-02,event,removed,SEGA Football Club Champions release window,presence,present,removed,announced_product_window,Event left the live dataset
2026-09-02,event,removed,Telenet release window,presence,present,removed,announced_product_window,Event left the live dataset
2026-09-02,event,removed,The Rumble Fish 2 – Nintendo Switch 2 Edition release window,presence,present,removed,announced_product_window,Event left the live dataset
2026-09-02,event,removed,Un:Logical release window,presence,present,removed,announced_product_window,Event left the live dataset
2026-09-02,event,removed,Fighting Force release window,presence,present,removed,announced_product_window,Event left the live dataset
2026-09-02,event,removed,Pathologic release window,presence,present,removed,announced_product_window,Event left the live dataset
2026-09-02,event,removed,Highguard release window,presence,present,removed,announced_product_window,Event left the live dataset
2026-09-02,event,removed,Viractal release window,presence,present,removed,announced_product_window,Event left the live dataset
2026-09-02,event,removed,Core Keeper – Nintendo Switch 2 Edition release window,presence,present,removed,announced_product_window,Event left the live dataset
2026-09-02,event,removed,Card-en-Ciel – Nintendo Switch 2 Edition release window,presence,present,removed,announced_product_window,Event left the live dataset
2026-09-02,event,removed,Chrono Ark Deluxe Edition release window,presence,present,removed,announced_product_window,Event left the live dataset
2026-09-02,event,removed,Kigetsu no Yoru release window,presence,present,removed,announced_product_window,Event left the live dataset
2026-09-02,event,removed,Run for Money release window,presence,present,removed,announced_product_window,Event left the live dataset
2026-09-02,event,removed,10–12 release window,presence,present,removed,announced_product_window,Event left the live dataset
2026-09-02,event,removed,Balloon Kid release window,presence,present,removed,announced_product_window,Event left the live dataset
2026-09-02,event,removed,Opus: Echo of Starsong release window,presence,present,removed,announced_product_window,Event left the live dataset
2026-09-02,event,removed,Shiren the Wanderer: The Mystery Dungeon of Serpentcoil Island release window,presence,present,removed,announced_product_window,Event left the live dataset
2026-09-02,event,removed,Yoshi/Mario & Yoshi (Game Boy) release window,presence,present,removed,announced_product_window,Event left the live dataset
2026-09-02,event,removed,Super Bomberman Collection release window,presence,present,removed,announced_product_window,Event left the live dataset
2026-09-02,event,removed,Carmageddon release window,presence,present,removed,announced_product_window,Event left the live dataset
2026-09-02,event,removed,My Hero Academia: All's Justice release window,presence,present,removed,announced_product_window,Event left the live dataset
2026-09-02,event,removed,World's End Club release window,presence,present,removed,announced_product_window,Event left the live dataset
2026-09-02,event,removed,Crisol: Theater of Idols release window,presence,present,removed,announced_product_window,Event left the live dataset
2026-09-02,event,removed,Tokyo Scramble release window,presence,present,removed,announced_product_window,Event left the live dataset
2026-09-02,event,removed,ChromaGun 2: Dye Hard release window,presence,present,removed,announced_product_window,Event left the live dataset
2026-09-02,event,removed,Disciples: Domination release window,presence,present,removed,announced_product_window,Event left the live dataset
2026-09-02,event,removed,God of War: Sons of Sparta release window,presence,present,removed,announced_product_window,Event left the live dataset
2026-09-02,event,removed,Hakuoki SSL: Sweet School Life release window,presence,present,removed,announced_product_window,Event left the live dataset
2026-09-02,event,removed,Panty Party Perfect release window,presence,present,removed,announced_product_window,Event left the live dataset
2026-09-02,event,removed,Rayman: 30th Anniversary Edition release window,presence,present,removed,announced_product_window,Event left the live dataset
2026-09-02,event,removed,Rune Factory: Guardians of Azuma release window,presence,present,removed,announced_product_window,Event left the live dataset
2026-09-02,event,removed,3D Tetris release window,presence,present,removed,announced_product_window,Event left the live dataset
2026-09-02,event,removed,Galactic Pinball release window,presence,present,removed,announced_product_window,Event left the live dataset
2026-09-02,event,removed,Golf (Virtual Boy) release window,presence,present,removed,announced_product_window,Event left the live dataset
2026-09-02,event,removed,Red Alarm release window,presence,present,removed,announced_product_window,Event left the live dataset
2026-09-02,event,removed,Teleroboxer release window,presence,present,removed,announced_product_window,Event left the live dataset
2026-09-02,event,removed,The Mansion of Innsmouth release window,presence,present,removed,announced_product_window,Event left the live dataset
2026-09-02,event,removed,Virtual Boy Wario Land release window,presence,present,removed,announced_product_window,Event left the live dataset
2026-09-02,event,removed,Hunter × Hunter: Nen × Survivor release window,presence,present,removed,announced_product_window,Event left the live dataset
2026-09-02,event,removed,Star Trek: Voyager – Across the Unknown release window,presence,present,removed,announced_product_window,Event left the live dataset
2026-09-02,event,removed,Earnest Evans release window,presence,present,removed,announced_product_window,Event left the live dataset
2026-09-02,event,removed,Gear.Club Unlimited release window,presence,present,removed,announced_product_window,Event left the live dataset
2026-09-02,event,removed,Paranormasight: The Mermaid's Curse release window,presence,present,removed,announced_product_window,Event left the live dataset
2026-09-02,event,removed,Styx: Blades of Greed release window,presence,present,removed,announced_product_window,Event left the live dataset
2026-09-02,event,removed,WiZmans World release window,presence,present,removed,announced_product_window,Event left the live dataset
2026-09-02,event,removed,Xenoblade Chronicles X: Definitive Edition – Nintendo Switch 2 Edition release window,presence,present,removed,announced_product_window,Event left the live dataset
2026-09-02,event,removed,Prize Fighter: Heavyweight Edition release window,presence,present,removed,announced_product_window,Event left the live dataset
2026-09-02,event,removed,Ys X: Proud Nordics release window,presence,present,removed,announced_product_window,Event left the live dataset
2026-09-02,event,removed,Tom Clancy's Rainbow Six Mobile release window,presence,present,removed,announced_product_window,Event left the live dataset
2026-09-02,event,removed,Fallout 4: Anniversary Edition release window,presence,present,removed,announced_product_window,Event left the live dataset
2026-09-02,event,removed,Daisenryaku release window,presence,present,removed,announced_product_window,Event left the live dataset
2026-09-02,event,removed,Icarus: Console Edition release window,presence,present,removed,announced_product_window,Event left the live dataset
2026-09-02,event,removed,No Sleep For Kaname Date – From AI: The Somnium Files release window,presence,present,removed,announced_product_window,Event left the live dataset
2026-09-02,event,removed,Path of Mystery: A Brush with Death release window,presence,present,removed,announced_product_window,Event left the live dataset
2026-09-02,event,removed,Raiden Fighters release window,presence,present,removed,announced_product_window,Event left the live dataset
2026-09-02,event,removed,Spellcasters Chronicles release window,presence,present,removed,announced_product_window,Event left the live dataset
2026-09-02,event,removed,Fear Effect 2: Retro Helix release window,presence,present,removed,announced_product_window,Event left the live dataset
2026-09-02,event,removed,Pokémon FireRed and LeafGreen release window,presence,present,removed,announced_product_window,Event left the live dataset
2026-09-02,event,removed,Resident Evil 7: Biohazard release window,presence,present,removed,announced_product_window,Event left the live dataset
2026-09-02,event,removed,Resident Evil Village release window,presence,present,removed,announced_product_window,Event left the live dataset
2026-09-02,event,removed,9–21 release window,presence,present,removed,announced_product_window,Event left the live dataset
2026-09-02,event,removed,World of Warcraft: Midnight release window,presence,present,removed,announced_product_window,Event left the live dataset
2026-09-02,event,removed,Legacy of Kain: Defiance Remastered release window,presence,present,removed,announced_product_window,Event left the live dataset
2026-09-02,event,removed,BLOKES on BLOCKS! release window,presence,present,removed,announced_product_window,Event left the live dataset
2026-09-02,event,removed,Oceanhorn release window,presence,present,removed,announced_product_window,Event left the live dataset
2026-09-02,event,removed,Planet of Lana II: Children of the Leaf release window,presence,present,removed,announced_product_window,Event left the live dataset
2026-09-02,event,removed,Pokémon Pokopia release window,presence,present,removed,announced_product_window,Event left the live dataset
2026-09-02,event,removed,Slay the Spire II release window,presence,present,removed,announced_product_window,Event left the live dataset
2026-09-02,event,removed,Lost & Found Co. release window,presence,present,removed,announced_product_window,Event left the live dataset
2026-09-02,event,removed,Mario Clash release window,presence,present,removed,announced_product_window,Event left the live dataset
2026-09-02,event,removed,Mario vs. Donkey Kong release window,presence,present,removed,announced_product_window,Event left the live dataset
2026-09-02,event,removed,Mario's Tennis release window,presence,present,removed,announced_product_window,Event left the live dataset
2026-09-02,event,removed,Bravely Default: Flying Fairy HD Remaster release window,presence,present,removed,announced_product_window,Event left the live dataset
2026-09-02,event,removed,Bubblegum Galaxy release window,presence,present,removed,announced_product_window,Event left the live dataset
2026-09-02,event,removed,Fatal Frame II: Crimson Butterfly Remake release window,presence,present,removed,announced_product_window,Event left the live dataset
2026-09-02,event,removed,GreedFall 2: The Dying World release window,presence,present,removed,announced_product_window,Event left the live dataset
2026-09-02,event,removed,RoadOut release window,presence,present,removed,announced_product_window,Event left the live dataset
2026-09-02,event,removed,Tomb Raider I–III Remastered release window,presence,present,removed,announced_product_window,Event left the live dataset
2026-09-02,event,removed,Monster Hunter Stories 3: Twisted Reflection release window,presence,present,removed,announced_product_window,Event left the live dataset
2026-09-02,event,removed,Gnosia release window,presence,present,removed,announced_product_window,Event left the live dataset
2026-09-02,event,removed,Starship Troopers: Ultimate Bug War! release window,presence,present,removed,announced_product_window,Event left the live dataset
2026-09-02,event,removed,Fallen Tear: The Ascension release window,presence,present,removed,announced_product_window,Event left the live dataset
2026-09-02,event,removed,Pokémon XD: Gale of Darkness release window,presence,present,removed,announced_product_window,Event left the live dataset
2026-09-02,event,removed,Öoo release window,presence,present,removed,announced_product_window,Event left the live dataset
2026-09-02,event,removed,Human: Fall Flat – Nintendo Switch 2 Edition release window,presence,present,removed,announced_product_window,Event left the live dataset
2026-09-02,event,removed,Rushing Beat X: Return of Brawl Brothers release window,presence,present,removed,announced_product_window,Event left the live dataset
2026-09-02,event,removed,Star Savior release window,presence,present,removed,announced_product_window,Event left the live dataset
2026-09-02,event,removed,Virtual Ties: Isekaijoucho Musoukyoku release window,presence,present,removed,announced_product_window,Event left the live dataset
2026-09-02,event,removed,The Seven Deadly Sins: Origin release window,presence,present,removed,announced_product_window,Event left the live dataset
2026-09-02,event,removed,Dissidia Duellum Final Fantasy release window,presence,present,removed,announced_product_window,Event left the live dataset
2026-09-02,event,removed,Damon and Baby release window,presence,present,removed,announced_product_window,Event left the live dataset
2026-09-02,event,removed,Cookie Run: OvenSmash release window,presence,present,removed,announced_product_window,Event left the live dataset
2026-09-02,event,removed,Curse Warrior release window,presence,present,removed,announced_product_window,Event left the live dataset
2026-09-02,event,removed,Etrange Overlord release window,presence,present,removed,announced_product_window,Event left the live dataset
2026-09-02,event,removed,Hyperdevotion Noire: Goddess Black Heart release window,presence,present,removed,announced_product_window,Event left the live dataset
2026-09-02,event,removed,Kena: Bridge of Spirits release window,presence,present,removed,announced_product_window,Event left the live dataset
2026-09-02,event,removed,Life Is Strange: Reunion release window,presence,present,removed,announced_product_window,Event left the live dataset
2026-09-02,event,removed,Neopets release window,presence,present,removed,announced_product_window,Event left the live dataset
2026-09-02,event,removed,Nutmeg! release window,presence,present,removed,announced_product_window,Event left the live dataset
2026-09-02,event,removed,Okayu release window,presence,present,removed,announced_product_window,Event left the live dataset
2026-09-02,event,removed,Otome Daoshi: Fighting for Love release window,presence,present,removed,announced_product_window,Event left the live dataset
2026-09-02,event,removed,Roco Kingdom release window,presence,present,removed,announced_product_window,Event left the live dataset
2026-09-02,event,removed,Super Mario Bros. Wonder – Nintendo Switch 2 Edition + Meetup in Bellabel Park release window,presence,present,removed,announced_product_window,Event left the live dataset
2026-09-02,event,removed,Taito Milestones release window,presence,present,removed,announced_product_window,Event left the live dataset
2026-09-02,event,removed,Virtua Fighter 5 R.E.V.O. World Stage release window,presence,present,removed,announced_product_window,Event left the live dataset
2026-09-02,event,removed,Winning Post release window,presence,present,removed,announced_product_window,Event left the live dataset
2026-09-02,event,removed,goHELLgo Gou: Tsukiotoshitego release window,presence,present,removed,announced_product_window,Event left the live dataset
2026-09-02,event,removed,Legacy of Kain: Ascendance release window,presence,present,removed,announced_product_window,Event left the live dataset
2026-09-02,event,removed,Raccoin: Coin Pusher Roguelike release window,presence,present,removed,announced_product_window,Event left the live dataset
2026-09-02,event,removed,Sprint City release window,presence,present,removed,announced_product_window,Event left the live dataset
2026-09-02,event,removed,Morkull Ascend to the Gods release window,presence,present,removed,announced_product_window,Event left the live dataset
2026-09-02,event,removed,Motionrec release window,presence,present,removed,announced_product_window,Event left the live dataset
2026-09-02,event,removed,Temtem: Swarm release window,presence,present,removed,announced_product_window,Event left the live dataset
2026-09-02,event,removed,The Weeping Swan: Ten Days of the City's Fall release window,presence,present,removed,announced_product_window,Event left the live dataset
2026-09-02,event,removed,Sigma Star Saga DX release window,presence,present,removed,announced_product_window,Event left the live dataset
2026-09-02,event,removed,High Above release window,presence,present,removed,announced_product_window,Event left the live dataset
2026-09-02,event,removed,Samson: A Tyndalston Story release window,presence,present,removed,announced_product_window,Event left the live dataset
2026-09-02,event,removed,Beyond Words release window,presence,present,removed,announced_product_window,Event left the live dataset
2026-09-02,event,removed,Memories Off Sousou: Break out of my shell release window,presence,present,removed,announced_product_window,Event left the live dataset
2026-09-02,event,removed,Rose Guns Days Season 1 release window,presence,present,removed,announced_product_window,Event left the live dataset
2026-09-02,event,removed,Town of Zoz release window,presence,present,removed,announced_product_window,Event left the live dataset
2026-09-02,event,removed,Dosa Divas: One Last Meal release window,presence,present,removed,announced_product_window,Event left the live dataset
2026-09-02,event,removed,Bunny Garden 2 release window,presence,present,removed,announced_product_window,Event left the live dataset
2026-09-02,event,removed,Cthulhu: The Cosmic Abyss release window,presence,present,removed,announced_product_window,Event left the live dataset
2026-09-02,event,removed,Mouse: P.I. for Hire release window,presence,present,removed,announced_product_window,Event left the live dataset
2026-09-02,event,removed,Opus release window,presence,present,removed,announced_product_window,Event left the live dataset
2026-09-02,event,removed,Tomodachi Life: Living the Dream release window,presence,present,removed,announced_product_window,Event left the live dataset
2026-09-02,event,removed,Honor of Kings: World release window,presence,present,removed,announced_product_window,Event left the live dataset
2026-09-02,event,removed,Albion Online release window,presence,present,removed,announced_product_window,Event left the live dataset
2026-09-02,event,removed,Dragon Quest Smash/Grow release window,presence,present,removed,announced_product_window,Event left the live dataset
2026-09-02,event,removed,Vampire Crawlers: The Turbo Wildcard from Vampire Survivors release window,presence,present,removed,announced_product_window,Event left the live dataset
2026-09-02,event,removed,Aquanaut's Holiday release window,presence,present,removed,announced_product_window,Event left the live dataset
2026-09-02,event,removed,Card & Casino release window,presence,present,removed,announced_product_window,Event left the live dataset
2026-09-02,event,removed,Castle of Shikigami 3 release window,presence,present,removed,announced_product_window,Event left the live dataset
2026-09-02,event,removed,Causal Loop release window,presence,present,removed,announced_product_window,Event left the live dataset
2026-09-02,event,removed,Elminage ORIGINAL: Priestess of Darkness and The Ring of the Gods release window,presence,present,removed,announced_product_window,Event left the live dataset
2026-09-02,event,removed,Kingdom's Return: Time-Eating Fruit and the Ancient Monster release window,presence,present,removed,announced_product_window,Event left the live dataset
2026-09-02,event,removed,Kumitantei: Old School Slaughter Episode 1 release window,presence,present,removed,announced_product_window,Event left the live dataset
2026-09-02,event,removed,Lorelei and the Laser Eyes – Nintendo Switch 2 Edition release window,presence,present,removed,announced_product_window,Event left the live dataset
2026-09-02,event,removed,Matsurika no Kei -kEi- Tenmei Kashokuden release window,presence,present,removed,announced_product_window,Event left the live dataset
2026-09-02,event,removed,Nagi no Koi release window,presence,present,removed,announced_product_window,Event left the live dataset
2026-09-02,event,removed,Sayonara Wild Hearts – Nintendo Switch 2 Edition release window,presence,present,removed,announced_product_window,Event left the live dataset
2026-09-02,event,removed,Sudden Strike release window,presence,present,removed,announced_product_window,Event left the live dataset
2026-09-02,event,removed,Titanium Court release window,presence,present,removed,announced_product_window,Event left the live dataset
2026-09-02,event,removed,Snap & Grab release window,presence,present,removed,announced_product_window,Event left the live dataset
2026-09-02,event,removed,Traysia release window,presence,present,removed,announced_product_window,Event left the live dataset
2026-09-02,event,removed,Flock Around release window,presence,present,removed,announced_product_window,Event left the live dataset
2026-09-02,event,removed,Moomintroll: Winter's Warmth release window,presence,present,removed,announced_product_window,Event left the live dataset
2026-09-02,event,removed,Diablo IV: Lord of Hatred release window,presence,present,removed,announced_product_window,Event left the live dataset
2026-09-02,event,removed,Ys Memoire: Revelations in Celceta release window,presence,present,removed,announced_product_window,Event left the live dataset
2026-09-02,event,removed,Dear Mirror Flower release window,presence,present,removed,announced_product_window,Event left the live dataset
2026-09-02,event,removed,Perennial Dusk: Kinsenka release window,presence,present,removed,announced_product_window,Event left the live dataset
2026-09-02,event,removed,R-Type DX release window,presence,present,removed,announced_product_window,Event left the live dataset
2026-09-02,event,removed,Shinigami Hime to Ishokan no Kaibutsu release window,presence,present,removed,announced_product_window,Event left the live dataset
2026-09-02,event,removed,The Coma release window,presence,present,removed,announced_product_window,Event left the live dataset
2026-09-02,event,removed,inKONBINI: One Store. Many Stories release window,presence,present,removed,announced_product_window,Event left the live dataset
2026-09-02,event,removed,21 release window,presence,present,removed,announced_product_window,Event left the live dataset
2026-09-02,event,removed,Bow-wow Battle release window,presence,present,removed,announced_product_window,Event left the live dataset
2026-09-02,event,removed,Battlestar Galactica release window,presence,present,removed,announced_product_window,Event left the live dataset
2026-09-02,event,removed,OCTOPinbs release window,presence,present,removed,announced_product_window,Event left the live dataset
2026-09-02,event,removed,Call of the Elder Gods release window,presence,present,removed,announced_product_window,Event left the live dataset
2026-09-02,event,removed,Jack Bros. release window,presence,present,removed,announced_product_window,Event left the live dataset
2026-09-02,event,removed,Perfect Tides: Station to Station release window,presence,present,removed,announced_product_window,Event left the live dataset
2026-09-02,event,removed,Space Invaders Virtual Collection release window,presence,present,removed,announced_product_window,Event left the live dataset
2026-09-02,event,removed,Söldner-X 2: Final Prototype Definitive Edition release window,presence,present,removed,announced_product_window,Event left the live dataset
2026-09-02,event,removed,V-Tetris release window,presence,present,removed,announced_product_window,Event left the live dataset
2026-09-02,event,removed,Vertical Force release window,presence,present,removed,announced_product_window,Event left the live dataset
2026-09-02,event,removed,Virtual Bowling release window,presence,present,removed,announced_product_window,Event left the live dataset
2026-09-02,event,removed,Virtual Fishing release window,presence,present,removed,announced_product_window,Event left the live dataset
2026-09-02,event,removed,Darksiders: Warmastered Edition release window,presence,present,removed,announced_product_window,Event left the live dataset
2026-09-02,event,removed,R-Type Dimensions III release window,presence,present,removed,announced_product_window,Event left the live dataset
2026-09-02,event,removed,FZ: Formation Z release window,presence,present,removed,announced_product_window,Event left the live dataset
2026-09-02,event,removed,King of Tokyo release window,presence,present,removed,announced_product_window,Event left the live dataset
2026-09-02,event,removed,Psyvariar 3 release window,presence,present,removed,announced_product_window,Event left the live dataset
2026-09-02,event,removed,Q Collection release window,presence,present,removed,announced_product_window,Event left the live dataset
2026-09-02,event,removed,Zero Parades: For Dead Spies release window,presence,present,removed,announced_product_window,Event left the live dataset
2026-09-02,event,removed,Lego Batman: Legacy of the Dark Knight release window,presence,present,removed,announced_product_window,Event left the live dataset
2026-09-02,event,removed,Rugrats: Retro Rewind Collection release window,presence,present,removed,announced_product_window,Event left the live dataset
2026-09-02,event,removed,Tales of Arise: Beyond the Dawn Edition release window,presence,present,removed,announced_product_window,Event left the live dataset
2026-09-02,event,removed,LumenTale: Memories of Trey release window,presence,present,removed,announced_product_window,Event left the live dataset
2026-09-02,event,removed,MLB The Show release window,presence,present,removed,announced_product_window,Event left the live dataset
2026-09-02,event,removed,World of Tanks release window,presence,present,removed,announced_product_window,Event left the live dataset
2026-09-02,event,removed,Poppy Playtime: Chapter 5 release window,presence,present,removed,announced_product_window,Event left the live dataset
2026-09-02,event,removed,Bluey's Quest for the Gold Pen release window,presence,present,removed,announced_product_window,Event left the live dataset
2026-09-02,event,removed,Clockfall release window,presence,present,removed,announced_product_window,Event left the live dataset
2026-09-02,event,removed,Demon Kill Demon: Yomi 1984 release window,presence,present,removed,announced_product_window,Event left the live dataset
2026-09-02,event,removed,Heavy Metal Death Can release window,presence,present,removed,announced_product_window,Event left the live dataset
2026-09-02,event,removed,Lollipop Chainsaw RePOP – Nintendo Switch 2 Edition release window,presence,present,removed,announced_product_window,Event left the live dataset
2026-09-02,event,removed,Monochrome Mobius: Rights and Wrongs Forgotten release window,presence,present,removed,announced_product_window,Event left the live dataset
2026-09-02,event,removed,Schrödinger's Call release window,presence,present,removed,announced_product_window,Event left the live dataset
2026-09-02,event,removed,Stardust: Wish of Witch release window,presence,present,removed,announced_product_window,Event left the live dataset
2026-09-02,event,removed,Story of Seasons: Grand Bazaar release window,presence,present,removed,announced_product_window,Event left the live dataset
2026-09-02,event,removed,Touhou Yukkuri Mountain release window,presence,present,removed,announced_product_window,Event left the live dataset
2026-09-02,event,removed,Utawarerumono release window,presence,present,removed,announced_product_window,Event left the live dataset
2026-09-02,event,removed,5–8 release window,presence,present,removed,announced_product_window,Event left the live dataset
2026-09-02,event,removed,System Shock 2: 25th Anniversary Remaster release window,presence,present,removed,announced_product_window,Event left the live dataset
2026-09-02,event,removed,A-Train 9 Evolution release window,presence,present,removed,announced_product_window,Event left the live dataset
2026-09-02,event,removed,Crazy Cha!n: Elpis no Kusari release window,presence,present,removed,announced_product_window,Event left the live dataset
2026-09-02,event,removed,Donkey Kong 64 release window,presence,present,removed,announced_product_window,Event left the live dataset
2026-09-02,event,removed,Goals release window,presence,present,removed,announced_product_window,Event left the live dataset
2026-09-02,event,removed,River City Saga release window,presence,present,removed,announced_product_window,Event left the live dataset
2026-09-02,event,removed,Tetris: The Grand Master 4 – Absolute Eye release window,presence,present,removed,announced_product_window,Event left the live dataset
2026-09-02,event,removed,2 Fights in 2 Tight Spaces release window,presence,present,removed,announced_product_window,Event left the live dataset
2026-09-02,event,removed,Descent release window,presence,present,removed,announced_product_window,Event left the live dataset
2026-09-02,event,removed,Where Winds Meet release window,presence,present,removed,announced_product_window,Event left the live dataset
2026-09-02,event,removed,Inazuma Eleven release window,presence,present,removed,announced_product_window,Event left the live dataset
2026-09-02,event,removed,Rise of the Tomb Raider: 20 Year Celebration release window,presence,present,removed,announced_product_window,Event left the live dataset
2026-09-02,event,removed,Thomas & Friends: Wonders of Sodor release window,presence,present,removed,announced_product_window,Event left the live dataset
2026-09-02,event,removed,Xenoblade Chronicles: Definitive Edition – Nintendo Switch 2 Edition release window,presence,present,removed,announced_product_window,Event left the live dataset
2026-09-02,event,removed,Beatdown City Survivors release window,presence,present,removed,announced_product_window,Event left the live dataset
2026-09-02,event,removed,FIFA World Cup: Launch Edition release window,presence,present,removed,announced_product_window,Event left the live dataset
2026-09-02,event,removed,Powerful Pro Baseball 2026-2027 release window,presence,present,removed,announced_product_window,Event left the live dataset
2026-09-02,event,removed,Starseeker: Astroneer Expeditions release window,presence,present,removed,announced_product_window,Event left the live dataset
2026-09-02,event,removed,Unrailed 2: Back on Track release window,presence,present,removed,announced_product_window,Event left the live dataset
2026-09-02,event,removed,Pokémon Champions release window,presence,present,removed,announced_product_window,Event left the live dataset
2026-09-02,event,removed,Observer: System Redux release window,presence,present,removed,announced_product_window,Event left the live dataset
2026-09-02,event,removed,Soccer Kid release window,presence,present,removed,announced_product_window,Event left the live dataset
2026-09-02,event,removed,The Adventures of Elliot: The Millennium Tales release window,presence,present,removed,announced_product_window,Event left the live dataset
2026-09-02,event,removed,UsoNatsu: The Summer Romance Bloomed From A Lie release window,presence,present,removed,announced_product_window,Event left the live dataset
2026-09-02,event,removed,EA Sports UFC 6 release window,presence,present,removed,announced_product_window,Event left the live dataset
2026-09-02,event,removed,Maseylia: Echoes of the Past release window,presence,present,removed,announced_product_window,Event left the live dataset
2026-09-02,event,removed,Asha Sharma release window,presence,present,removed,announced_product_window,Event left the live dataset
2026-09-02,event,removed,SAND: Raiders of Sophie release window,presence,present,removed,announced_product_window,Event left the live dataset
2026-09-02,event,removed,Devil May Cry 5: Devil Hunter Edition release window,presence,present,removed,announced_product_window,Event left the live dataset
2026-09-02,event,removed,Sonic Frontiers: Definitive Edition release window,presence,present,removed,announced_product_window,Event left the live dataset
2026-09-02,event,removed,Deltarune: Chapter 5 release window,presence,present,removed,announced_product_window,Event left the live dataset
2026-09-02,event,removed,Catto's Post Office release window,presence,present,removed,announced_product_window,Event left the live dataset
2026-09-02,event,removed,Namco release window,presence,present,removed,announced_product_window,Event left the live dataset
2026-09-02,event,removed,Villion: Code release window,presence,present,removed,announced_product_window,Event left the live dataset
2026-09-02,event,removed,Ninja Master's release window,presence,present,removed,announced_product_window,Event left the live dataset
2026-09-02,event,removed,Dokapon 3-2-1 release window,presence,present,removed,announced_product_window,Event left the live dataset
2026-09-02,event,removed,Steam Machine release window,presence,present,removed,announced_product_window,Event left the live dataset
2026-09-02,event,removed,Ganbare Goemon release window,presence,present,removed,announced_product_window,Event left the live dataset
2026-09-02,event,removed,XeGrader plus release window,presence,present,removed,announced_product_window,Event left the live dataset
2026-09-02,event,removed,Dr. Mario & Puzzle League release window,presence,present,removed,announced_product_window,Event left the live dataset
2026-09-02,event,removed,Fortified Zone release window,presence,present,removed,announced_product_window,Event left the live dataset
2026-09-02,event,removed,The Sword of Hope release window,presence,present,removed,announced_product_window,Event left the live dataset
2026-09-02,event,removed,Wario Land: Super Mario Land 3 release window,presence,present,removed,announced_product_window,Event left the live dataset
2026-09-02,event,removed,Call of Duty: Black Ops release window,presence,present,removed,announced_product_window,Event left the live dataset
2026-09-02,event,removed,Call of Duty: Black Ops II release window,presence,present,removed,announced_product_window,Event left the live dataset
2026-09-02,event,removed,EA Sports College Football release window,presence,present,removed,announced_product_window,Event left the live dataset
2026-09-02,event,removed,Granblue Fantasy: Relink release window,presence,present,removed,announced_product_window,Event left the live dataset
2026-09-02,event,removed,Gunvolt Chronicles: Luminous Avenger iX release window,presence,present,removed,announced_product_window,Event left the live dataset
2026-09-02,event,removed,Magical Girl Witch Trials release window,presence,present,removed,announced_product_window,Event left the live dataset
2026-09-02,event,removed,Tokyo Valkyries release window,presence,present,removed,announced_product_window,Event left the live dataset
2026-09-02,event,removed,Digimon Story: Time Stranger release window,presence,present,removed,announced_product_window,Event left the live dataset
2026-09-02,event,removed,Wuthering Waves release window,presence,present,removed,announced_product_window,Event left the live dataset
2026-09-02,event,removed,Octopath Traveler II release window,presence,present,removed,announced_product_window,Event left the live dataset
2026-09-02,event,removed,Digimon UP release window,presence,present,removed,announced_product_window,Event left the live dataset
2026-09-02,event,removed,Full Stride release window,presence,present,removed,announced_product_window,Event left the live dataset
2026-09-02,event,removed,Kyoto Xanadu release window,presence,present,removed,announced_product_window,Event left the live dataset
2026-09-02,event,removed,Moss: The Forgotten Relic release window,presence,present,removed,announced_product_window,Event left the live dataset
2026-09-02,event,removed,eBaseball: Pro Spirit 2026 release window,presence,present,removed,announced_product_window,Event left the live dataset
2026-09-02,event,removed,Avatar Legends: The Fighting Game release window,presence,present,removed,announced_product_window,Event left the live dataset
2026-09-02,event,removed,Dodo Duckie! release window,presence,present,removed,announced_product_window,Event left the live dataset
2026-09-02,event,removed,DragonSword: Awakening release window,presence,present,removed,announced_product_window,Event left the live dataset
2026-09-02,event,removed,Hard Edge release window,presence,present,removed,announced_product_window,Event left the live dataset
2026-09-02,event,removed,Hololive Dreams release window,presence,present,removed,announced_product_window,Event left the live dataset
2026-09-02,event,removed,Staffer Retro: A Supernatural Mystery Quest release window,presence,present,removed,announced_product_window,Event left the live dataset
2026-09-02,event,removed,The Angel Next Door Spoils Me Rotten release window,presence,present,removed,announced_product_window,Event left the live dataset
2026-09-02,event,removed,Valkyrie Tune: Synthesis of Souls release window,presence,present,removed,announced_product_window,Event left the live dataset
2026-09-02,event,removed,An Eggstremely Hard Game release window,presence,present,removed,announced_product_window,Event left the live dataset
2026-09-02,event,removed,Kazuma Kaneko's Tsukuyomi release window,presence,present,removed,announced_product_window,Event left the live dataset
2026-09-02,event,removed,Suika Game Planet release window,presence,present,removed,announced_product_window,Event left the live dataset
2026-09-02,event,removed,Dystopicon release window,presence,present,removed,announced_product_window,Event left the live dataset
2026-09-02,event,removed,EverQuest release window,presence,present,removed,announced_product_window,Event left the live dataset
2026-09-02,event,removed,Gothic Classic release window,presence,present,removed,announced_product_window,Event left the live dataset
2026-09-02,event,removed,Halo: Campaign Evolved release window,presence,present,removed,announced_product_window,Event left the live dataset
2026-09-02,event,removed,Harvest Moon: The Lost Valley release window,presence,present,removed,announced_product_window,Event left the live dataset
2026-09-02,event,removed,Aretha release window,presence,present,removed,announced_product_window,Event left the live dataset
2026-09-02,event,removed,Culdcept The First release window,presence,present,removed,announced_product_window,Event left the live dataset
2026-09-02,event,removed,Fantasy Maiden Wars: Dream of the Stray Dreamer release window,presence,present,removed,announced_product_window,Event left the live dataset
2026-09-02,event,removed,Kinki Spiritual Affairs Bureau release window,presence,present,removed,announced_product_window,Event left the live dataset
2026-09-02,event,removed,Rose Guns Days Season 2 release window,presence,present,removed,announced_product_window,Event left the live dataset
2026-09-02,event,removed,Signy & Mino: Against All Gods release window,presence,present,removed,announced_product_window,Event left the live dataset
2026-09-02,event,removed,Sponge Break release window,presence,present,removed,announced_product_window,Event left the live dataset
2026-09-02,event,removed,Turnip Mountain release window,presence,present,removed,announced_product_window,Event left the live dataset
2026-09-02,event,removed,Verho: Curse of Faces release window,presence,present,removed,announced_product_window,Event left the live dataset
2026-09-02,event,removed,Xenoblade Chronicles 2 – Nintendo Switch 2 Edition release window,presence,present,removed,announced_product_window,Event left the live dataset
2026-09-02,event,removed,Batman: Caped Crusader release window,presence,present,removed,announced_product_window,Event left the live dataset
2026-09-02,event,removed,Dragon Hopper release window,presence,present,removed,announced_product_window,Event left the live dataset
2026-09-02,event,removed,Final Fantasy XIV release window,presence,present,removed,announced_product_window,Event left the live dataset
2026-09-02,event,removed,Zero Racers release window,presence,present,removed,announced_product_window,Event left the live dataset
2026-09-02,event,removed,Lost & Found: A This Bed We Made Story release window,presence,present,removed,announced_product_window,Event left the live dataset
2026-09-02,event,removed,Ao Oni release window,presence,present,removed,announced_product_window,Event left the live dataset
2026-09-02,event,removed,Changeable Guardian Estique release window,presence,present,removed,announced_product_window,Event left the live dataset
2026-09-02,event,removed,Cotton Rock with You: Oriental Night Dreams release window,presence,present,removed,announced_product_window,Event left the live dataset
2026-09-02,event,removed,Iron Nest release window,presence,present,removed,announced_product_window,Event left the live dataset
2026-09-02,event,removed,Marvel Tokon: Fighting Souls release window,presence,present,removed,announced_product_window,Event left the live dataset
2026-09-02,event,removed,Obakeidoro 2: Chase & Seek release window,presence,present,removed,announced_product_window,Event left the live dataset
2026-09-02,event,removed,ReStory: Chill Electronics Repairs release window,presence,present,removed,announced_product_window,Event left the live dataset
2026-09-02,event,removed,Tensei Game: Karma x Cross release window,presence,present,removed,announced_product_window,Event left the live dataset
2026-09-02,event,removed,Expeditions: Samurai release window,presence,present,removed,announced_product_window,Event left the live dataset
2026-09-02,event,removed,Suikoden: Star Leap release window,presence,present,removed,announced_product_window,Event left the live dataset
2026-09-02,event,removed,1998: The Toll Keeper Story release window,presence,present,removed,announced_product_window,Event left the live dataset
2026-09-02,event,removed,Dungeon of Dragon Knight Remake release window,presence,present,removed,announced_product_window,Event left the live dataset
2026-09-02,event,removed,Knytt release window,presence,present,removed,announced_product_window,Event left the live dataset
2026-09-02,event,removed,Sacred 2: Fallen Angel Remaster release window,presence,present,removed,announced_product_window,Event left the live dataset
2026-09-02,event,removed,The Elder Scrolls IV: Oblivion Remastered release window,presence,present,removed,announced_product_window,Event left the live dataset
2026-09-02,event,removed,The Lord of the Rings: War in the North release window,presence,present,removed,announced_product_window,Event left the live dataset
2026-09-02,event,removed,Agefield High: Rock the School release window,presence,present,removed,announced_product_window,Event left the live dataset
2026-09-02,event,removed,Finding Polka release window,presence,present,removed,announced_product_window,Event left the live dataset
2026-09-02,event,removed,Arknights release window,presence,present,removed,announced_product_window,Event left the live dataset
2026-09-02,event,removed,BlazBlue Entropy Effect X – Nintendo Switch 2 Edition release window,presence,present,removed,announced_product_window,Event left the live dataset
2026-09-02,event,removed,Dash'n'Drops release window,presence,present,removed,announced_product_window,Event left the live dataset
2026-09-02,event,removed,Defender of the Crown release window,presence,present,removed,announced_product_window,Event left the live dataset
2026-09-02,event,removed,Hell Let Loose: Vietnam release window,presence,present,removed,announced_product_window,Event left the live dataset
2026-09-02,event,removed,IGS release window,presence,present,removed,announced_product_window,Event left the live dataset
2026-09-02,event,removed,Panzer Knights: Commander’s Edition release window,presence,present,removed,announced_product_window,Event left the live dataset
2026-09-02,event,removed,Super Mario Sunshine release window,presence,present,removed,announced_product_window,Event left the live dataset
2026-09-02,event,removed,Mafia: The Old Country — Man of Honor release window,presence,present,removed,announced_product_window,Event left the live dataset
2026-09-02,event,removed,Gobliiins release window,presence,present,removed,announced_product_window,Event left the live dataset
2026-09-02,event,removed,DayZ Cool Edition release window,presence,present,removed,announced_product_window,Event left the live dataset
2026-09-02,event,removed,Dogpile release window,presence,present,removed,announced_product_window,Event left the live dataset
2026-09-02,event,removed,Dungeon Antiqua 2 release window,presence,present,removed,announced_product_window,Event left the live dataset
2026-09-02,event,removed,Mexican Ninja release window,presence,present,removed,announced_product_window,Event left the live dataset
2026-09-02,event,removed,Mortal Shell II release window,presence,present,removed,announced_product_window,Event left the live dataset
2026-09-02,event,removed,Over Requiemz release window,presence,present,removed,announced_product_window,Event left the live dataset
2026-09-02,event,removed,Pipistrello and the Cursed Yoyo release window,presence,present,removed,announced_product_window,Event left the live dataset
2026-09-02,event,removed,S.T.A.L.K.E.R. 2: Cost of Hope release window,presence,present,removed,announced_product_window,Event left the live dataset
2026-09-02,event,removed,Blasterbug: Last Bug Standing! release window,presence,present,removed,announced_product_window,Event left the live dataset
2026-09-02,event,removed,Aliens: Fireteam Elite 2 release window,presence,present,removed,announced_product_window,Event left the live dataset
2026-09-02,event,removed,Apidya' Special release window,presence,present,removed,announced_product_window,Event left the live dataset
2026-09-02,event,removed,Blood Dungeon release window,presence,present,removed,announced_product_window,Event left the live dataset
2026-09-02,event,removed,Once Human release window,presence,present,removed,announced_product_window,Event left the live dataset
2026-09-02,event,removed,Aggelos II release window,presence,present,removed,announced_product_window,Event left the live dataset
2026-09-02,event,removed,Brigandine: Abyss release window,presence,present,removed,announced_product_window,Event left the live dataset
2026-09-02,event,removed,Hakuoki Ibun: Berezinskii no Majo release window,presence,present,removed,announced_product_window,Event left the live dataset
2026-09-02,event,removed,Kalanoro release window,presence,present,removed,announced_product_window,Event left the live dataset
2026-09-02,event,removed,Metal Gear Solid: Master Collection Vol. 2 release window,presence,present,removed,announced_product_window,Event left the live dataset
2026-09-02,event,removed,Mind Diver release window,presence,present,removed,announced_product_window,Event left the live dataset
2026-09-02,event,removed,Model Debut4 release window,presence,present,removed,announced_product_window,Event left the live dataset
2026-09-02,event,removed,Neptunia release window,presence,present,removed,announced_product_window,Event left the live dataset
2026-09-02,event,removed,Platonica Space release window,presence,present,removed,announced_product_window,Event left the live dataset
2026-09-02,event,removed,Resonance: A Plague Tale Legacy release window,presence,present,removed,announced_product_window,Event left the live dataset
2026-09-02,event,removed,Captain Tsubasa release window,presence,present,removed,announced_product_window,Event left the live dataset
2026-09-02,event,removed,Vampire Survivors: Legacy of the Bloodmoon release window,presence,present,removed,announced_product_window,Event left the live dataset
2026-09-02,event,removed,Serious Sam: Shatterverse release window,presence,present,removed,announced_product_window,Event left the live dataset
2026-09-02,event,removed,12–13 release window,presence,present,removed,announced_product_window,Event left the live dataset
2026-09-02,event,removed,Aerial_Knight's MrFreezy release window,presence,present,removed,announced_product_window,Event left the live dataset
2026-09-02,event,removed,Alien Breed release window,presence,present,removed,announced_product_window,Event left the live dataset
2026-09-02,event,removed,Knuckle Jet release window,presence,present,removed,announced_product_window,Event left the live dataset
2026-09-02,event,removed,Path of Mystery release window,presence,present,removed,announced_product_window,Event left the live dataset
2026-09-02,event,removed,Emery Hearts release window,presence,present,removed,announced_product_window,Event left the live dataset
2026-09-02,event,removed,Moonlighter 2: The Endless Vault release window,presence,present,removed,announced_product_window,Event left the live dataset
2026-09-02,event,removed,Donutal release window,presence,present,removed,announced_product_window,Event left the live dataset
2026-09-02,event,removed,SpeedRunners 2: King of Speed release window,presence,present,removed,announced_product_window,Event left the live dataset
2026-09-02,event,removed,Wo Long: Fallen Dynasty release window,presence,present,removed,announced_product_window,Event left the live dataset
2026-09-02,event,removed,Isle of Reveries release window,presence,present,removed,announced_product_window,Event left the live dataset
2026-09-02,event,removed,Onimusha: Way of the Sword release window,presence,present,removed,announced_product_window,Event left the live dataset
2026-09-02,event,removed,Phantom of Inferno release window,presence,present,removed,announced_product_window,Event left the live dataset
2026-09-02,event,removed,Teenage Mutant Ninja Turtles Arcade: Wrath of the Mutants release window,presence,present,removed,announced_product_window,Event left the live dataset
2026-09-02,event,removed,Mythmon: Mythic Monsters release window,presence,present,removed,announced_product_window,Event left the live dataset
2026-09-02,event,removed,Culdcept The First Saturn Tribute release window,presence,present,removed,announced_product_window,Event left the live dataset
2026-09-02,event,removed,Halloween: The Game release window,presence,present,removed,announced_product_window,Event left the live dataset
2026-09-02,event,removed,Honeycomb: The World Beyond release window,presence,present,removed,announced_product_window,Event left the live dataset
2026-09-02,event,removed,Sprawl Zero release window,presence,present,removed,announced_product_window,Event left the live dataset
2026-09-02,event,removed,In Falsus release window,presence,present,removed,announced_product_window,Event left the live dataset
2026-09-02,event,removed,BrokenLore: Don't Lie release window,presence,present,removed,announced_product_window,Event left the live dataset
2026-09-02,event,removed,Dumb Ways to Build release window,presence,present,removed,announced_product_window,Event left the live dataset
2026-09-02,event,removed,Ex Sanguis release window,presence,present,removed,announced_product_window,Event left the live dataset
2026-09-02,event,removed,Gakkou de atta Kowai Hanashi release window,presence,present,removed,announced_product_window,Event left the live dataset
2026-09-02,event,removed,Hazard Pay release window,presence,present,removed,announced_product_window,Event left the live dataset
2026-09-02,event,removed,Hot Wheels release window,presence,present,removed,announced_product_window,Event left the live dataset
2026-09-02,event,removed,Takeover 2 release window,presence,present,removed,announced_product_window,Event left the live dataset
2026-09-02,event,removed,The Alighieri Circle: Dante's Bloodline release window,presence,present,removed,announced_product_window,Event left the live dataset
2026-09-02,event,removed,Touhou Koumakyou: New Classic ~ The Embodiment of Scarlet Devil release window,presence,present,removed,announced_product_window,Event left the live dataset
2026-09-02,event,removed,Tsukikomori release window,presence,present,removed,announced_product_window,Event left the live dataset
2026-09-02,event,removed,Destroy All Humans! 2: Reprobed release window,presence,present,removed,announced_product_window,Event left the live dataset
2026-09-02,event,removed,Fright Train release window,presence,present,removed,announced_product_window,Event left the live dataset
2026-09-02,event,removed,RuneScape release window,presence,present,removed,announced_product_window,Event left the live dataset
2026-09-02,event,removed,Train Sim World release window,presence,present,removed,announced_product_window,Event left the live dataset
2026-09-02,event,removed,Monowave release window,presence,present,removed,announced_product_window,Event left the live dataset
2026-09-02,event,removed,Roman Sands RE:Build release window,presence,present,removed,announced_product_window,Event left the live dataset
2026-09-02,event,removed,Two Point Hospital: Full Health Collection release window,presence,present,removed,announced_product_window,Event left the live dataset
2026-09-02,event,removed,Akiba Lost release window,presence,present,removed,announced_product_window,Event left the live dataset
2026-09-02,event,removed,Concrete Burial release window,presence,present,removed,announced_product_window,Event left the live dataset
2026-09-02,event,removed,Endless Legend II release window,presence,present,removed,announced_product_window,Event left the live dataset
2026-09-02,event,removed,Fire Emblem: Fortune's Weave release window,presence,present,removed,announced_product_window,Event left the live dataset
2026-09-02,event,removed,Flamecraft release window,presence,present,removed,announced_product_window,Event left the live dataset
2026-09-02,event,removed,Granblue Fantasy Versus: Rising release window,presence,present,removed,announced_product_window,Event left the live dataset
2026-09-02,event,removed,Patlabor: The Case Files release window,presence,present,removed,announced_product_window,Event left the live dataset
2026-09-02,event,removed,The Guild 1 Remake: Europa 1410 release window,presence,present,removed,announced_product_window,Event left the live dataset
2026-09-02,event,removed,Tristia: Chronicles release window,presence,present,removed,announced_product_window,Event left the live dataset
2026-09-02,event,removed,Trivia Murder Party 3 release window,presence,present,removed,announced_product_window,Event left the live dataset
2026-09-02,event,removed,The Grinch release window,presence,present,removed,announced_product_window,Event left the live dataset
2026-09-02,event,removed,The Walking Dead: Streets of Survival release window,presence,present,removed,announced_product_window,Event left the live dataset
2026-09-02,event,removed,Dune: Awakening release window,presence,present,removed,announced_product_window,Event left the live dataset
2026-09-02,event,removed,EbiTapes release window,presence,present,removed,announced_product_window,Event left the live dataset
2026-09-02,event,removed,Well Dweller release window,presence,present,removed,announced_product_window,Event left the live dataset
2026-09-02,event,removed,Aniimo release window,presence,present,removed,announced_product_window,Event left the live dataset
2026-09-02,event,removed,Derby Stallion release window,presence,present,removed,announced_product_window,Event left the live dataset
2026-09-02,event,removed,Dragon Quest XI S: Echoes of an Elusive Age release window,presence,present,removed,announced_product_window,Event left the live dataset
2026-09-02,event,removed,Farming Camp release window,presence,present,removed,announced_product_window,Event left the live dataset
2026-09-02,event,removed,Qliphah in Providence's Shadow release window,presence,present,removed,announced_product_window,Event left the live dataset
2026-09-02,event,removed,Shinobi: Art of Vengeance release window,presence,present,removed,announced_product_window,Event left the live dataset
2026-09-02,event,removed,SiN: Reloaded release window,presence,present,removed,announced_product_window,Event left the live dataset
2026-09-02,event,removed,Silent Hill: Townfall release window,presence,present,removed,announced_product_window,Event left the live dataset
2026-09-02,event,removed,Gothic II Complete Classic release window,presence,present,removed,announced_product_window,Event left the live dataset
2026-09-02,event,removed,The Witcher 3: Wild Hunt – Remastered release window,presence,present,removed,announced_product_window,Event left the live dataset
2026-09-02,event,removed,Transport Fever 3 release window,presence,present,removed,announced_product_window,Event left the live dataset
2026-09-02,event,removed,Songs of Glimmerwick release window,presence,present,removed,announced_product_window,Event left the live dataset
2026-09-02,event,removed,Augment Protocol release window,presence,present,removed,announced_product_window,Event left the live dataset
2026-09-02,event,removed,Colorbound release window,presence,present,removed,announced_product_window,Event left the live dataset
2026-09-02,event,removed,Don't Fret release window,presence,present,removed,announced_product_window,Event left the live dataset
2026-09-02,event,removed,Dynasty Warriors 3: Complete Edition Remastered release window,presence,present,removed,announced_product_window,Event left the live dataset
2026-09-02,event,removed,Hubert release window,presence,present,removed,announced_product_window,Event left the live dataset
2026-09-02,event,removed,MXGP release window,presence,present,removed,announced_product_window,Event left the live dataset
2026-09-02,event,removed,Muchi Muchi Pork! release window,presence,present,removed,announced_product_window,Event left the live dataset
2026-09-02,event,removed,RetroSpace release window,presence,present,removed,announced_product_window,Event left the live dataset
2026-09-02,event,removed,We Were Here Tomorrow release window,presence,present,removed,announced_product_window,Event left the live dataset
2026-09-02,event,removed,Ace Combat 8: Wings of Theve release window,presence,present,removed,announced_product_window,Event left the live dataset
2026-09-02,event,removed,Magical Craft: My Enchanted Dress Shop release window,presence,present,removed,announced_product_window,Event left the live dataset
2026-09-02,event,removed,Aion release window,presence,present,removed,announced_product_window,Event left the live dataset
2026-09-02,event,removed,Disney Epic Mickey: Rebrushed release window,presence,present,removed,announced_product_window,Event left the live dataset
2026-09-02,event,removed,Gears of War: E-Day release window,presence,present,removed,announced_product_window,Event left the live dataset
2026-09-02,event,removed,Star Wars: Galactic Racer release window,presence,present,removed,announced_product_window,Event left the live dataset
2026-09-02,event,removed,Boku to Tsuri Nikki release window,presence,present,removed,announced_product_window,Event left the live dataset
2026-09-02,event,removed,Clive Barker's Hellraiser: Revival release window,presence,present,removed,announced_product_window,Event left the live dataset
2026-09-02,event,removed,Kingdom Hearts Collection [I ~ III release window,presence,present,removed,announced_product_window,Event left the live dataset
2026-09-02,event,removed,Order of the Sinking Star release window,presence,present,removed,announced_product_window,Event left the live dataset
2026-09-02,event,removed,Sesame Street release window,presence,present,removed,announced_product_window,Event left the live dataset
2026-09-02,event,removed,Deep Dish Dungeon release window,presence,present,removed,announced_product_window,Event left the live dataset
2026-09-02,event,removed,SpongeBob SquarePants: Titans of the Tide release window,presence,present,removed,announced_product_window,Event left the live dataset
2026-09-02,event,removed,"Warhammer 40,000: Boltgun 2 release window",presence,present,removed,announced_product_window,Event left the live dataset
2026-09-02,event,removed,Castlevania: Belmont's Curse release window,presence,present,removed,announced_product_window,Event left the live dataset
2026-09-02,event,removed,Harvest Moon: Echoes of Teradea release window,presence,present,removed,announced_product_window,Event left the live dataset
2026-09-02,event,removed,The Jackbox Party Pack 12 release window,presence,present,removed,announced_product_window,Event left the live dataset
2026-09-02,event,removed,Tormented Souls II release window,presence,present,removed,announced_product_window,Event left the live dataset
2026-09-02,event,removed,Toy Story 3: Complete Edition release window,presence,present,removed,announced_product_window,Event left the live dataset
2026-09-02,event,removed,Toy Story: Retro Roundup! release window,presence,present,removed,announced_product_window,Event left the live dataset
2026-09-02,event,removed,Blue Ridge Hunting release window,presence,present,removed,announced_product_window,Event left the live dataset
2026-09-02,event,removed,Star Trek: Outposts Unknown release window,presence,present,removed,announced_product_window,Event left the live dataset
2026-09-02,event,removed,Azure Striker Gunvolt Trilogy Enhanced – Nintendo Switch 2 Edition release window,presence,present,removed,announced_product_window,Event left the live dataset
2026-09-02,event,removed,Demons' Night Fever release window,presence,present,removed,announced_product_window,Event left the live dataset
2026-09-02,event,removed,Nintendo Switch Sports Resort release window,presence,present,removed,announced_product_window,Event left the live dataset
2026-09-02,event,removed,Red Chat Ritual: TSUMIMI TIME release window,presence,present,removed,announced_product_window,Event left the live dataset
2026-09-02,event,removed,Call of Duty: Modern Warfare 4 release window,presence,present,removed,announced_product_window,Event left the live dataset
2026-09-02,event,removed,One Piece: Grand Gourmet release window,presence,present,removed,announced_product_window,Event left the live dataset
2026-09-02,event,removed,9 R.I.P. sequel release window,presence,present,removed,announced_product_window,Event left the live dataset
2026-09-02,event,removed,Minecraft: Bedrock Edition release window,presence,present,removed,announced_product_window,Event left the live dataset
2026-09-02,event,removed,Remothered release window,presence,present,removed,announced_product_window,Event left the live dataset
2026-09-02,event,removed,The Séance of Blake Manor release window,presence,present,removed,announced_product_window,Event left the live dataset
2026-09-02,event,removed,Black Lily’s Tale release window,presence,present,removed,announced_product_window,Event left the live dataset
2026-09-02,event,removed,Danchi Days release window,presence,present,removed,announced_product_window,Event left the live dataset
2026-09-02,event,removed,Demon Slayer: Kimetsu no Yaiba – The Hinokami Chronicles 2 – Nintendo Switch 2 Edition release window,presence,present,removed,announced_product_window,Event left the live dataset
2026-09-02,event,removed,Hello Kitty Party Land release window,presence,present,removed,announced_product_window,Event left the live dataset
2026-09-02,event,removed,Joe & Mac release window,presence,present,removed,announced_product_window,Event left the live dataset
2026-09-02,event,removed,The Wolf Among Us Remastered release window,presence,present,removed,announced_product_window,Event left the live dataset
2026-09-02,event,removed,The Cat in the Hat release window,presence,present,removed,announced_product_window,Event left the live dataset
2026-09-02,event,removed,Gravhounds release window,presence,present,removed,announced_product_window,Event left the live dataset
2026-09-02,event,removed,Godzilla: Destroy All Monsters Melee Remastered release window,presence,present,removed,announced_product_window,Event left the live dataset
2026-09-02,event,removed,Wilderdark release window,presence,present,removed,announced_product_window,Event left the live dataset
2026-09-02,event,removed,Crymelight release window,presence,present,removed,announced_product_window,Event left the live dataset
2026-09-02,event,removed,K-POP Rising: Dream to Shine release window,presence,present,removed,announced_product_window,Event left the live dataset
2026-09-02,event,removed,Wielders of the Essence release window,presence,present,removed,announced_product_window,Event left the live dataset
2026-09-02,event,removed,Hasbro release window,presence,present,removed,announced_product_window,Event left the live dataset
2026-09-02,event,removed,Barbie Rewind release window,presence,present,removed,announced_product_window,Event left the live dataset
2026-09-02,event,removed,Moomin release window,presence,present,removed,announced_product_window,Event left the live dataset
2026-09-02,event,removed,Prinny release window,presence,present,removed,announced_product_window,Event left the live dataset
2026-09-02,event,removed,The Binding of Isaac: Repentance+ release window,presence,present,removed,announced_product_window,Event left the live dataset
2026-09-02,event,removed,Volvy’s Adventure: Reslimed release window,presence,present,removed,announced_product_window,Event left the live dataset
2026-09-02,event,removed,Gothic 3 Classic release window,presence,present,removed,announced_product_window,Event left the live dataset
2026-09-02,event,removed,Expelled from Paradise release window,presence,present,removed,announced_product_window,Event left the live dataset
2026-09-02,event,removed,Kimiiro Patra IF release window,presence,present,removed,announced_product_window,Event left the live dataset
2026-09-02,event,removed,10 release window,presence,present,removed,announced_product_window,Event left the live dataset
2026-09-02,event,removed,Dumpster Gang release window,presence,present,removed,announced_product_window,Event left the live dataset
2026-09-02,event,removed,Dragon Quest Monsters: The Withered World release window,presence,present,removed,announced_product_window,Event left the live dataset
2026-09-02,event,removed,SOMBRAS: negative frames release window,presence,present,removed,announced_product_window,Event left the live dataset
2026-09-02,event,removed,"Warhammer 40,000: Dawn of War IV release window",presence,present,removed,announced_product_window,Event left the live dataset
2026-09-02,event,removed,Xenoblade Chronicles 3 – Nintendo Switch 2 Edition release window,presence,present,removed,announced_product_window,Event left the live dataset
2026-09-02,event,removed,Feda: The Emblem of Justice release window,presence,present,removed,announced_product_window,Event left the live dataset
2026-09-02,event,removed,Ninja Baseball League-Man: Bases Loaded release window,presence,present,removed,announced_product_window,Event left the live dataset
2026-09-02,event,removed,Stage Tour release window,presence,present,removed,announced_product_window,Event left the live dataset
2026-09-02,event,removed,Uta no Prince-sama release window,presence,present,removed,announced_product_window,Event left the live dataset
2026-09-02,event,removed,Karous release window,presence,present,removed,announced_product_window,Event left the live dataset
2026-09-02,event,removed,Crunchyroll release window,presence,present,removed,announced_product_window,Event left the live dataset
2026-09-02,event,removed,Stop-motion animated series release window,presence,present,removed,announced_product_window,Event left the live dataset
2026-09-02,event,removed,Armatus release window,presence,present,removed,announced_product_window,Event left the live dataset
2026-09-02,event,removed,13Z: The Zodiac Trials release window,presence,present,removed,announced_product_window,Event left the live dataset
2026-09-02,event,removed,Ananta release window,presence,present,removed,announced_product_window,Event left the live dataset
2026-09-02,event,removed,TankRat release window,presence,present,removed,announced_product_window,Event left the live dataset
2026-09-02,event,removed,Metro 2039 release window,presence,present,removed,announced_product_window,Event left the live dataset
2026-09-02,event,removed,Sagas of Lumin release window,presence,present,removed,announced_product_window,Event left the live dataset
2026-09-02,event,removed,Tomb Raider: Legacy of Atlantis release window,presence,present,removed,announced_product_window,Event left the live dataset
2026-09-02,event,removed,God of War Laufey release window,presence,present,removed,announced_product_window,Event left the live dataset
2026-09-02,event,removed,Into the Dead: Our Darkest Days release window,presence,present,removed,announced_product_window,Event left the live dataset
2026-09-02,event,removed,Road Kings release window,presence,present,removed,announced_product_window,Event left the live dataset
2026-09-02,event,removed,Ninja JaJaMaru release window,presence,present,removed,announced_product_window,Event left the live dataset
2026-09-02,event,removed,Exodus release window,presence,present,removed,announced_product_window,Event left the live dataset
2026-09-02,event,removed,Pony Island 2: Panda Circus release window,presence,present,removed,announced_product_window,Event left the live dataset
2026-09-02,event,removed,Adult animated film release window,presence,present,removed,announced_product_window,Event left the live dataset
2026-09-02,event,removed,Animated television series release window,presence,present,removed,announced_product_window,Event left the live dataset
2026-09-02,event,removed,Anime television series release window,presence,present,removed,announced_product_window,Event left the live dataset
2026-09-02,event,removed,DROID release window,presence,present,removed,announced_product_window,Event left the live dataset
2026-09-02,event,removed,Disney+ release window,presence,present,removed,announced_product_window,Event left the live dataset
2026-09-02,event,removed,Live-action television series release window,presence,present,removed,announced_product_window,Event left the live dataset
2026-09-02,event,removed,Moshi Monsters release window,presence,present,removed,announced_product_window,Event left the live dataset
2026-09-02,event,removed,NS release window,presence,present,removed,announced_product_window,Event left the live dataset
2026-09-02,event,removed,"NS, NS2, PS5 release window",presence,present,removed,announced_product_window,Event left the live dataset
2026-09-02,event,removed,"NS, NS2, PS5, XBX/S release window",presence,present,removed,announced_product_window,Event left the live dataset
2026-09-02,event,removed,"NS, PS4 release window",presence,present,removed,announced_product_window,Event left the live dataset
2026-09-02,event,removed,"NS, PS4, PS5, XBO, XBX/S release window",presence,present,removed,announced_product_window,Event left the live dataset
2026-09-02,event,removed,"NS, PS5 release window",presence,present,removed,announced_product_window,Event left the live dataset
2026-09-02,event,removed,"NS, PS5, XBX/S release window",presence,present,removed,announced_product_window,Event left the live dataset
2026-09-02,event,removed,NS2 release window,presence,present,removed,announced_product_window,Event left the live dataset
2026-09-02,event,removed,"NS2, XBX/S release window",presence,present,removed,announced_product_window,Event left the live dataset
2026-09-02,event,removed,Netflix release window,presence,present,removed,announced_product_window,Event left the live dataset
2026-09-02,event,removed,PS4 release window,presence,present,removed,announced_product_window,Event left the live dataset
2026-09-02,event,removed,"PS4, PS5 release window",presence,present,removed,announced_product_window,Event left the live dataset
2026-09-02,event,removed,PS5 release window,presence,present,removed,announced_product_window,Event left the live dataset
2026-09-02,event,removed,"PS5, XBX/S release window",presence,present,removed,announced_product_window,Event left the live dataset
2026-09-02,event,removed,WIN release window,presence,present,removed,announced_product_window,Event left the live dataset
2026-09-02,event,removed,"WIN, LIN release window",presence,present,removed,announced_product_window,Event left the live dataset
2026-09-02,event,removed,"WIN, LIN, NS, NS2 release window",presence,present,removed,announced_product_window,Event left the live dataset
2026-09-02,event,removed,"WIN, LIN, XBX/S release window",presence,present,removed,announced_product_window,Event left the live dataset
2026-09-02,event,removed,"WIN, MOBI release window",presence,present,removed,announced_product_window,Event left the live dataset
2026-09-02,event,removed,"WIN, NS release window",presence,present,removed,announced_product_window,Event left the live dataset
2026-09-02,event,removed,"WIN, NS, NS2, PS4, PS5, XBX/S release window",presence,present,removed,announced_product_window,Event left the live dataset
2026-09-02,event,removed,"WIN, NS, NS2, PS4, PS5, XBX/S, iOS, DROID release window",presence,present,removed,announced_product_window,Event left the live dataset
2026-09-02,event,removed,"WIN, NS, NS2, PS5 release window",presence,present,removed,announced_product_window,Event left the live dataset
2026-09-02,event,removed,"WIN, NS, NS2, PS5, XBX/S release window",presence,present,removed,announced_product_window,Event left the live dataset
2026-09-02,event,removed,"WIN, NS, PS4, PS5 release window",presence,present,removed,announced_product_window,Event left the live dataset
2026-09-02,event,removed,"WIN, NS, PS4, PS5, XBO, XBX/S release window",presence,present,removed,announced_product_window,Event left the live dataset
2026-09-02,event,removed,"WIN, NS, PS4, PS5, XBX/S release window",presence,present,removed,announced_product_window,Event left the live dataset
2026-09-02,event,removed,"WIN, NS, PS5 release window",presence,present,removed,announced_product_window,Event left the live dataset
2026-09-02,event,removed,"WIN, NS, PS5, XBX/S release window",presence,present,removed,announced_product_window,Event left the live dataset
2026-09-02,event,removed,"WIN, NS, PS5, XBX/S, iOS, DROID release window",presence,present,removed,announced_product_window,Event left the live dataset
2026-09-02,event,removed,"WIN, NS2 release window",presence,present,removed,announced_product_window,Event left the live dataset
2026-09-02,event,removed,"WIN, NS2, PS5 release window",presence,present,removed,announced_product_window,Event left the live dataset
2026-09-02,event,removed,"WIN, NS2, PS5, XBX/S release window",presence,present,removed,announced_product_window,Event left the live dataset
2026-09-02,event,removed,"WIN, OSX release window",presence,present,removed,announced_product_window,Event left the live dataset
2026-09-02,event,removed,"WIN, OSX, LIN release window",presence,present,removed,announced_product_window,Event left the live dataset
2026-09-02,event,removed,"WIN, OSX, LIN, NS release window",presence,present,removed,announced_product_window,Event left the live dataset
2026-09-02,event,removed,"WIN, OSX, LIN, NS, PS4, PS5, XBO, XBX/S release window",presence,present,removed,announced_product_window,Event left the live dataset
2026-09-02,event,removed,"WIN, OSX, LIN, NS, PS5, XBX/S release window",presence,present,removed,announced_product_window,Event left the live dataset
2026-09-02,event,removed,"WIN, OSX, LIN, NS2, PS5, XBX/S release window",presence,present,removed,announced_product_window,Event left the live dataset
2026-09-02,event,removed,"WIN, OSX, LIN, PS5, XBX/S release window",presence,present,removed,announced_product_window,Event left the live dataset
2026-09-02,event,removed,"WIN, OSX, LIN, iOS, DROID, consoles release window",presence,present,removed,announced_product_window,Event left the live dataset
2026-09-02,event,removed,"WIN, OSX, NS, NS2 release window",presence,present,removed,announced_product_window,Event left the live dataset
2026-09-02,event,removed,"WIN, OSX, NS, NS2, PS4, PS5 release window",presence,present,removed,announced_product_window,Event left the live dataset
2026-09-02,event,removed,"WIN, OSX, NS, PS5, XBX/S release window",presence,present,removed,announced_product_window,Event left the live dataset
2026-09-02,event,removed,"WIN, OSX, NS2, PS5 release window",presence,present,removed,announced_product_window,Event left the live dataset
2026-09-02,event,removed,"WIN, PS4, PS5 release window",presence,present,removed,announced_product_window,Event left the live dataset
2026-09-02,event,removed,"WIN, PS5 release window",presence,present,removed,announced_product_window,Event left the live dataset
2026-09-02,event,removed,"WIN, PS5, PSVR, Quest release window",presence,present,removed,announced_product_window,Event left the live dataset
2026-09-02,event,removed,"WIN, PS5, XBX/S release window",presence,present,removed,announced_product_window,Event left the live dataset
2026-09-02,event,removed,"WIN, PS5, XBX/S, iOS, DROID release window",presence,present,removed,announced_product_window,Event left the live dataset
2026-09-02,event,removed,"WIN, PS5, iOS, DROID release window",presence,present,removed,announced_product_window,Event left the live dataset
2026-09-02,event,removed,"WIN, SMS release window",presence,present,removed,announced_product_window,Event left the live dataset
2026-09-02,event,removed,"WIN, XBO, XBX/S release window",presence,present,removed,announced_product_window,Event left the live dataset
2026-09-02,event,removed,"WIN, XBX/S release window",presence,present,removed,announced_product_window,Event left the live dataset
2026-09-02,event,removed,"WIN, consoles release window",presence,present,removed,announced_product_window,Event left the live dataset
2026-09-02,event,removed,"WIN, iOS release window",presence,present,removed,announced_product_window,Event left the live dataset
2026-09-02,event,removed,"WIN, iOS, DROID release window",presence,present,removed,announced_product_window,Event left the live dataset
2026-09-02,event,removed,Wolfenstein release window,presence,present,removed,announced_product_window,Event left the live dataset
2026-09-02,event,removed,"iOS, DROID release window",presence,present,removed,announced_product_window,Event left the live dataset
